record_id,source_type,case_number,case_year,decision_date,decision_year,decision_month,court,court_seat,formation,chamber_number,president,chamber_presidents,counselors,n_counselors,bench_size,prosecutor,clerk,origin_court,origin_city,subject_matter,outcome,title,headnote,citation,source_report,first_page,last_page,n_pages,n_chars,extraction_method,ocr_agreement,source_url,sha256,pdf_path,txt_path,full_text_id,duplicate_of,flags
2019-196,digest,78151,,2009-10-23,2009,10,محكمة التعقيب,تونس,دائرة,9,عبد المجيد بوريقة,,منذر الهذيلي؛توفيق السويدي,2,3,رياض الغربي,منيرة المانعي,,,جزائي,,,5ـ1ـ12ـ الأمر الطارئ الذي ينفي الركن القصدي للجريمة,قرار تعقيبي عدد78151 بتاريخ 23 أكتوبر 2009 صادر الدائرة التاسعة برئاسة السيد عبد المجيد بوريقة وعضوية المستشارين السيدين منذر الهذيلي وتوفيق السويدي بمحضر المدعي العام السيد رياض الغربي وبمساعدة كاتبة الجلسة السيدة منيرة المانعي.,2019,501,502,,1722,,,,,,digests/txt/2019-196.txt,,,
002,full_text,2002,2016,2016-03-10,2016,03,محكمة التعقيب,تونس,دائرة,13,نائلة مظفر,,اسيا العياري؛رفيقة النابلي,2,3,سميرة الحويوي,جميلة مسعود,محكمة الاستئناف بتونس,تونس,احوال شخصية,نقض؛إحالة؛قبول,الخروج إن لم يدفع الكراء التجاري . استعجالي,,,,,,6,6713,ocr,0.073,http://www.cassation.tn/fileadmin/user_upload/002.pdf,fa533770c3bf0549f1cfdcdb050f9a529c530750742546909f7a6af05ff63be5,decisions/pdf/002.pdf,decisions/txt/002.txt,,,case_number_mismatch:file=002
2017-038,digest,35320,,2017-01-04,2017,01,محكمة التعقيب,تونس,دائرة,24,جليلة نصر الله,,منيرة البرقا؛ثريا بن غنية,2,3,خالد عباس,عايدة البرقاوي,,,مدني,,,3-2 -5- نبن ا اء الحكم الذي اتصل به القضاء على غلط حسي,قرار تعقيبي مدني عدد 35320 صدر بتاريخ 04 جانفي 2017 عن الدائرة المدنية الرابعة والعشرون برئاسة السيدة جليلة نصر الله وعضوية المستشارين السيدتين منيرة البرقا وي وثريا بن غنية بحضور المدعي العام السيد خالد عباس وبمساعدة كاتبة الجلسة السيدة عايدة البرقاوي .,2017,180,181,,2468,,,,,,digests/txt/2017-038.txt,,,
2017-078,digest,34452,,2017-01-04,2017,01,محكمة التعقيب,تونس,دائرة,3,شادية الصافي,,اسيا العياري؛مفيدة الطلحاوي,2,3,الطاهر العبيدي,الحبيب التلمودي,,,مدني,,,6-1 -6- التعويض عن سرقة سيارة موضوع عقد إيجار مالي,قرار تعقيبي مدني عدد 34452 صدر بتاريخ 04 جانفي2017 عن الدائرة المدنية الثالثة برئاسة السيدة شادية الصافي وعضوية المستشارتين السيدة آسيا العياري والسيدة مفيدة الطلحاوي بمحضر المدعي العام السيد الطاهر العبيدي ومساعدة كاتب الجلسة السيد الحبيب التلمودي .,2017,241,242,,2563,,,,,,digests/txt/2017-078.txt,,,
2017-086,digest,34763,,2017-01-05,2017,01,محكمة التعقيب,تونس,دائرة,4,شادية الصافي,,نجوى الغربي؛لبنى الرقيق,2,3,لطيفة البدوي,زينب السبوعي,,,مدني,,,,قرار تعقيبي مدني عدد 34763 صدر بتاريخ 05 جانفي 2017 عن الدائرة المدنية الرابعة برئاسة السيدة شادية الصافي وعضوية المستشارتين السيدتين نجوى الغربي ولبنى الرقيق وبمحضر المدعي العام السيدة لطيفة البدوي وبمساعدة كاتبة الجلسة السيدة زينب السبوعي .,2017,252,252,,1011,,,,,,digests/txt/2017-086.txt,,,
2017-056,digest,34762,,2017-01-10,2017,01,محكمة التعقيب,تونس,دائرة,,خديجة فرحاتي,,احمد الغالي؛فاتن خير الله,2,3,الطاهر العبيدي,منيرة المانعي,محكمة الاستئناف بتونس,تونس,مدني,,,4-7- إتمام بيع- أراضي الدولة - انتقال الرهن العقاري,قرار تعقيبي مدني عدد34762 صدر بتاريخ 10 / 01 / 2017 عن الدائرة 28 برئاسة السيدة خديجة فرحاتي وعضوية المستشارين السيدين احمد الغالي وفاتن خير الله وبحضور ممثل الادعاء العام السيد الطاهر العبيدي وبمساعدة كاتبة الجلسة السيدة منيرة المانعي .,2017,209,210,,2593,,,,,,digests/txt/2017-056.txt,,,
2017-093,digest,35044,,2017-01-12,2017,01,محكمة التعقيب,تونس,دائرة,4,المنصف الكشو,,نجلاء المصمودي؛نجوى الغربي,2,3,لطفي البدوي,امال بن نصر,,,مدني,,,7-4- الطعن في الحكم التفسيري,قرار تعقيبي مدني عدد 35044 صدر بتاريخ 12 جانفي 2017 عن الدائرة المدنية الرابعة برئاسة السيد المنصف الكشو وعضوية المستشارتين السيدتين نجلاء المصمودي ونجوى الغربي بمحضر المدعي العام السيد لطفي البدوي وبمساعدة كاتبة الجلسة السيدة آمال بن نصر .,2017,260,261,,1737,,,,,,digests/txt/2017-093.txt,,,
2017-037,digest,33428,,2017-01-17,2017,01,محكمة التعقيب,تونس,دائرة,32,نورة حمدي,,مريم البكوش؛سهام ا لشاهد,2,3,هاجر المحرزي,عائدة البرقاوي,,,جزائي,,,3-2 -4-الحكم الجزائي وشروط حجية ما اتصل به القضاء,قرار تعقيبي مدني عدد 33428 صدر بتاريخ 17 جانفي 2017 عن الدائرة المدنية الثانية والثلاثين برئاسة السيدة نورة حمدي وعضوية المستشارتين السيدتين مريم البكوش وسهام ا لشاهد وبحضور المدعي العام السيدة هاجر المحرزي وبمساعدة كاتبة الجلسة السيدة عائدة البرقاوي .,2017,178,180,,2582,,,,,,digests/txt/2017-037.txt,,,
2017-076,digest,35121,,2017-01-17,2017,01,محكمة التعقيب,تونس,دائرة,28,خديجة فرحاتي,,احمد الغالي؛فاتن خير الله,2,3,الطاهر العبيدي,منيرة المانعي,,,مدني,,,,قرار تعقيبي مدني عدد 35121 صدر بتاريخ 17 جانفي 2017 عن الدائرة الثامنة والعشرين برئاسة السيدة خديجة فرحاتي وعضوية المستشارين السيد أحمد الغالي والسيدة فاتن خير الله بمحضر المدعي العام السيد الطاهر العبيدي ومساعدة كاتبة الجلسة السيدة منيرة المانعي .,2017,239,240,,1396,,,,,,digests/txt/2017-076.txt,,,
2017-054,digest,34820,,2017-01-19,2017,01,محكمة التعقيب,تونس,دائرة,4,المنصف الكشو,,نجلاء المصمودي؛نجوى الغربي,2,3,لطفي البدوي,امال بن النصر,,,مدني,,,4-5- علاقة مثال التهيئة العمرانية بحق الملكية,قرار تعقيبي مدني عدد 34820 صدر بتاريخ 19 جانفي 2017 عن الدائرة المدنية الرابعةبرئاسة السيد المنصف الكشو وعضوية المستشارتين السيدتين نجلاء المصمودي ونجوى الغربي وبمحضر المدعي العام السيد لطفي البدوي وبمساعدة كاتبة الجلسة السيدة آمال بن النصر .,2017,205,206,,1917,,,,,,digests/txt/2017-054.txt,,,
2017-127,digest,52224/52226,,2017-01-20,2017,01,محكمة التعقيب,تونس,دائرة,29,الحبيب سعادة,,شكري كمون؛عبد السلام دمق,2,3,نبيل غرس الله,,,,جزائي,,,11 -3 -3- تنازع القوانين الجزائية في الزمان,قرار تعقيبي جزائي عدد52224 / 52226 بتاريخ 20 / 01 / 2017 صدر عن الدائرة التاسعة والعشرون برئاسة السيد الحبيب سعادة وعضوية المستشارين السيدين شكري كمون وعبد السلام دمق بحضور المدعي العام السيد نبيل غرس الله ومساعدة الكاتب السيد جلال العنتير .,2017,310,311,,2490,,,,,,digests/txt/2017-127.txt,,,
2017-104,digest,35706,,2017-01-25,2017,01,محكمة التعقيب,تونس,دائرة,7,ماجدة بن جعفر,,هالة البجار؛ايمان الشرفي,2,3,محرز الزواوي,,,,مدني,,,7- 12 - صفة الوكيل العقاري على أملاك الأجانب,قرار تعقيبي مدني عدد 35706 صدر بتاريخ عن الدائرة السابعة 25 جانفي 2017 برئاسة السيدة ماجدة بن جعفر وعضوية المستشارتين السيدتين هالة البجار وإيمان الشرفي وبحضور المدعي العام السيد محرز الزواوي وبمساعدة كاتبة المحكمة السيدة سنية عبداوي .,2017,270,271,,1145,,,,,,digests/txt/2017-104.txt,,,
2017-053,digest,52107,,2017-02-02,2017,02,محكمة التعقيب,تونس,دائرة,4,منصف الكشو,,نجلاء المصمودي؛لبنى الرقيق,2,3,,امال بن نصر,,,عقاري,,,4-4- التاريخ المرجعي لتقدير قيمة احداثات الحائز عن حسن نية,قرار تعقيبي مدني صدر عدد 52107 بتاريخ 2/2/ 2017 عن الدائرة الرابعة برئاسة السيد منصف الكشو وعضوية المستشارتين السيدين نجلاء المصمودي ولبنى الرقيق وحضور ممثل الادعاء السيد لطفي البدوي ومساعدة كاتبة الجلسة السيدة آمال بن نصر .,2017,201,205,,8201,,,,,,digests/txt/2017-053.txt,,,
2017-117,digest,41046/2016,,2017-02-10,2017,02,محكمة التعقيب,تونس,دائرة,29,الحبيب سعادة,,شكري كمون؛عبد السلام دمق,2,3,نبيل غرس الله,,,,جزائي,,,11 -1 -2 - التجنيح,قرار تعقيبي جزائي عدد 41046 / 2016 بتاريخ 10 / 02 / 2017 صدر عن الدائرة التاسعة والعشرون برئاسة السيد الحبيب سعادة وعضوية المستشارين السيدين شكري كمون وعبد السلام دمق بحضور المدعي العام السيد نبيل غرس الله ومساعدة الكاتب السيد جلال العنتير .,2017,287,288,,1950,,,,,,digests/txt/2017-117.txt,,,
2017-021,digest,36363,,2017-02-14,2017,02,محكمة التعقيب,تونس,دائرة,32,شادية الصافي,,مريم البكوش؛سهام الشاهد,2,3,هاجر المحرزي,حنيفة السع يدي,,,شغل,,,2- اجتماعي 2-1- إثبات الإيقاف عن العمل,قرار تعقيبي شغلي عدد 36363صدر بتاريخ 14 فيفري 2017 عن الدائرة المدنية الثانية والثلاثين برئاسة السيدة شادية الصافي وعضوية المستشارتين السيدتين مريم البكوش وسهام الشاهد وبحضور المدعي العام السيدة هاجر المحرزي وبمساعدة كاتبة الجلسة السيدة حنيفة السع يدي .,2017,164,165,,919,,,,,,digests/txt/2017-021.txt,,,
2017-090,digest,36943,,2017-02-16,2017,02,محكمة التعقيب,تونس,دائرة,4,منصف الكشو,,نجلاء المصمودي؛لبنى الرقيق,2,3,لطفي البدوي,زينب السبوعي,,,تجاري,,,7-2 -2-اختصاص الدائرة التجارية 7-2-2-1-معايير اختصاص الدائرة التجارية,قرار تعقيبي مدني عدد 36943 صدر بتاريخ 16 فيفري 2017 عن الدائرة المدنية الرابعة برئاسة السيد منصف الكشو وعضوية المستشارتين السيدتين نجلاء المصمودي ولبنى الرقيق بمحضر المدعي العام السيد لطفي البدوي وبمساعدة كاتبة الجلسة السيدة زينب السبوعي .,2017,256,258,,2618,,,,,,digests/txt/2017-090.txt,,,
2017-075,digest,37076,,2017-02-22,2017,02,محكمة التعقيب,تونس,دائرة,3,شادية الصافي,,اسيا العياري؛مفيدة الطلحاوي,2,3,جمال الرويسي,امال بن نصر,,,مدني,,,6-1 -4- الضرر المهني وعدم اشتراط العمل,قرار تعقيبي مدني عدد 37076 صدر بتاريخ 22 / 02 / 2017 عن الدائرة المدنية الثالثة برئاسة السيدة شادية الصافي وعضوية المستشارتين السيدتين آسيا العياري ومفيدة الطلحاوي وبحضور ممثل الادعاء العام السيد جمال الرويسي وبمساعدة كاتبة الجلسة السيدة آمال بن نصر .,2017,239,239,,1116,,,,,,digests/txt/2017-075.txt,,,
2017-140,digest,37173,,2017-02-24,2017,02,محكمة التعقيب,تونس,دائرة,,الحبيب سعادة,,عبد السلام دمق؛شكري كمون,2,3,نبيل غرس الله,جلال الدين العنتير,,,جزائي,,,11 -3 - 14 -2- تضمين تاريخ انعقاد الجلسة الإعتراضية بالاستدعاء,قرار تعقيبي جزائي عدد 37173 صدر بتاريخ 24 فيفري 2017 عن الدائرة الجزائية 29 برئاسة السيد الحبيب سعادة وعضوية المستشارين السيدين عبد السلام دمق وشكري كمون بحضور المدعي العام السيد نبيل غرس الله وبمساعدة كاتب الجلسة السيد جلال الدين العنتير .,2017,329,330,,1671,,,,,,digests/txt/2017-140.txt,,,
2017-030,digest,34948,,2017-02-28,2017,02,محكمة التعقيب,تونس,دائرة,32,شادية الحاج ابراهيم,,مريم البكوش؛سهام الشاهد,2,3,هاجر المحرزي,حنيفة السعيدي,,,شغل,,,2-8- عبء إثبات واقعة الطرد,قرار تعقيبي شغلي عدد34948 صدر بتاريخ 28 فيفري 2017 عن الدائرة المدنية الثانية والثلاثين برئاسة السيدة شادية الحاج إبراهيم وعضوية المستشارتين السيدتين مريم البكوش وسهام الشاهد وبحضور المدعي العام السيدة هاجر المحرزي وبمساعدة كاتبة الجلسة السيدة حنيفة السعيدي .,2017,172,173,,1685,,,,,,digests/txt/2017-030.txt,,,
2017-079,digest,34360,,2017-02-28,2017,02,محكمة التعقيب,تونس,دائرة,32,شادية الحاج ابراهيم,,مريم البكوش؛سهام الشاهد,2,3,هاجر المحرزي,حنيفة سعيدي,,,مدني,,,6-1 -7- التأمين الاختياري والتأمين الالزامي,قرار تعقيبي مدني عدد 34360 صدر بتاريخ 28 فيفري 2017 عن الدائرة المدنية الثانية والثلاثين برئاسة السيدة شادية الحاج ابراهيم وعضوية المستشارتين السيدتين مريم البكوش وسهام الشاهد وبحضور المدعي العام السيدة هاجر المحرزي وبمساعدة كاتبة الجلسة السيدة حنيفة سعيدي .,2017,242,243,,1678,,,,,,digests/txt/2017-079.txt,,,
2017-068,digest,38306,,2017-03-01,2017,03,محكمة التعقيب,تونس,دائرة,7,ماجدة بن جعفر,,,0,1,محرز الزواوي,,,,تجاري,,,5- 10 - القفل الضمني للحساب الجاري,قرار تعقيبي تجاري عددـ38306 صدر عن الدائرة السابعة بتاريخ 1 مارس 2017 برئاسة السيدة ماجدة بن جعفر وعضوية المس تشارتين السيدة عفاف عالشيخ والسيدة إيمان الشرفي وبحضور المدعي العام السيد محرز الزواوي وبمساعدة كاتبة المحكمة السيدة سنية عبداوي .,2017,227,229,,4738,,,,,,digests/txt/2017-068.txt,,,
2017-001,digest,350,2015,2017-03-02,2017,03,محكمة التعقيب,تونس,الدوائر المجتمعة,,,,,0,0,,,,,مدني,,,1- فـقه القضاء أ- قرارات الدوائر المجتمعة - قرارات الدوائر المجتمعة الصادرة في المادة المدنية : * مرافعات مدنية وتجارية  خطأ بينّ :,قرار الدوائر المجتمعة عـ2015 / 350 ـدد بتاريخ 02 / 03 / 2017,2017,133,135,,3154,,,,,,digests/txt/2017-001.txt,,,
2017-002,digest,370,2016,2017-03-02,2017,03,محكمة التعقيب,تونس,الدوائر المجتمعة,,,,,0,0,,,,,مدني,,,,قرار الدوائر المجتمعة عـ2016 / 370 ـدد بتاريخ 02 / 03 / 2017,2017,135,135,,1636,,,,,,digests/txt/2017-002.txt,,,
2017-003,digest,362,2015,2017-03-02,2017,03,محكمة التعقيب,تونس,الدوائر المجتمعة,,,,,0,0,,,,,,,,,قرار الدوائر المجتمعة عـ2015 / 362 ـدد بتاريخ 02 / 03 / 2017,2017,136,136,,1325,,,,,,digests/txt/2017-003.txt,,,
2017-141,digest,36749,,2017-03-08,2017,03,محكمة التعقيب,تونس,دائرة,,جمال المستيري,,حليم النيال؛حياة اليعقوبي,2,3,لطفي العابدي,علي العمراوي,محكمة الاستئناف بالكاف,الكاف,جزائي,,,11 -3 - 14 -3- الاعلام بتاريخ الجلسة يكون للمعترض شخ صيا,قرار تعقيبي جزائي عدد 36749 صدر بتاريخ 8 مارس 2017 عن الدائرة 31 برئاسة السيد جمال المستيري وعضوية المستشارين السيدين حليم النيال وحياة اليعقوبي بمحضر المدعي العمومي السيد لطفي العابدي وبمساعدة كاتب الجلسة السيد علي العمراوي .,2017,330,331,,1502,,,,,,digests/txt/2017-141.txt,,,
2017-100,digest,38053,,2017-03-16,2017,03,محكمة التعقيب,تونس,دائرة,4,شادية الصافي,,نجوى الغربي؛لبنى الرقيق,2,3,لطفي البدوي,السي دة زينب السبوعي,,,مدني,,,7-8 -3- إبطال اجراءات التسديس وإبطال حكم التسديس,قرار تعقيبي مدني عدد38053 صدر بتاريخ 16 مارس 2017 عن الدائرة المدنية الرابعة برئاسة السيدة شادية الصافي وعضوية المستشارتين السيدتين نجوى الغربي ولبنى الرقيق وبمحضر المدعي العام السيد لطفي البدوي وبمساعدة كاتبة الجلسة السي دة زينب السبوعي .,2017,267,268,,1665,,,,,,digests/txt/2017-100.txt,,,
2017-004,digest,366,2016,2017-03-30,2017,03,محكمة التعقيب,تونس,الدوائر المجتمعة,,,,,0,0,,,,,مدني,,,,قرار الدوائر المجتمعة عـ2016 / 366 ـدد بتاريخ 30 / 03 / 2017,2017,136,137,,1626,,,,,,digests/txt/2017-004.txt,,,
2017-114,digest,43671,,2017-03-30,2017,03,محكمة التعقيب,تونس,دائرة,4,شادية الصافي,,نجوى الغربي؛لبنى الرقيق,2,3,لطفي البدوي,زينب السبوعي,,,مدني,,,10 - تحكيم 10 -1- التخلي عن التحكيم,قرار تعقيبي مدني عدد 43671 صدر بتاريخ 30 مارس 2017 عن الدائرة المدنية الرابعة برئاسة السيدة شادية الصافي وعضوية المستشارتين السيدتين نجوى الغربي ولبنى الرقيق وبمحضر المدعي العام السيد لطفي البدوي وبمساعدة كاتبة الجلسة السيدة زينب السبوعي .,2017,282,282,,1809,,,,,,digests/txt/2017-114.txt,,,
2017-133,digest,49170,,2017-04-07,2017,04,محكمة التعقيب,تونس,دائرة,29,الحبيب سعادة,,شكري كمون؛عبد السلام دمق,2,3,نبيل غرس الله,,,,جزائي,,,11 -3 -8 - تعقيب قرار رفض أو قبول القيام على المسؤولية الخاصة,قرار تعقيبي جزائي عدد 49170 بتاريخ 07 / 04 / 2017 صدر عن الدائرة التاسعة والعشرون برئاسة السيد الحبيب سعادة وعضوية المستشارين السيدين شكري كمون وعبد السلام دمق بحضور المدعي العام السيد نبيل غرس الله ومساعدة الكاتب السيد جلال العنتير .,2017,317,318,,3664,,,,,,digests/txt/2017-133.txt,,,
2017-134,digest,37147,,2017-04-07,2017,04,محكمة التعقيب,تونس,دائرة,29,الحبيب سعادة,,شكري كمون؛عبد السلام دمق,2,3,,,,,جزائي,,,11 -3 -9 - الشروط الشكلية لمحضر باحث البداية,قرار تعقيبي جزائي عدد 37147 بتاريخ 07 / 04 / 2017 صدر عن الدائرة التاسعة والعشرون برئاسة السيد الحبيب سعادة وعضوية المستشارين السيدين شكري كمون وعبد السلام دمق بحضور المدعي العام السيد نبيل غرس الله و مساعدة الكاتب السيد جلال العنتير .,2017,319,320,,2073,,,,,,digests/txt/2017-134.txt,,,
2017-055,digest,36740,,2017-04-10,2017,04,محكمة التعقيب,تونس,دائرة,,,,ثريا بن منا؛هندة العلاقي,2,2,شكري الدردوري,حنيفة السعيدي,,,مدني,,,4-6- ملك الدولة الخاص,قرار تعقيبي مدني عدد 36740 صدر بتاريخ 10 أفريل 2017 عن الدائرة المدنية 23 برئاسةالسيدة نازك كادة وعضوية المستشارين السيدتين ثريا بن منا وهندة العلاقي وبحضور المدعي العام السيد شكري الدردوري وبمساعدة كاتبة الجلسة السيدة حنيفة السعيدي .,2017,206,209,,6074,,,,,,digests/txt/2017-055.txt,,,
2017-033,digest,38762,,2017-04-12,2017,04,محكمة التعقيب,تونس,دائرة,3,شادية الصافي,,مفيدة الطلحاوي؛امال عباسي,2,3,هاجر المحرزي,الحبيب التلمودي,,,مدني,,,3-1 -3- التسليم في الهبة,قرار تعقيبي مدني عدد 38762 صدر بتاريخ 12 أفريل 2017 عن الدائرة المدنية الثالثة برئاسة السيدة شادية الصافي وعضوية المستشارتين السيدتين مفيدة الطلحاوي وأمال عباسي بمحضر المدعي العام السيدة هاجر المحرزي بمساعدة كاتب الجلسة السيد الحبيب التلمودي .,2017,175,176,,1904,,,,,,digests/txt/2017-033.txt,,,
2017-061,digest,45541,,2017-04-12,2017,04,محكمة التعقيب,تونس,,,ماجدة بن جعفر,,,0,1,محرز الزواوي,,,,تجاري,,,5-3- ابطال برنامج انقاذ,قرار تعقيبي تجاري عدد 45541 صدر بتاريخ 12 افريل 2017 برئاسة السيدة ماجدة بن جعفر وعضوية المستشارتين السيدة هالة البجار و السيدة إيمان الشرفي وبحضور المدعي العام السيد محرز الزواوي وبمساعدة كاتبة المحكمة السيدة سنية عبداوي .,2017,216,219,,5943,,,,,,digests/txt/2017-061.txt,,,
2017-130,digest,39679,,2017-04-14,2017,04,محكمة التعقيب,تونس,دائرة,29,الحبيب سعادة,,عبد السلام دمق؛شكري كمون,2,3,نبيل غرس الله,,,,جزائي,,,11 -3 -6 - الضم والارتباط واتصال القضاء,قرار تعقيبي جزائي عدد 39679 بتاريخ 14 / 04 / 2017 صدر عن الدائرة التاسعة والعشرون برئاسة السيد الحبيب سعادة وعضوية المستشارين السيدين عبد السلام دمق وشكري كمون بحضور المدعي العام السيد نبيل غرس الله ومساعدة الكاتب السيد جلال العنتير .,2017,314,315,,1781,,,,,,digests/txt/2017-130.txt,,,
2017-131,digest,39809,,2017-04-14,2017,04,محكمة التعقيب,تونس,دائرة,29,الحبيب سعادة,,عبد السلام دمق؛شكري كمون,2,3,نبيل غرس الله,,,,جزائي,,,11 -3 -7 - رقابة الدائرة الجنائية على قرار دائرة الإتهام 11 -3 -7 -1 - إبطال قرار دائرة الاتهام من الدائرة الجنائية؟,قرار تعقيبي جزائي عدد39809 بتاريخ 14 / 04 / 2017 صدر عن الدائرة التاسعة والعشرون برئاسة السيد الحبيب سعادة وعضوية المستشارين السيدين عبد السلام دمق وشكري كمون وبحضور المدعي العام السيد نبيل غرس الله ومساعدة الكاتب السيد جلال العنتير .,2017,315,316,,3298,,,,,,digests/txt/2017-131.txt,,,
2017-136,digest,37911,,2017-04-14,2017,04,محكمة التعقيب,تونس,دائرة,29,الحبيب سعادة,,عبد السلام دمق؛شكري كمون,2,3,نبيل غرس الله,,,,مدني,,,11 -3 - 11 - استدعاء القائم بالحق الشخصي بالطور الاستئنافي,قرار تعقيبي جزائي عدد 37911 بتاريخ 14 / 04 / 2017 صدر عن الدائرة التاسعة والعشرون برئاسة السيد الحبيب سعادة وعضوية المستشارين السيدين عبد السلام دمق وشكري كمون بحضور المدعي العام السيد نبيل غرس الله ومساعدة الكاتب السيد جلال العنتير .,2017,321,321,,952,,,,,,digests/txt/2017-136.txt,,,
2017-112,digest,44480,,2017-04-18,2017,04,محكمة التعقيب,تونس,دائرة,2,رجاء الشواشي,,سنية الدبابي؛علي عواينية,2,3,لطيفة العرفاوي,,,,مدني,,,9-4- الغرامة التهديدية واختصاص القضاء الاستعجالي,قرار تعقيبي مدني عدد 44480 صدر بتاريخ 18 أفريل 2017 عن الدائرة المدنية الثانية برئاسة السيدة رجاء الشواشي وعضوية المستشارين السيدين سنية الدبابي وعلي عواينية وبحضور المدعي العام السيدة لطيفة العرفاوي وبمساعدة الكاتبة السيدة آمال بن نصر . » ولا: أ عن الفرع الرابع م ن المطعن الأول والمتعلق باعتماد الغرامة التهديدية كوسيلة قانونية,2017,277,281,,6602,,,,,,digests/txt/2017-112.txt,,,
2017-050,digest,47692,,2017-04-20,2017,04,محكمة التعقيب,تونس,دائرة,,عبد الحفيظ بوريقة,,خولة قويدر؛الاسعد بوعزيز,2,3,لطفي زيد,,,,عقاري,,,الأمر الذي يجعل القول بان حكمها كان مشوبا بالإفراط بالسلطة قولا في غير طريقه واتج ه رده «. 4-1 -2- إعلام الشفيع بالشراء,قرار تعقيبي عدد 47692 بتاريخ 20 /4/ 2017 صدر عن الدائرة المدنية الواحدة والعشرون برئاسة السيد عبد الحفيظ بوريقة وعضوية المستشارين السيدين خولة قويدر والاسعد بوعزيز بحضور المدعي العام السيد لطفي زيد .,2017,197,199,,3151,,,,,,digests/txt/2017-050.txt,,,
2017-143,digest,660,,2017-04-20,2017,04,محكمة التعقيب,تونس,دائرة,,ناجي السويسي,,عادل بوصفارة؛عبد الرزاق باهوري,2,3,شكري التريكي,توفيق المناصري,محكمة الاستئناف بتونس,تونس,مدني,نقض؛إحالة؛رفض؛قبول,,11 -3 - 16 - استجلاب,قرار تعقيبي جزائي عدد 660 صدر بتاريخ 20 /4/ 2017 عن الدائرة 26 برئاسة السيد ناجي السويسي وعضوية المستشارين السيدين عادل بوصفارة وعبد الرزاق باهوري وبمحضر ممثل الادعاء العام السيد شكري التريكي وبمساعدة كاتب الجلسة السيد توفيق المناصري .,2017,332,516,,255302,,,,,,digests/txt/2017-143.txt,,,
2017-103,digest,39128,,2017-04-26,2017,04,محكمة التعقيب,تونس,دائرة,24,جليلة نصر الله,,ثريا بن غنية؛عبد العزيز الهمامي,2,3,خالد عباس,عائدة البرقاوي,,,مدني,,,7- 11 - شروط الاعتراض المدني,قرار تعقيبي مدني عدد39128 صدر بتاريخ 26 أفريل 2017 عن الدائرة المدنية الرابعة والعشرون برئاسة ال سيدة جليلة نصر الله وعضوية المستشارين السيدة ثريا بن غنية والسيد عبد العزيز الهمامي وبحضور المدّعي العام السيد خالد عباس وبمساعدة كاتبة الجلسة السيدة عائدة البرقاوي .,2017,270,270,,1321,,,,,,digests/txt/2017-103.txt,,,
2017-044,digest,39321,,2017-04-27,2017,04,محكمة التعقيب,تونس,دائرة,4,المنصف الكشو,,نجلاء المصمودي؛نجوى الغربي,2,3,لطفي البدوي,زينب الس بوعي,,,مدني,,,3-3 -5-شروط الدعوى ال بوليانية,قرار تعقيبي مدني عدد 39321 صدر بتاريخ 27 أفريل2017 عن الدائرة المدنية الرابعة المتركبة من رئيسها السيد المنصف الكشو وعضوية المستشارتين السيدتين نجلاء المصمودي ونجوى الغربي وبمحضر المدعي العام السيد لطفي البدوي وبمساعدة كاتبة الجلسة السيدة زينب الس بوعي .,2017,188,189,,1928,,,,,,digests/txt/2017-044.txt,,,
2017-097,digest,39690,,2017-04-27,2017,04,محكمة التعقيب,تونس,دائرة,4,منصف الكشو,,نجلاء المصمودي؛لبنى الرقيق,2,3,,زينب السبوعي,,,مدني,,,7-7 -2- إجراءات إعادة النشر,قرار ت عقيبي مدني عدد 39690 صدر بتاريخ 27 أفريل 2017 عن الدائرة المدنية الرابعة برئاسة السيد منصف الكشو وعضوية المستشارتين السيدتين نجلاء المصمودي ولبنى الرقيق بمحضر المدعيالعام السيد لطفي البدوي وبمساعدة كاتبة الجلسة السيدة زينب السبوعي .,2017,264,265,,1171,,,,,,digests/txt/2017-097.txt,,,
2017-018,digest,45288,,2017-05-03,2017,05,محكمة التعقيب,تونس,دائرة,8,مفيدة الشوالي,,سهام الصمادحي؛بسمة بودن,2,3,مصدق مصدق,حنيفة السعيدي,,,مدني,,,1-6- مؤشرات الترفيع في الجراية,قرار تعقيبي شخصي عدد45288 صدر بتاريخ 3 ماي 2017 عن الدائرة المدنية الثامنة برئاسة السيدة مفيدة الشوالي وعضوية المستشارتين السيدتين سهام الصمادحي وبسمة بودن وبحضور المدعي العام السيد مصدق مصدق ومساعدة كاتبة الجلسة السيدة حنيفة السعيدي .,2017,161,161,,1480,,,,,,digests/txt/2017-018.txt,,,
2017-041,digest,39812,,2017-05-04,2017,05,محكمة التعقيب,تونس,دائرة,4,المنصف الكشو,,نجوى الغربي؛لبنى الرقيق,2,3,لطيف البدوي,زينب السبوعي,,,مدني,,,3-3 -3- فسخ العقد 3-3-3-1-الشرط الفسخي والفسخ بموجب القانون,قرار تعقيبي مدني عدد 39812 صدر بتاريخ 04 ماي 2017 عن الدائرة المدنية الرابعة برئاسة السيد المنصف الكشو وعضوية المستشارتين السيدتين نجوى الغربي ولبنى الرقيق وبمحضر المدعي العام السيد لطيف البدوي وبمساعدة كاتبة الجلسة السيدة زينب السبوعي .,2017,185,185,,1037,,,,,,digests/txt/2017-041.txt,,,
2017-120,digest,53578,,2017-05-05,2017,05,محكمة التعقيب,تونس,دائرة,29,الحبيب سعادة,,عبد السلام دمق؛شكري كمون,2,3,نبيل غرس الله,,,,جزائي,,,11 -2 -3 - أركان جريمة غسل الأموال,قرار تعقيبي جزائي عدد 53578 بتاريخ 05 / 05 / 2017 صدر عن الدائرة التاسعة والعشرون برئاسة السيد الحبيب سعادة وعضوية المستشارين السيدين عبد السلام دمق وشكري كمون بحضور المدعي العام السيد نبيل غرس الله ومساعدة الكاتب السيد جلال العنتير .,2017,291,293,,3642,,,,,,digests/txt/2017-120.txt,,,
2017-110,digest,45263,,2017-05-09,2017,05,محكمة التعقيب,تونس,دائرة,2,رجاء الشواشي,,سنية الدبابي؛علي عواينية,2,3,,,,,مدني,,,9-2- إثبات بداية الكراء يخرج عن مناط القضاء الاستعجالي,قرار تعقيبي مدني عدد 45263 صدر بتاريخ 9 ماي 2017 عن الدائرة الثانية برئاسة السيدة رجاء الشواشي وعضوية المستشارين السيدين سنية الدبابي وعلي عواينية بحضور ممثلة الادعاء العام السيدة لطيفة العرفاوي ومساعدة الكاتبة السيدة آمال بن نصر .,2017,276,277,,1064,,,,,,digests/txt/2017-110.txt,,,
2017-049,digest,48096,,2017-05-17,2017,05,محكمة التعقيب,تونس,دائرة,7,ماجدة بن جعفر,,عفاف ع الشيخ؛ايمان الشرفي,2,3,محرز الزواوي,,,,مدني,,,4 - قانون عقاري وتهيئة عمرانية 4 -1 - الشفعة 4 -1 -1 - الشفعة والرهن العقاري,قرار تعقيبي عدد48096 بتاريخ 17 ماي2017 صدر عن الدائرة المدنية السابعة برئاسة السيدة ماجدة بن جعفر وعضوية المستشارتين السيدتين عفاف ع الشيخ وإيمان الشرفي وبحضور المدعي العام السيد محرز الزواوي .,2017,196,197,,1725,,,,,,digests/txt/2017-049.txt,,,
2017-135,digest,56139,,2017-05-19,2017,05,محكمة التعقيب,تونس,دائرة,29,الحبيب سعادة,,عبد السلام دمق؛شكري كمون,2,3,نبيل غرس الله,,,,جزائي,,,11 -3 - 10 -تقيد أعوان الضابطة العدلية بإجراءات قانون حماية المستهلك,قرار تعقيبي جزائي عدد 56139 بتاريخ 19 / 05 / 2017 صدر عن الدائرة التاسعة والعشرون برئاسة السيد الحبيب سعادة وعضوية المستشارين السيدين عبد السلام دمق وشكري كمون بحضور المدعي العام السيد نبيل غرس الله ومساعدة الكاتب السيد جلال العنتير .,2017,320,321,,2453,,,,,,digests/txt/2017-135.txt,,,
2017-015,digest,43056,,2017-05-31,2017,05,محكمة التعقيب,تونس,دائرة,8,مفيدة شوالي,,بسمة بودن؛كلثوم ك نو,2,3,,,,,احوال شخصية,,,1-3 -2- انتهاء أمد الحضانة,قرار تعقيبي شخصي عدد43056 صدر بتاريخ 31 ماي 2017 عن الدائرة الثامنة برئاسة السيدة مفيدة شوالي وعضوية المستشارتين السيدتين بسمة بودن وكلثوم ك نو بمحضر المدعي الع ام السيد مصدق مصدق ومساعدة كاتب المحكمة السيد توفيق المناصري .,2017,158,159,,3044,,,,,,digests/txt/2017-015.txt,,,
2017-051,digest,48244,,2017-05-31,2017,05,محكمة التعقيب,تونس,دائرة,3,شادية الصافي,,اسيا العياري؛امال عباسي,2,3,هاجر المحرزي,,,,مدني,,,4-2- دعوى كف الشغب وحماية واضع اليد,قرار تعقيبي عدد48244 بتاريخ 31 ماي 2017 صدر عن الدائرة المدنية الثالثة برئاسة السيدة شادية الصافي وعضوية المستشارتين السيدتين آسيا العياري وأمال عباسي بمحضر المدعي العام السيدة هاجر المحرزي .,2017,199,200,,2050,,,,,,digests/txt/2017-051.txt,,,
2017-052,digest,48244,,2017-05-31,2017,05,محكمة التعقيب,تونس,دائرة,3,شادية الصافي,,اسيا العياري؛امال عباسي,2,3,هاجر المحرزي,الحبيب التل مودي,,,مدني,,,4-3- الدعوى الحوزية ودعوى الخروج لعدم الصفة,قرار تعقيبي مدني عدد 48244 صدر بتاريخ 31 ماي 2017 عن الدائرة المدنية الثالثة برئاسة السيدة شادية الصافي وعضوية المستشارتين السيدة آسيا العياري والسيدة أمال عباسي بمحضر المدعي العام السيدة هاجر المحرزي ومساعدة كاتب الجلسة السيد الحبيب التل مودي .,2017,200,201,,2346,,,,,,digests/txt/2017-052.txt,,2017-051,repeat_of:2017-051
2017-027,digest,41122,,2017-06-01,2017,06,محكمة التعقيب,تونس,دائرة,4,منصف الكشو,,نجلاء المصمودي؛نجوى الغربي,2,3,,زينب السبوعي,,,مدني,,,2-6- التغطية الاجتماعية لعملة الحضائر,قرار تعقيبي شغلي عدد 41122 صدر بتاريخ 01 جوان 2017 عن الدائرة المدنية الرابعة برئاسة السيد منصف الكشو وعضوية المستشارتين السيدتين نجلاء المصمودي ونجوى الغربي بمحضر ممثل الادعاء السيد لطفي البدوي ومساعدة كاتبة الجلسة السيدة زينب السبوعي .,2017,170,171,,1549,,,,,,digests/txt/2017-027.txt,,,
2017-088,digest,42291,,2017-06-12,2017,06,محكمة التعقيب,تونس,دائرة,,رجاء الشواشي,,نجوى الرياحي؛ثريا الداهش,2,3,سارة بوطبة,منيرة المانعي,,,مدني,,,7-1 -4- علاقة فرع طلب الأداء بفرع صحة العقلة التوقيفية,قرار تعقيبي مدني عدد42291 صدر بتاريخ 12 / 06 / 2017 عن الدائرة المدنية الثلاثين برئاسة السيدة رجاء الشواشي وعضوية المستشارين السيدتين نجوى الرياحي وثريا الدّاهش بحضور المدعي العام السيدة سارّة بوطبة ومساعدة كاتبة الجلسة السيدة منيرة المانعي .,2017,253,255,,3709,,,,,,digests/txt/2017-088.txt,,,
2017-014,digest,46727/46728,,2017-06-14,2017,06,محكمة التعقيب,تونس,دائرة,8,مفيدة شوالي,,كلثوم كنو؛بسمة بودن,2,3,مصدق,نجوى المناعي,,,احوال شخصية,,,1-3- سكنى الحاضنة 1-3 -1- سكنى الحاضنة من متعلقات الحضانة,قرار تعقيبي شخصي عدد 46727 / 46728 صدر بتاريخ 14 جوان 2017 عن الدائرة الثامنة برئاسة السيدة مفيدة شوالي وعضوية المستشارتين السيدتين كلثوم كنو وبسمة بودن وبحضور المدعي العام السيد مصدق ومساعدة كاتبة الجلسة السيدة نجوى المناعي .,2017,157,158,,956,,,,,,digests/txt/2017-014.txt,,,
2017-034,digest,47343,,2017-06-20,2017,06,محكمة التعقيب,تونس,دائرة,2,زكية الماجري,,سنية الدبابي؛علي عواينية,2,3,لطيفة العرفاوي,,,,تجاري,,,3-2-اتصال القضاء 3-2 -1-شروط قرينة اتصال القضاء,قرار تعقيبي مدني عدد 47343 صدر بتاريخ 20 جوان 2017 صدر عن الدائرة المدنية الثانية برئاسة السيدة زكية الماجري وعضوية المستشارين السيدين سنية الدبابي وعلي عواينية وبحضور المدعي العام السيدة لطيفة العرفاوي .,2017,176,177,,1995,,,,,,digests/txt/2017-034.txt,,,
2017-113,digest,50369,,2017-06-20,2017,06,محكمة التعقيب,تونس,دائرة,16,الهام البناني,,مفيدة الصولي؛مريم البكوش,2,3,ليلى الشابي,عائدة اسكندر,,,مدني,,,9-5- القاضي الإستعجالي وعلامة الصنع,قرار تعقيبي مدني عدد 50369 صدر بتاريخ 20 جوان 2017 عن الدائرة المدنية السادسة عشر برئاسة السيدة الهام البناني وعضوية المستشارتين السيدتين مفيدة الصولي ومريم البكوش وبحضور المدعي العام السيدة ليلى الشابي وبمساعدة كاتبة الجلسة السيدة عائدة إسكندر .,2017,281,282,,1608,,,,,,digests/txt/2017-113.txt,,,
2017-019,digest,46537,,2017-06-21,2017,06,محكمة التعقيب,تونس,دائرة,8,مفيدة الشوالي,,بسمة بودن؛كلثوم كنو,2,3,مصدق مصدق,نجو ى المناعي,,,احوال شخصية,,,1-7- فقدان العذرية لا يعد إخلالا بواجب المصارحة,قرار تعقيبي شخصي عدد46537 صدر بتاريخ 21 جوان 2017 عن الدائرة الثامنة برئاسة السيدة مفيدة الشوالي وعضوية المستشارتين السيدتين بسمة بودن وكلثوم كنو بمحضر المدعي العام السيد مصدق مصدق وبمساعدة كاتب الجلسة السيدة نجو ى المناعي .,2017,162,163,,2807,,,,,,digests/txt/2017-019.txt,,,
2017-087,digest,48491/48822,,2017-06-22,2017,06,محكمة التعقيب,تونس,دائرة,5,شادية بالحاج ابراهيم,,لطيفة الجبالي؛وداد بن موسى,2,3,جمال الدين الرويسي,سنية العبداوي,المحكمة الابتدائية بتونس,تونس,مدني,,,7-1 -3- رفع العقلة التوقيفية لا يكون إلا بحكم,قرار تعقيبي مدني عدد 48491 / 48822 صدر بتاريخ 22 / 06 / 2017 عن الدائرة المدنية الخامسة المتركبة من رئيستها السيدة شادية بالحاج ابراهيم وعضوية المستشارتين السيدتين لطيفة الجبالي ووداد بن موسى وبحضور المدعي العام السيد جمال الدين الرويسي وبمساعدة كاتبة الجلسة السيدة سنية العبداوي .,2017,252,253,,1638,,,,,,digests/txt/2017-087.txt,,,
2017-026,digest,47890,,2017-06-23,2017,06,محكمة التعقيب,تونس,دائرة,19,حياة الخماسي,,رياض الغربي؛الناصر الهلالي,2,3,فاتن بالامين,محمد الحبيب التلمودي,,,شغل,,,2-5- التغطية الاجتماعية لأعوان الدولة العرضيين,قرار تعقيبي شغلي عدد 47890 صدر بتاريخ 23 /6/ 2017 عن الدائرة المدنية التاسعة عشر برئاسة السيدة حياة الخماسي وعضوية المستشارين السيدين رياض الغربي والناصر الهلالي وبحضور المدعي العام السيدة فاتن بالأمين ومساعدة كاتب الجلسة السيد محمد الحبيب التلمودي .,2017,169,170,,1272,,,,,,digests/txt/2017-026.txt,,,
2017-101,digest,22480,,2017-06-28,2017,06,محكمة التعقيب,تونس,دائرة,,ماجدة بن جعفر,,عفاف بالشيخ؛ايمان الشرفي,2,3,محرز الزواوي,سنية عبداوي,,,مدني,,,7-9- اختصاص الرئيس الأول في توقيف التنفيذ,قرار تعقيبي مدني عدد 22480 صدر بتاريخ 28 جوان 2017 عن الدائرة التابعة برئاسة السيدة ماجدة بن جعفر وعضوية المستشارتين السيدتين عفاف بالشيخ وإيمان الشرفي وبمحضر المدعي العام السيد محرز الزواوي وبمساعدة كاتبة الجلسة السيدة سنية عبداوي .,2017,268,268,,1331,,,,,,digests/txt/2017-101.txt,,,
2017-047,digest,41161,,2017-06-29,2017,06,محكمة التعقيب,تونس,دائرة,4,المنصف الكشو,,نجوى الغربي؛لبنى الرقيق,2,3,لطفي البدوي,زينب السبوعي,,,مدني,,,3-5- رفع مضرة 3-5 -1- الحرمان من مشاهدة البحر,قرار تعقيبي مدني عدد 41161 صدر بتاريخ 29 جوان 2017 عن الدائرة المدنية الرابعة برئاسة السيد المنصف الكشو وعضوية المستشارين السيدتين نجوى الغربي ولبنى الرقيق وحضور ممثل الادعاء العام السيدة لطفي البدوي وبمساعدة كاتبة الجلسة السيدة زينب السبوعي .,2017,191,192,,2196,,,,,,digests/txt/2017-047.txt,,,
2017-069,digest,41285,,2017-06-29,2017,06,محكمة التعقيب,تونس,دائرة,4,المنصف الكشو,,نجوى الغربي؛لبنى الرقيق,2,3,,زينب السبوعي,,,تجاري,,,5- 11 - نقل بحري,قرار تعقيبي تجاري عدد 41285 صدر بتاريخ 29 جوان 2017 عن الدائرة المدنية الرابعة برئاسة السيد المنصف الكشو وعضوية المستشارتين السيدتين نجوى الغربي ولبنى الرقيق وبمحضر المدعى العام السيد لطفي البدوي وبمساعدة كاتبة الجلسة السيدة زينب السبوعي .,2017,229,233,,7252,,,,,,digests/txt/2017-069.txt,,,
2017-109,digest,41260,,2017-06-30,2017,06,محكمة التعقيب,تونس,دائرة,10,الحبيب بالحاج,,سرور البرشاني؛سهام الشاهد,2,3,,عائدة اسكندر,,,مدني,,,9- استعجالي 9-1-الخصم من المورد,قرار تعقيبي مدني عدد 41260 صدر بتاريخ 30 جوان 2017 عن الدائرة المدنية العاشرة برئاسة السيد الحبيب بالحاج وعضوية المستشارتين السيدتين سرور البرشاني وسهام الشاهد بمحضر المدعى العام السيدة ام العز بن عمران وبمساعدة كاتبة الجلسة السيدة عائدة إسكندر .,2017,276,276,,1281,,,,,,digests/txt/2017-109.txt,,,
2017-073,digest,49288,,2017-07-05,2017,07,محكمة التعقيب,تونس,دائرة,3,شادية الصافي,,اسيا العياري؛امال عباسي,2,3,هاجر المحرزي,الحبيب التلمودي,,,مدني,,,6-1-2-3- المرافق مالك للعربة,قرار تعقيبي مدني عدد 49288 صدر بتاريخ 05 جويلية 2017 عن الدائرة المدنية الثالثة برئاسة السيدة شادية الصافي وعضوية المستشارتين السيدة آسيا العياري والسيدة أمال عباسي وبمحضر المدعي العام السيدة هاجر المحرزي ومساعدة كاتب الجلسة السيد الحبيب التلمودي .,2017,235,237,,3164,,,,,,digests/txt/2017-073.txt,,,
2017-060,digest,43920,,2017-07-06,2017,07,محكمة التعقيب,تونس,دائرة,4,المنصف الكشو,,نجلاء الم صمودي؛نجوى الغربي,2,3,لطفي البدوي,كريمة الغزواني,,,مدني,,,5-2- تعديل برنامج انقاذ,قرار تعقيبي مدني عدد 43920 صدر بتاريخ 06 جويلية 2017 عن الدائرة المدنية الرابعة برئاسة السيد المنصف الكشو وعضوية المستشارتين السيدتين نجلاء الم صمودي ونجوى الغربي وبمحضر المدعي العام السيد لطفي البدوي وبمساعدة كاتبة الجلسة السيدة كريمة الغزواني .,2017,214,216,,4001,,,,,,digests/txt/2017-060.txt,,,
2017-028,digest,42465,,2017-07-07,2017,07,محكمة التعقيب,تونس,دائرة,6,ريم منية البحري,,رؤوف ملكي؛رضا الوسلاتي,2,3,محمد الزواوي,عائدة الحلواني,,,شغل,,,2-7- نزاع الشغل الفردي ونزاع الشغل الجماعي,قرار تعقيبي شغلي عدد 42465 صدر بتاريخ 07 جويلية 2017 عن الدائرة المدنية السادسة برئاسة السيدة ريم منية البحري وعضوية المستشارين السيدين رؤوف ملكي ورضا الوسلاتي بمحضر المدعي العام السيد محمد الزواوي وبمساعدة كاتب الجلسة السيدة عائدة الحلواني .,2017,171,172,,1933,,,,,,digests/txt/2017-028.txt,,,
2017-062,digest,49377,,2017-07-11,2017,07,محكمة التعقيب,تونس,,,,,سنية الدبابي؛علي عواينية,2,2,,امال بن نصر,,,تجاري,,,5 -5 -2 - فسخ كراء تجاري لعدم دفع الزيادة الإتفاقية,قرار تعقيبي مدني عدد 49377 صدر بتاريخ 11 جويلية 2017 برئاسية السيدة رجاء الشواشي وعضوية المستشارين السيدين سنية الدبابي وعلي عواينية وبحضور ممثلة الادعاء العام السيدة لطيفة العرفاوي ومساعد ة كاتبة الجلسة السيدة آمال بن نصر .,2017,219,219,,675,,,,,,digests/txt/2017-062.txt,,,
2017-095,digest,49490,,2017-07-11,2017,07,محكمة التعقيب,تونس,دائرة,16,الهام البناني,,زكية بن بريك؛مريم البكوش,2,3,ليلى الشابي,عائدة اسكندر,,,مدني,,,7-6- استدعاء الخصم لحضور اختبار طبي,قرار تعقيبي مدني عدد 49490 صدر بتاريخ 11 جويلية 2017 عن الدائرة المدنية السادسة عشر برئاسة السيدة الهام البناني وعضوية المستشارتين السيدتين زكية بن بريك ومريم البكوش وبحضور المدعي العام السيدة ليلى الشابي وبمساعدة كاتبة الجلسة السيدة عائدة إسكندر .,2017,263,264,,1063,,,,,,digests/txt/2017-095.txt,,,
2017-022,digest,47828,,2017-07-31,2017,07,محكمة التعقيب,تونس,دائرة,1,نازك كادة,,,0,1,عماد بوخريص,جلال الدين العنتير,,,شغل,,,2-2- إثبات الهفوة الفادحة,قرار تعقيبي شغلي عدد47828 صدر بتاريخ 31 / 07 / 2017 عن الدائرة المدنية الأولى برئاسة السيدة نازك كادة وعضوية المستشارت ين السيدتين لطيفة الجبالي وآمال العباسي بحضور المدعي العام السيد عماد بوخريص وبمساعدة كاتب الجلسة السيد جلال الدين العنتير .,2017,165,166,,2719,,,,,,digests/txt/2017-022.txt,,,
2017-092,digest,51884,,2017-09-18,2017,09,محكمة التعقيب,تونس,دائرة,1,نازك كادة,,هندة العلاقي؛مريم البكوش,2,3,فاتن بالامين,,,,تجاري,,,,قرار تعقيبي مدني عدد 51884 صدر بتاريخ 18 / 09 / 2017 عن الدائرة المدنية الأولى برئاسة السيدة نازك كادة وعضوية المستشارتين السيدتين هندة العلاقي ومريم البكوش وبحضور المدعي العام السيدة فاتن بالأمين وبمساعدة ك اتبة الجلسة السيدة عائدة البرقاوي .,2017,259,260,,2419,,,,,,digests/txt/2017-092.txt,,,
2017-064,digest,47869,,2017-09-20,2017,09,محكمة التعقيب,تونس,دائرة,7,سارة العياري,,هالة البجار؛ايمان الشرفي,2,3,شكري الدردوري,,,,تجاري,,,5-5 -4- الزيادة الاتفاقية بعد صدور حكم التعديل,قرار تعقيبي مدني عدد 47869 صدر بتاريخ 20 سبتمبر 2017 عن الدائرة السابعة برئاسة السيدة سارة العياري وعضوية المستشارتين السيدة هالة البجار والسيدة ايمان الشرفي وبحضور المدعي العام السيد شكري الدردوري وبمساعدة كاتبة المحكمة السيدة سنية عبداوي .,2017,220,222,,3415,,,,,,digests/txt/2017-064.txt,,,
2017-032,digest,42690,,2017-09-27,2017,09,محكمة التعقيب,تونس,دائرة,37,كوثر السعدي,,على الهمامي؛بديع بن عباس,2,3,بسمة العيدودي,,,,مدني,,,ذلك بما يتعين معه الالتفات عما أثير من المعقب في هذا الصدد «. 3-1 -2- بطلان هبة ملك الغير,قرار تعقيبي مدني عدد42690 بتاريخ 27 /9/ 2017 صدر عن الدائرة المدنية السابعة والثلاثون برئاسة السيدة كوثر السعدي وعضوية المستشارين السيدين على الهمامي وبديع بن عباس بحضور المدعي العام السيدة بسمة العيدودي .,2017,174,175,,2383,,,,,,digests/txt/2017-032.txt,,,
2017-036,digest,42719,,2017-09-27,2017,09,محكمة التعقيب,تونس,دائرة,,كوثر السعدي,,علي الهمامي؛حاتم بن جماعة,2,3,بسمة العيدودي,عائدة الهمامي,,,مدني,,,3-2 -3-حكم الطرح لا يتصل به القضاء,قرار تعقيبي مدني عدد 42719 صدر بتاريخ 27 /9/ 2017 عن الدائرة 37 برئاسة السيدة كوثر السعدي وعضوية المستشارين السيدين علي الهمامي وحاتم بن جماعة بحضور المدعي العام السيدة بسمة العيدودي ومساعدة كاتبة الجلسة السيدة عائدة الهمامي .,2017,178,178,,483,,,,,,digests/txt/2017-036.txt,,,
2017-107,digest,45292,,2017-09-27,2017,09,محكمة التعقيب,تونس,دائرة,8,مفيدة شوالي,,سهام الصمادحي؛بسمة بودن,2,3,مليكة باكير,توفيق المناصري,,,احوال شخصية,,,8-1 -2- المقر المشترك للزوجين,قرار تعقيبي شخصي عدد 45292 صدر بتاريخ 27 سبتمبر 2017 عن الدائرة الثامنة برئاسة السيدة مفيدة شوالي وعضوية المستشارتين السيدتين سهام الصمادحي وبسمة بودن بحضور المدعي العام السيدة مليكة باكير ومساعدة كاتب الجلسة السيد توفيق المناصري .,2017,274,274,,1018,,,,,,digests/txt/2017-107.txt,,,
2017-111,digest,42897,,2017-10-02,2017,10,محكمة التعقيب,تونس,دائرة,1,نازك كادة,,هندة العلاقي؛مريم البكوش,2,3,فاتن بالامين,عائدة البرقاوي,,,تجاري,,,9-3- دعوى إرجاع المتسوغ للمكرى,قرار تعقيبي مدني عدد 42897 صدر بتاريخ 02 / 10 / 2017 عن الدائرة المدنية الأولى برئاسة السيدة نازك كادة وعضوية المستشارتين السيدتين هندة العلاقي ومريم البكوش وبحضور المدعي العام السيدة فاتن بالأمين وبمساعدة كاتبة الجلسة السيدة عائدة البرقاوي .,2017,277,277,,1019,,,,,,digests/txt/2017-111.txt,,,
2017-106,digest,42881,,2017-10-05,2017,10,محكمة التعقيب,تونس,دائرة,4,منصف الكشو,,نجلاء المصمودي؛نجوى الغربي,2,3,الطاهر العبيدي,كريمة الغزواني,,,مدني,,,8- قانون دولي خاص 8-1- لمقر ا 8-1 -1- مفهوم المقر,قرار تعقيبي مدني عدد 42881 صدر بتاريخ 05 أكتوبر 2017 عن الدائرة المدنية الرابعة برئاسة السيد منصف الكشو وعضوية المستشارتين السيدتين نجلاء المصمودي ونجوى الغربي بمحضر المدعي العام السيد الطاهر العبيدي وبمساعدة كاتبة الجلسة السيدة كريمة الغزواني .,2017,272,274,,3078,,,,,,digests/txt/2017-106.txt,,,
2017-013,digest,53745,,2017-10-06,2017,10,محكمة التعقيب,تونس,دائرة,10,سلوى النهدي,,عبلة بن شعبان؛حياة الخماسي,2,3,نبيل غرس الله,كريمة الغزواني,,,احوال شخصية,,,1-2- إنفاق الأم المطلقة على الأبناء؟,قرار تعقيبي شخصي عدد 53745 صدر بتاريخ 6/ 10 / 2017 عن الدائرة العاشرة برئاسة السيدة سلوى النهدي وعضوية المستشارتين السيدتين عبلة بن شعبان وحياة الخماسي بمحضر المدعي العام السيد نبيل غرس الله وبمساعدة كاتبة الجلسة السيدة كريمة الغزواني .,2017,156,157,,2469,,,,,,digests/txt/2017-013.txt,,,
2017-012,digest,47712,,2017-10-11,2017,10,محكمة التعقيب,تونس,دائرة,8,مفيدة الشوالي,,سهام الصمادحي؛بسمة بودن,2,3,مليكة باكير,توفيق المناصري,,,احوال شخصية,,,ب- قرارات صادرة عن الدوائر 1- أحوال شخصية 1-1- استقلالية الضرر المعنوي عن الدخل المادي في الطلاق,قرار تع قيبي شخصي عدد 47712 صدر بتاريخ 11 اكتوبر 2017 عن الدائرة الثامنة برئاسة السيدة مفيدة الشوالي وعضوية المستشارتين السيدتين سهام الصمادحي وبسمة بودن وبحضور المدعي العام السيدة مليكة باكير ومساعدة كاتب الجلسة السيد توفيق المناصري .,2017,155,156,,1144,,,,,,digests/txt/2017-012.txt,,,
2017-080,digest,42625,,2017-10-11,2017,10,محكمة التعقيب,تونس,دائرة,,كوثر السعدي,,علي الهمامي؛امال المالكي,2,3,,ليلى الرياحي,,,مدني,,,على خرق قرارها للقانون مبرر ا وتعين لذلك قبوله «. 6-1 -8- الخيار في اتباع إجراءات التسوية الصلحية,قرار تعقيبي مدني عدد 42625 صدر بتاريخ 11 / 10 / 2017 عن الدائرة 37 برئاسة السيدة كوثر السعدي وعضوية المستشارين السيدين علي الهمامي وآمال المالكي وبحضور المدعية العامة السيدة بسمة العيدودي وبمس اعدة كاتبة الجلسة السيدة ليلى الرياحي .,2017,243,244,,3312,,,,,,digests/txt/2017-080.txt,,,
2017-081,digest,50846,,2017-10-11,2017,10,محكمة التعقيب,تونس,دائرة,3,شادية الصافي,,,0,1,هاجر المحرزي,محمد الحبيب التلمودي,,,مدني,,,6-2- مسؤولي ة الصيرفي في مراقبة إمضاء الحريف,قرار تعقيبي مدني عدد 50846 صدر بتاريخ 11 / 10 / 2017 عن الدائرة المدنية الثالثة برئاسة السيد شادية الصافي وعضوية المستشارتين السيدتين بسمة العبساوي و مفيدة الطلحاوي بحضور المدعي العمومي السيد هاجر المحرزي وبمساعدة كاتب الجلسة السيد محمد الحبيب التلمودي .,2017,244,245,,1753,,,,,,digests/txt/2017-081.txt,,,
2017-085,digest,52107/2017,,2017-10-12,2017,10,محكمة التعقيب,تونس,دائرة,4,منصف الكشو,,,0,1,الطاهر العبيدي,كريمة الغزواني,,,مدني,,,7-1-2- العذر الشرعي لعدم تقديم التصريح في العقلة التوقيفية,قرار مدني عدد 52107 / 2017 بتاريخ 12 اكتوبر 2017 صدر عن الدائرة المدنية الرابعة برئاسة السيد منصف الكشو وعضوية المستشارتين السيدتين نجلاء المصمودي و نجوى الغربي بمحضر المدعي العام السيد الطاهر العبيدي وبمساعدة كاتبة الجلسة السيدة كريمة الغزواني .,2017,250,252,,2817,,,,,,digests/txt/2017-085.txt,,,
2017-115,digest,53501/53870,,2017-10-16,2017,10,محكمة التعقيب,تونس,دائرة,1,نازك كادة,,هندة العلاقي؛مريم البكوش,2,3,فاتن بالامين,عائدة البرقاوي,,,مدني,,,10 -2- الدفع الشكلي بعدم اختصاص هيئة التحكيم,قرار تعقيبي عدد 53501 / 53870 صدر بتاريخ 16 / 10 / 2017 عن الدائرة المدنية الأولى برئاسة السيدة نازك كادة وعضوية المستشارتين السيدتين هندة العلاقي ومريم البكوش وبحضور المدعي العام السيدة فاتن بالأمين وبمساعدة كاتبة الجلسة السيدة عائدة البرقاوي .,2017,283,284,,2742,,,,,,digests/txt/2017-115.txt,,,
2017-121,digest,54837,,2017-10-17,2017,10,محكمة التعقيب,تونس,دائرة,27,عادل الاندلسي,,بلقاسم كعوان؛مفيدة محجوب,2,3,لطفي العابدي,سنية عبداوي,,,جزائي,,,11 -2 -5 - إعادة تكييف الأفعال 11 -2 -6 - الجريمة الجماعية,قرار تعقيبي جزائي عدد54837صدر بتاري خ 17 أكتوبر 2017 عن الدائرة السابعة والعشرون برئاسة السيد عادل الأندلسي وعضوية المستشارين السيدين بلقاسم كعوان ومفيدة محجوب وبمحضر المدعي العمومي السيد لطفي العابدي وبمساعدة كاتبة الجلسة السيدة سنية عبداوي .,2017,293,297,,7038,,,,,,digests/txt/2017-121.txt,,,
2017-138,digest,54688,,2017-10-17,2017,10,محكمة التعقيب,تونس,دائرة,27,عادل الاندلسي,,بلقاسم كعوان؛مفيدة محجوب,2,3,لطفي العابدي,سنية عبداوي,,,جزائي,,,11 -3 - 13 - الترويج لمادة مخدرة -تكرر فعل الاتجار ووحدة التتبع,قرار تعقيبي جزائي عدد 54688صدر بتاريخ 17 أكتوبر 2017 عن الدائرة السابعة والعشرون برئاسة السيد عادل الأندلسي وعضوية المستشارين السيدين بلقاسم كعوان ومفيدة محجوب وبمحضر المدعي العمومي السيد لطفي العابدي وبمساعدة كاتبة الجلسة السيدة سنية عبداوي .,2017,324,327,,5743,,,,,,digests/txt/2017-138.txt,,,
2017-139,digest,54883,,2017-10-17,2017,10,محكمة التعقيب,تونس,دائرة,27,عادل الاندلسي,,بلقاسم كعوان؛مفيدة محجوب,2,3,لطفي العابدي,سنية عبداوي,,,جزائي,,,11 -3 - 14 - الإعتراض على الحكم الغيابي 11 -3 - 14 -1- شكليات الاعتراض عند تقديم المطلب من المحامي,قرار تعقيبي جزائي عدد 54883 صدر بتاريخ 17 أكتوبر 2017 عن الدائرة السابعة والعشرون برئاسة السيد عادل الأندلسي وعضوية المستشارين السيدين بلقاسم كعوان ومفيدة محجوب وبمحضر المدعي العمومي السيد لطفي العابدي وبمساعدة كاتبة الجلسة السيدة سنية عبداوي .,2017,327,329,,4627,,,,,,digests/txt/2017-139.txt,,,
2017-017,digest,48779,,2017-10-18,2017,10,محكمة التعقيب,تونس,دائرة,8,مفيدة شوالي,,كلثوم كنو؛بسمة بودن,2,3,مليكة باكير,توفيق المناصري,,,احوال شخصية,,,1-5- الرجوع في الاتفاق على الطلاق من طرف واحد,قرار تعقيبي شخصي عدد48779 صدر بتاريخ 18 اكتوبر 2017 عن الدائرة الثامنة برئاسة السيدة مفيدة شوالي وعضوية المستشارتين السيدتين كلثوم كنو وبسمة بودن وبحضور المدعي العام السيدة مليكة باكير ومساعدة كاتب الجلسة السيد توفيق المناصري .,2017,160,161,,1572,,,,,,digests/txt/2017-017.txt,,,
2017-035,digest,43656,,2017-10-18,2017,10,محكمة التعقيب,تونس,دائرة,24,جليلة نصر الله,,امال عباسي؛رجاء خضراوي,2,3,لطيفة العرفاوي,,,,مدني,,,3-2 -2-مف هوم اتصال القضاء ومفهوم قوة الحكم في الإثبات,قرار تعقيبي مدني عدد 43656 صدر بتاريخ 18 أكتوبر 2017 عن الدائرة المدنية الرابعة والعشرين برئاسة السيدة جليلة نصر الله وعضوية المستشارتين السيدة أمال عباسي والسيدة رجاء خضراوي وبمحضر المدعي العام السيدة لطيفة العرفاوي ومساعدة كاتب ة الجلسة السيد ة عائدة البرقاوي .,2017,178,178,,1119,,,,,,digests/txt/2017-035.txt,,,
2017-043,digest,43320,,2017-10-19,2017,10,محكمة التعقيب,تونس,دائرة,4,,,,0,0,الطاهر العبيدي,كريمة الغزواني,,,مدني,,,3-3 -4-الإعلام بانتقال الملكية,قرار تعقيبي مدني عدد 43320 بتاريخ 19 أكتوبر 2017 عن الدائرة المدنية الرابعة برئاسة السيد المنصف الكشو وع ضوية المستشارتين السيدتين نجلاء المصمودي ونجوى الغربي بمحضر المدعي العام السيد الطاهر العبيدي وبمساعدة كاتبة الجلسة السيدة كريمة الغزواني .,2017,187,188,,2954,,,,,,digests/txt/2017-043.txt,,,
2017-089,digest,42566,2016,2017-10-19,2017,10,محكمة التعقيب,تونس,دائرة,4,المنصف الكشو,,اسيا العياري؛نجلاء المصمودي,2,3,الطاهر العبيدي,كريمة الغزواني,,,جزائي,,,7-2- الاختصاص القضائي 7-2-1-الاختصاص الترابي,قرار تعقيبي مدني عدد 42566.2016 صدر بتاريخ 19 أكتوبر 2017 عن الدائرة المدنية الرابعة برئاسة السيد المنصف الكشو وعضوية المستشارتين السيدتين آسيا العياري ونجلاء المصمودي وبحضور المدعي العام السيد الطاهر العبيدي وبمساعدة كاتبة الجلسة السيدة كريمة الغزواني .,2017,255,256,,3287,,,,,,digests/txt/2017-089.txt,,,
2017-091,digest,43540,,2017-10-19,2017,10,محكمة التعقيب,تونس,دائرة,4,المنصف الكشو,,نجلاء المصمودي؛نجوى الغربي,2,3,الطاهر العبيدي,كريمة الغزواني,,,تجاري,,,7-3- اختصاص المحاكم العدلية,قرار تعقيبي مدني عدد 43540 صدر بتاريخ 19 أكتوبر 2017 عن الدائرة المدنية الرابعة برئاسة السيد المنصف الكشو وعضوية المستشارتين السيدتين نجلاء المصمودي ونجوى الغربي بمحضر المدعي العام السيد الطاهر العبيدي وبمساعدة كاتبة الجلسة السيدة كريمة الغزواني .,2017,258,259,,3109,,,,,,digests/txt/2017-091.txt,,,
2017-065,digest,43644,,2017-10-23,2017,10,محكمة التعقيب,تونس,دائرة,1,نازك كادة,,هندة العلاقي؛مريم البكوش,2,3,فاتن بالامين,عائدة البرقاوي,,,تجاري,,,5-6- الاعتراض على تسجيل علامة تجارية,قرار تعقيبي تجاري عدد 43644 بتاريخ 23 / 10 / 2017 صدر عن الدائرة المدنية الأولى برئاسة السيدة نازك كادة وعضوية المستشارتين السيدتين هندة العلاقي ومريم البكوش بحضور المدعي العام السيدة فاتن بالأمين وبمساعدة كاتبة الجلسة السيدة عائدة البرقاوي .,2017,222,223,,2782,,,,,,digests/txt/2017-065.txt,,,
2017-066,digest,54683,,2017-10-24,2017,10,محكمة التعقيب,تونس,دائرة,32,لمياء الحمامي,,فاتن خير الله؛راضية المنتصر,2,3,محمد الحاج عمر,عائدة الحلواني,,,تجاري,,,5-7- إثبات شركة المحاصة,قرار تعقيبي تجاري عدد 54683 صدر بتاريخ 24 أكتوبر 2017 عن الدائرة المدنية الثانية والثلاثين برئاسة السيدة لمياء الحمامي وعضوية المستشارتين السيدتين فاتن خير الله وراضية المنتصر وبحضور المدعي العام السيد محمد الحاج عمر ومساعدة كاتبة الجلسة السيدة عائدة الحلواني .,2017,223,224,,2147,,,,,,digests/txt/2017-066.txt,,,
2017-020,digest,49583,,2017-10-25,2017,10,محكمة التعقيب,تونس,دائرة,8,مفيدة شوالي,,سهام الصمادحي؛بسمة بودن,2,3,مليكة باكير,,,,احوال شخصية,,,1-8- الصفة في د عوى نفي النسب )69 و75 من م ا ج (,قرار تعقيبي شخصي عدد 49583 صدر بتاريخ 25 أكتوبر 2017 عن الدائرة الثامنة برئاسة السيدة مفيدة شوالـي وعضوية الـمستشارتين السيدتين سهـام الصمادحي وبسمة بـودن بـحضور الـمدعي العام السيدة مليكة باكير وبمساعدة كاتب الـمحكمة السيد توفـيق الـمناصري .,2017,163,164,,3078,,,,,,digests/txt/2017-020.txt,,,
2017-094,digest,,,2017-10-30,2017,10,محكمة التعقيب,تونس,دائرة,,البشير المطوي,,مفيدة الصولي؛نائلة العباسي,2,3,ليلى الشابي,عايدة اسكندر,,,شغل,,,7-5- آجال استدعاء المقيم بالخارج في المادة الشغلية,قرار تعقيبي شغلي عدد صدر بتاريخ 30 أكتوبر 2017 عن الدائرة 18 برئاسة السيد البشير المطوي وعضوية المستشارين السيدين مفيدة الصولي ونائلة العباسي بمحضر المدعي العام السيدة ليلى الشابي ومساعدة كاتبة الجلسة السيدة عايدة اسكندر .,2017,261,263,,3703,,,,,,digests/txt/2017-094.txt,,,
2017-108,digest,52686,,2017-11-02,2017,11,محكمة التعقيب,تونس,دائرة,,منصف الكشو,,نجلاء المصمودي؛نجوى الغربي,2,3,الطاهر العبيدي,كريمة الغزواني,,,تجاري,,,8-2- اختصاص المحاكم التونسية في الدعاوى المتعلقة بالعقود,قرار تعقيبي مدني عدد 52686 صدر بتاريخ 02 نوفمبر 2017 عن الدائرة المدنية برئاسة السيد منصف الكشو وعضوية المستشارتين السيدتين نجلاء المصمودي ونجوى الغربي وبمحضر المدعي العام السيد الطاهر العبيدي وبمساعدة كاتبة الجلسة السيدة كريمة الغزواني .,2017,274,275,,2584,,,,,,digests/txt/2017-108.txt,,,
2017-142,digest,55745,,2017-11-02,2017,11,محكمة التعقيب,تونس,دائرة,14,محمد عماد بن عبد الجليل,,عبد الباسط خالدي؛كمال بوكثير,2,3,,سميرة بوشوشة,,,جزائي,,,11 -3 - 15 - سقوط الدعوى العمومية الناتجة عن التعذيب بمرور الزمن,قرار تعقيبي جزائي عدد 55745 صدر بتاريخ 2 نوفمبر 2017 عن الدائرة الرابعة عشر برئاسة السيد محمد عماد بن عبد الجليل وعضوية المستشارين السيدين عبد الباسط خالدي وكمال بوكثير بمحضر المعي العام السيدة سميرة قرماني ومساعدة كاتبة الجلسة السيدة سميرة بوشوشة .,2017,331,332,,1786,,,,,,digests/txt/2017-142.txt,,,
2017-119,digest,59396,,2017-11-03,2017,11,محكمة التعقيب,تونس,دائرة,29,الحبيب سعادة,,شكري كمون؛سامي الداهش,2,3,بديع حكيم,,,,جزائي,,,11 -2 - قانون جزائي خاص 11 -2 -1 -الموظف بالبنك مؤتمن على ما يقبضه من مال مودع بحساب الحرفاء 11 -2 -2 - تزوير الوثيقة الالكترونية,قرار تعقيبي جزائي عدد 59396 بتاريخ 03 / 11 / 2017 صدر عن الدائرة التاسعة والعشرون برئاسة السيد الحبيب سعادة وعضوية المستشارين السيدين شكري كمون وسامي الداهش بحضور المدعي العام السيد بديع حكيم ومساعدة الكاتب السيد جلال العنتير .,2017,289,291,,4142,,,,,,digests/txt/2017-119.txt,,,
2017-042,digest,47771,,2017-11-06,2017,11,محكمة التعقيب,تونس,دائرة,1,نازك كادة,,هندة العلاقي؛مريم البكوش,2,3,فاتن بالامين,عائدة البرقاوي,,,مدني,,,3-3-3-2-فسخ العقد للإكراه,قرار تعقيبي مدني عدد 47771 صدر بتاري خ 06 / 11 / 2017 عن الدائرة المدنية الاولى برئاسة السيدة نازك كادة وعضوية المستشارتين السيدتين هندة العلاقي ومريم البكوش وبحضور المدعي العام السيدة فاتن بالأمين وبمساعدة كاتبة الجلسة السيدة عائدة البرقاوي .,2017,185,187,,2590,,,,,,digests/txt/2017-042.txt,,,
2017-057,digest,54662,,2017-11-07,2017,11,محكمة التعقيب,تونس,دائرة,32,لمياء الحمامي,,فاتن خير الله؛راضية المنتصر,2,3,محمد الحاج عمر,عائدة الحلواني,,,مدني,,,8- ضمان الإستحقاق الجزئي للمبيع - سقوط دعوى الإستحقاق,قرار تعقيب ي مدني عدد 54662 صدر بتاريخ 07 نوفمبر 2017 عن الدائرة المدنية الثانية والثلاثين برئاسة السيدة لمياء الحمامي وعضوية المستشارتين السيدتين فاتن خير الله وراضية المنتصر وبحضور المدعي العام السيد محمد الحاج عمر وبمساعدة كاتبة الجلسة السيدة عائدة الحلواني .,2017,210,212,,4396,,,,,,digests/txt/2017-057.txt,,,
2017-122,digest,48277,,2017-11-07,2017,11,محكمة التعقيب,تونس,دائرة,27,عادل الاندلسي,,بلقاسم كعوان؛مفيدة محجوب,2,3,لطفي العا ب دي,سنية عبداوي,,,جزائي,,,11 -2 -7 - الفرق بين التحرش الجنسي والاعتداء بفعل الفاحشة,قرار تعقيبي جزائي عدد 48277 صدر بتاريخ 07 نوفمبر 2017 عن الدائرة السابعة والعشرون برئاسة السيد عادل الأندلسي وعضوية المستشارين السيدين بلقاسم كعوان ومفيدة محجوب وبمحضر المدعي العمومي السيد لطفي العا ب دي وبمساعدة كاتبة الجلسة السيدة سنية عبداوي,2017,297,300,,7714,,,,,,digests/txt/2017-122.txt,,,
2017-005,digest,19190,,2017-11-09,2017,11,محكمة التعقيب,تونس,الدوائر المجتمعة,,,,,0,0,,,محكمة الاستئناف بالمنستير,المنستير,,,, شروط انعقاد الدوائر المجتمعة :,قرار الدوائر المجتمعة عـ19190 ـدد بتاريخ 09 / 11 / 2017,2017,137,139,,2644,,,,,,digests/txt/2017-005.txt,,,
2017-006,digest,17406,,2017-11-09,2017,11,محكمة التعقيب,تونس,الدوائر المجتمعة,,,,,0,0,,,المحكمة الابتدائية بالمنستير,المنستير,تجاري,,, إمضاء المحامي بعريضة الدعوى,قرار الدوائر المجتمعة عـ17406 ـدد بتاريخ 09 / 11 / 2017,2017,139,147,,17723,,,,,,digests/txt/2017-006.txt,,,
2017-007,digest,17073,,2017-11-09,2017,11,محكمة التعقيب,تونس,الدوائر المجتمعة,,,,,0,0,,,,,,,, تـأمـيـن :,قرار الدوائر المجتمعة عـ17073 ـدد بتاريخ 09 / 11 / 2017,2017,147,149,,2710,,,,,,digests/txt/2017-007.txt,,,
2017-008,digest,18687,,2017-11-09,2017,11,محكمة التعقيب,تونس,الدوائر المجتمعة,,,,,0,0,,,,,مدني,,, كـراء :,قرار الدوائر المجتمعة عـ18687 ـدد بتاريخ 09 / 11 / 2017,2017,149,151,,4141,,,,,,digests/txt/2017-008.txt,,,
2017-009,digest,18073,,2017-11-09,2017,11,محكمة التعقيب,تونس,الدوائر المجتمعة,,,,,0,0,,,,,,,,* اجتماعي  الامتناع عن تقديم الوثائق المحاسبية والأجور,قرار الدوائر المجتم عة عـ18073 ـدد بتاريخ 09 / 11 / 2017,2017,151,152,,3117,,,,,,digests/txt/2017-009.txt,,,
2017-010,digest,380,2017,2017-11-09,2017,11,محكمة التعقيب,تونس,الدوائر المجتمعة,,,,,0,0,,,,,جزائي,,,- قرارات الدوائر المجتمعة الصادرة في المادة الجزائية : * إجراءات جزا ئية  خطأ بينّ :,قرار الدوائر المجتمعة عـ2017/380 ـدد بتاريخ 09 / 11 / 2017,2017,153,154,,2592,,,,,,digests/txt/2017-010.txt,,,
2017-011,digest,363,2015,2017-11-09,2017,11,محكمة التعقيب,تونس,الدوائر المجتمعة,,,,,0,0,,,,,جزائي,,,,قرار الدوائر المجتمعة عـ2015 / 363 ـدد بتاريخ 09 / 11 / 2017,2017,154,155,,2352,,,,,,digests/txt/2017-011.txt,,,
2017-024,digest,45270,,2017-11-13,2017,11,محكمة التعقيب,تونس,دائرة,,احمد الرحموني,,توفيق الجريدي؛سامية العابد,2,3,,عائدة الحلواني,,,جزائي,,,,قرار تعقيبي شغلي عدد 45270 صدر بتاريخ 13 نوفمبر2017 عن الدائرة المدنية 23 برئاسة السيد أحمد الرحموني وعضوية المستشارين السيد توفيق الجريدي والسيدة سامية العابد وبحضور ممثل النيابة العمومية السيدة سميرة القرماني وبمساعدة كاتبة الجلسة السيدة عائدة الحلواني .,2017,167,168,,1913,,,,,,digests/txt/2017-024.txt,,,
2017-082,digest,45242,,2017-11-13,2017,11,محكمة التعقيب,تونس,دائرة,,احمد الرحموني,,سامية العابد؛محمد الورهاني,2,3,سميرة القرماني,عائدة الحلواني,,,تجاري,,,6-3- أركان المسؤولية التقصيرية,قرار تعقيبي مدني عدد 45242 صدر بتاريخ 13 نوفمبر 2017 عن الدائرة المدنية 23 برئاسة السيد أحمد الرحموني وعضوية المستشارين السيدة سامية العابد والسيد محمد الورهاني وبحضور المدعي العام السيدة سميرة القرماني وبمساعدة كاتبة الجلسة السيدة عائدة الحلواني .,2017,245,247,,3430,,,,,,digests/txt/2017-082.txt,,,
2017-083,digest,45247,,2017-11-13,2017,11,محكمة التعقيب,تونس,دائرة,,احمد الرحموني,,سامية العابد؛ثريا بن منا,2,3,ا لسيدة سميرة القرماني,عائدة الحلواني,,,مدني,,,6-4- سقوط الحق في الضمان من جراء عدم الإعلام بالحادث,قرار تعقيبي مدني عدد 45247 صدر بتاريخ 13 نوفمبر2017 عن الدائرة المدنية 23 برئاسة السيد أحمد الرحموني وعضوية المستشارين السيدة سامية العابد والسيدة ثريا بن منا وبحضور المدعي العام ا لسيدة سميرة القرماني وبمساعدة كاتبة الجلسة السيدة عائدة الحلواني .,2017,247,248,,2416,,,,,,digests/txt/2017-083.txt,,,
2017-074,digest,42690,,2017-11-14,2017,11,محكمة التعقيب,تونس,دائرة,2,رجاء الشواشي,,ماجدة الرياحي؛سامية القطاري,2,3,لطفي الواقع,,,,مدني,,,6-1 -3- استقلالية الضررين المعنوي والجمالي,قرار عدد 42690 بتاريخ 14 / 11 / 2017 عن الدائرة المدنية الثانية برئاسة السيدة رجاء الشواشي وعضوية المستشارتين السيدتين ماجدة الرياحي وسامية القطاري وبمحضر المدعي العمومي السيد لطفي الواقع .,2017,237,238,,3461,,,,,,digests/txt/2017-074.txt,,,
2017-102,digest,49330,,2017-11-14,2017,11,محكمة التعقيب,تونس,دائرة,,سلوى الزين,,نادرة بن سالم؛شفيقة الحجلاوي,2,3,حياة اليعقوبي,,,,مدني,,,7- 10 - شروط استصدار الأذون على العرائض,قرار تعقيبي مدني عدد 49330 صدر بتاريخ 14 نوفمبر 2017 عن الدائرة المدنية الأربعين برئاسة السيدة سلوى الزين وعضوية المستشارتين السيدتين نادرة بن سالم وشفيقة الحجلاوي وبحضور المدعي العام السيدة حياة اليعقوبي وبمساعدة كا تب الجلسة السيد أحمد عبيد .,2017,269,270,,2197,,,,,,digests/txt/2017-102.txt,,,
2017-124,digest,50202,,2017-11-14,2017,11,محكمة التعقيب,تونس,دائرة,27,عادل الاندلسي,,بلقاسم كعوان؛مفيدة محجوب,2,3,لطفي العا ب دي,سنية عبداوي,,,جزائي,,,11 -2 -9- مفهوم المحل المسكون في السرقة,قرار تعقيبي جزائي عدد 50202صدر بتاريخ 14 نوفمبر 2017 عن الدائرة السابعة والعشرون برئاسة السيد عادل الأندلسي وعضوية المستشارين السيدين بلقاسم كعوان ومفيدة محجوب وبمحضر المدعي العمومي السيد لطفي العا ب دي وبمساعدة كاتبة الجلسة السيدة سنية عبداوي .,2017,303,306,,6765,,,,,,digests/txt/2017-124.txt,,,
2017-063,digest,45027,,2017-11-15,2017,11,محكمة التعقيب,تونس,,,شادية الصافي,,بسمة العبساوي؛مفيدة الطلحاوي,2,3,هاجر المحرزي,محمد الحبيب التلمودي,,,تجاري,,,5-5 -3-غرامة الحرمان,قرار تعقيبي عدد 45027 صدر بتاريخ 15 / 11 / 2017 برئاسة السيدة شادية الصافي وعضوية المستشارتين السيدتين بسمة العبساوي ومفيدة الطلحاوي بحضور المدعي العام السيدة هاجر المحرزي ومساعدة كاتب الجلسة السيد محمد الحبيب التلمودي .,2017,219,220,,1398,,,,,,digests/txt/2017-063.txt,,,
2017-029,digest,54857,,2017-11-17,2017,11,محكمة التعقيب,تونس,دائرة,6,لطيفة البغدادي,,رؤوف ملكي؛رضا الوسلاتي,2,3,لطيفة العرفاوي,جميلة مسعود,,,شغل,,,,قرار تعقيبي شغلي عدد54857 صدر بتاريخ 17 / 11 / 2017 عن الدائرة السادسة برئاسة السيدة لطيفة البغدادي وعضوية المستشارين السيدين رؤوف ملكي ورضا الوسلاتي، وبحضور ممثل الادعاء العام السيدة لطيفة العرفاوي وبمساعدة كاتبة الجلسة السيدة جميلة مسعود .,2017,172,172,,1222,,,,,,digests/txt/2017-029.txt,,,
2017-016,digest,52746,,2017-11-22,2017,11,محكمة التعقيب,تونس,دائرة,8,مفيدة الشوالي,,سهام الصمادحي؛بسمة بودن,2,3,مليكة باكير,,,,احوال شخصية,,,1-4- تقدير غرم الضرر المادي للزوجة من الطلاق,قرار تعقيبي شخصي عدد 52746 صدر بتاريخ 22 / 11 / 2017 عن الدائرة الثامنة برئاسة السيدة مفيدة الشوالي وعضوية المستشارتين السيدتين سهام الصمادحي وبسمة بودن وبحضور المدعي العام السيدة مليكة باكير ومساعدة الكاتب السيد توفيق المناصري .,2017,159,160,,1103,,,,,,digests/txt/2017-016.txt,,,
2017-023,digest,54953,,2017-11-22,2017,11,محكمة التعقيب,تونس,دائرة,,كوثر السعدي,,هندة عباس؛امال المالكي,2,3,بسمة العيدودي,ليلى الرياحي,,,جزائي,,,2-3- تقيد قاضي الشغل بالحكم الجزائي القاضي بعدم سماع الدعوى؟,قرار تعقيبي شغلي عدد 54953 صدر بتاريخ 22 نوفمبر 2017 عن الدائرة 37 برئاسة السيدة كوثر السعدي وعضوية المستشارتين السيدتين هندة عباس وآمال المالكي بمحضر المدعي العام السيدة بسمة العيدودي وبمساعدة كاتبة الجلسة السيدة ليلى الرياحي .,2017,166,167,,1583,,,,,,digests/txt/2017-023.txt,,,
2017-039,digest,46692,,2017-11-23,2017,11,محكمة التعقيب,تونس,دائرة,4,المنصف الكشو,,اسيا العياري؛بديع بن عباس,2,3,الطاهر العبيدي,,,,تجاري,,,3-3- العقد 3-3 -1- عقد توزيع وعقد استغلال تحت التسمية الأصلية,قرار تعقيبي عدد 46692 بتاريخ 23 نوفمبر 2017 صدر عن الدائرة المدنية الرابعة برئاسة السيد المنصف الكشو والمستشارين السيدين آسيا العياري وبديع بن عباس بمحضر المدعي العمومي السيد الطاهر العبيدي .,2017,181,183,,4164,,,,,,digests/txt/2017-039.txt,,,
2017-040,digest,46692,,2017-11-23,2017,11,محكمة التعقيب,تونس,دائرة,4,المنصف الكشو,,اسيا العياري؛بديع بن عباس,2,3,الطاهرالعبيدي,,,,تجاري,,,3-3 -2- التجديد الضمني للعقد,قرار تعقيبي مدني عدد 46692 بتاريخ 23 نوفمبر 2017 صدر عن الدائرة الرابعة برئاسة السيد المنصف الكشو والمستشارين السيدين آسيا العياري وبديع بن عباس بمحضر المدعي العمومي السيد الطاهرالعبيدي ومساعدة الكاتبة كريمة الغزواني .,2017,183,185,,3640,,,,,,digests/txt/2017-040.txt,,2017-039,repeat_of:2017-039
2017-045,digest,,,2017-11-23,2017,11,محكمة التعقيب,تونس,دائرة,4,المنصف الكشو,,نجلاء المصمودي؛نجوى الغربي,2,3,الطاهر العبيدي,كريمة الغزواني,,,مدني,,,3-3 -6- الوكيل الذي يبيع لابنه لا يعتبر قد تعاقد لنفسه,قرار تعقيبي مدني عدد صدر بتاريخ 23 نوفمبر 2017 عن الدائرة المدنية الرابعة برئاسة السيد المنصف ال كشو وعضوية المستشارتين السيدتين نجلاء المصمودي ونجوى الغربي بمحضر المدعي العام السيد الطاهر العبيدي وبمساعدة كاتبة الجلسة السيدة كريمة الغزواني .,2017,189,190,,2062,,,,,,digests/txt/2017-045.txt,,,
2017-105,digest,46700,,2017-11-23,2017,11,محكمة التعقيب,تونس,دائرة,4,المنصف الكشو,,اسيا العياري؛حاتم بن جماعة,2,3,الطاهر العبيدي,كريمة الغزواني,,,مدني,,,7- 13 -آجال الحضور في دعوى غرامة الحرمان,قرار تعقيبي مدني عدد 46700 صدر بتاريخ 23 نوفمبر 2017 عن الدائرة الرابعة برئاسة السيد المنصف الكشو وعضوية المستشارين السيدين آسيا العياري وحاتم بن جماعة وبمحضر المدعي العمومي السيد الطاهر العبيدي ومساعدة كاتبة الجلسة السيدة كريمة الغزواني .,2017,271,272,,2016,,,,,,digests/txt/2017-105.txt,,,
2017-084,digest,45291,,2017-11-24,2017,11,محكمة التعقيب,تونس,دائرة,10,,,,0,0,نبيل غرس الله,كريمة الغزواني,,,مدني,,,6-5- الخطأ الفادح والخطأ غير المغتفر,قرار تعقيبي مدني عدد 45291 صدر بتاريخ 24 / 11 / 2017 عن الدائرة المدنية العاشرة برئاسة السيدة سلوى النهدي وعضو ية المستشارتين السيدتين حياة الخماسي وعبلة بن شعبان بحضور المدعي العام السيد نبيل غرس الله ومساعدة كاتبة الجلسة السيدة كريمة الغزواني .,2017,248,250,,4024,,,,,,digests/txt/2017-084.txt,,,
2017-048,digest,43174,,2017-11-27,2017,11,محكمة التعقيب,تونس,دائرة,23,,,توفيق الجريدي؛محمد الورهاني,2,2,سميرة قرماني,عائدة الحلواني,,,مدني,,,3-6- رفض قبول الإرث,قرار تعقيبي مدني عدد 43174 صدر بتاريخ 27 نوفمبر 2017 عن الدائرة المدنية الثالثة والعشرين برئا سة السيد احمد الرحموني وعضوية المستشارين السيدين توفيق الجريدي ومحمد الورهاني بحضور المدعي العمومي السيدة سميرة قرماني وبمساعدة كاتبة الجلسة السيدة عائدة الحلواني .,2017,192,196,,7065,,,,,,digests/txt/2017-048.txt,,,
2017-096,digest,44496,,2017-11-27,2017,11,محكمة التعقيب,تونس,دائرة,1,نازك كادة,,هندة العلاقي؛مريم البكوش,2,3,فاتن بالامين,عائدة البرقاوي,,,مدني,,,7-7- إعادة نشر القضية 7-7-1- إعادة نشر القضية إجراء إداري,قرار تعقيبي مدني عدد 44496 صدر بتاريخ 27 / 11 / 2017 عن الدائرة المدنية الأولى برئاسة السيدة نازك كادة وعضوية المستشارتين السيدتين هندة العلاقي ومريم البكوش وبحضور المدعي العام السيدة فاتن بالأمين وبمساعدة كاتبة الجلسة السيدة عائدة البرقاوي .,2017,264,264,,1059,,,,,,digests/txt/2017-096.txt,,,
2017-099,digest,37631,,2017-11-27,2017,11,محكمة التعقيب,تونس,دائرة,1,نازك كادة,,هندة العلاقي؛مريم البكوش,2,3,فاتن بالامين,عائدة البرقاوي,المحكمة الابتدائية بسوسة,سوسة,مدني,,,7-8 -2-محضر التبتيت لا يعد لائحة حكم,قرار تعقيبي مدني عدد 37631 صدر بتاريخ 27 نوفمبر2017 عن الدائرة المدنية الاولى برئاسة السيدة نازك كادة وعضوية المستشارين السيدتين هندة العلاقي ومريم البكوش وبمحضر المدعي العام السيدة فاتن بالأمين وبمساعدة كاتبة الجلسة السيدة عائدة البرقاوي .,2017,266,267,,1452,,,,,,digests/txt/2017-099.txt,,,
2017-123,digest,58833,,2017-11-28,2017,11,محكمة التعقيب,تونس,دائرة,27,عادل الاندلسي,,بلقاسم كعوان؛مفيدة محجوب,2,3,لطفي العا ب دي,سنية عبداوي,المحكمة الابتدائية بالمنستير,المنستير,جزائي,,,11 -2 -8 - الجريمة المثارة,قرار تعقيبي جزائي عدد 58833 صدر بتاريخ 28 نوفمبر 2017 عن الدائرة السابعة والعشرون برئاسة السيد عادل الأندلسي وعضوية المستشارين السيدين بلقاسم كعوان ومفيدة محجوب وبمحضر المدعي العمومي السيد لطفي العا ب دي وبمساعدة كاتبة الجلسة السيدة سنية عبداوي .,2017,300,303,,5448,,,,,,digests/txt/2017-123.txt,,,
2017-137,digest,58833,,2017-11-28,2017,11,محكمة التعقيب,تونس,دائرة,27,عادل الاندلسي,,بلقاسم كعوان؛مفيدة محجوب,2,3,لطفي العا ب دي,سنية عبداوي,,,جزائي,,,11 -3 - 12 - التفكيك والضم,قرار تعقيبي جزائي عدد 58833صدر بتاريخ28 نوفمبر 2017 عن الدائرة السابعة والعشرونبرئاسة السيد عادل الأندلسي وعضوية المستشارين السيدين بلقاسم كعوان ومفيدة محجوب وبمحضر المدعي العمومي السيد لطفي العا ب دي وبمساعدة كاتبة الجلسة السيدة سنية عبداوي .,2017,321,324,,5890,,,,,,digests/txt/2017-137.txt,,2017-123,repeat_of:2017-123
2017-125,digest,46783/46861,,2017-11-30,2017,11,محكمة التعقيب,تونس,دائرة,15,جميل بن عياد,,عدنان الهاني؛امال عاشور,2,3,,,,,جزائي,,,11 -2 - 10 - الركن المادي في جريمة الانضمام إلى تنظيم إرهابي,قرار جزائي عدد 46783 / 46861 صدر بتاريخ 30 نوفمبر 2017 عن الدائرة الخامسة عشرة برئاسة السـيد جميل بن عياد وعضوية المستشارين السيدين عدنان الهاني وآمال عاشور وبمحضر المدعي العام السيد محمد بلحاج عمر وكاتبة المحكمة السيدة منيرة المانعي .,2017,306,308,,3328,,,,,,digests/txt/2017-125.txt,,,
2017-132,digest,46783/46861,,2017-11-30,2017,11,محكمة التعقيب,تونس,دائرة,15,جميل بن عياد,,عدنان الهاني؛امال عاشور,2,3,,,,,جزائي,,,11 -3 -7 -2- المفعول التطهيري لاتصال القضاء بقرار دائرة الإتهام,قرار تعقيبي جزائي عدد 46783 / 46861 صدر بتاريخ 30 نوفمبر 2017 عن الدائرة الخامسة عشرة برئاسة السـيد جميل بن عياد وعضوية المستشارين السيدين عدنان الهاني وآمال عاشوروبمحضر المدعي العام السيد محمد بلحاج عمر وكاتبة المحكمة السيدة منيرة المانعي .,2017,317,317,,554,,,,,,digests/txt/2017-132.txt,,2017-125,repeat_of:2017-125
2017-098,digest,45501/46360,,2017-12-04,2017,12,محكمة التعقيب,تونس,دائرة,1,نازك كادة,,هندة العلاقي؛مريم البكوش,2,3,فاتن بالامين,عائدة البرقاوي,,,مدني,,,7-8- التبتيت 7-8 -1- المبتت له غير ملزم بتأمين الثلث في صورة التسديس,قرار تعقيبي عدد 45501 / 46360 صدر بتاريخ 04 ديسمبر 2017 عن الدائرة المدنية الأولى برئاسة السيدة نازك كادة وعضوية المستشارين السيدتين هندة العلاقي ومريم البكوش وبمحضر المدعي العام السيدة فاتن بالأمين وبمساعدة كاتبة الجلسة السيدة عائدة البرقاوي .,2017,265,266,,2785,,,,,,digests/txt/2017-098.txt,,,
2017-128,digest,55216/55263,,2017-12-08,2017,12,محكمة التعقيب,تونس,دائرة,29,الحبيب سعادة,,شكري كمون؛محمد رؤوف اليوسفي,2,3,,,,,جزائي,,,11 -3 -4- تعليل حفظ التهمة,قرار تعقيبي جزائي عدد 55216 / 55263بتاريخ 08 / 12 / 2017 صدر عن الدائرة التاسعة والعشرون برئاسة السيد الحبيب سعادة وعضوية المستشارين السيدين شكري كمون ومحمد رؤوف اليوسفي بحضور المعي العام السيد بديع حكيم ومساعدة الكاتب السيد جلال العنتير .,2017,311,313,,2831,,,,,,digests/txt/2017-128.txt,,,
2017-077,digest,54581,,2017-12-12,2017,12,محكمة التعقيب,تونس,دائرة,32,لمياء الحمامي,,فاتن خير الله؛راضية المنتصر,2,3,محمد الحاج عمر,عائدة الحلواني,,,مدني,,,6-1 -5- التعويض عن الأضرار المادية للعربة,قرار تعقيبي مدني عدد 54581 صدر بتاريخ 12 ديسمبر 2017 عن الدائرة المدنية الثانية والثلاثين برئاسة السيدة لمياء الحمامي وعضوية المستشارتين السيدتين فاتن خير الله وراضية المنتصر وبحضور المدعي العام السيد محمد الحاج عمر وبمساعدة كاتبة الجلسة السيدة عائدة الحلواني .,2017,240,240,,1718,,,,,,digests/txt/2017-077.txt,,,
2017-116,digest,58876,,2017-12-12,2017,12,محكمة التعقيب,تونس,دائرة,27,عادل الاندلسي,,بلقاسم كعوان؛مفيدة محجوب,2,3,لطفي العابدي,سنية عبداوي,,,جزائي,,,11 - قانون جزائي وإجراءات جزائية 11 -1 -قانون جزائي عام 11 -1 -1 - الفرق بين الاعمال التحضيرية والشروع في التنفيذ,قرار تعقيبي جزائي عدد 58876 صدر بتاريخ12 ديسمبر 2017 عن الدائرة السابعة والعشرون برئاسة السيد عادل الأندلسي وعضوية المستشارين السيدين بلقاسم كعوان ومفيدة محجوب وبمحضر المدعي العمومي السيد لطفي العابدي وبمساعدة كاتبة الجلسة السيدة سنية عبداوي .,2017,284,287,,6854,,,,,,digests/txt/2017-116.txt,,,
2017-118,digest,48836,,2017-12-15,2017,12,محكمة التعقيب,تونس,دائرة,,المنجي شلغوم,,ابراهيم الحرباوي؛حمادي الرحماني,2,3,شكري الدردوري,ليلى الرياحي,,,جزائي,,,11 -1 -3 - التناسب بين الفعل والعقوبة,قرار تعقيبي جزائي عدد48836 صدر بتاريخ 15 ديسمبر 2017 عن الدائرة 39 برئاسة السيد المنجي شلغوم وعضوية المستشارين السيدين إبراهيم الحرباوي وحمادي الرحماني بحضور المدعي العام السيد شكري الدردوري ومساعدة كاتبة الجلسة السيدة ليلى الرياحي .,2017,288,289,,1476,,,,,,digests/txt/2017-118.txt,,,
2017-126,digest,63854,,2017-12-15,2017,12,محكمة التعقيب,تونس,دائرة,29,الحبيب سعادة,,شكري كمون؛سامي الداهش,2,3,بديع حكيم,,,,جزائي,,,11 -3 - إجراءات جزائية 11 -3 -1 - إلغاء مرسوم الصحافة لأحكام المجلة الجزائية؟ 11 -3 -2 -تقيّد دائرة الاتهام بنص إحالة النيابة العمومية,قرار تعقيبي جزائي عدد 63854 بتاريخ 15 / 12 / 2017 صدر عن الدائرة التاسعة والعشرون برئاسة السيد الحبيب سعادة وعضوية المستشارين السيدين شكري كمون وسامي الداهش بحضور المدعي العام السيد بديع حكيم ومساعدة الكاتب السيد جلال العنتير . أوّلا في مسالة إلغاء مرسوم الصحافة لأحكام المجلة الجزائية,2017,308,310,,5553,,,,,,digests/txt/2017-126.txt,,,
2017-025,digest,54377,,2017-12-19,2017,12,محكمة التعقيب,تونس,دائرة,32,لمياء الحمامي,,فاتن خير الله؛راضية المنتصر,2,3,محمد الحاج عمر,عائدة الحلواني,,,مدني,,,2-4- التعويض عن إنهاء عقد الشغل بفعل الأمير,قرار تعقيبي شغلي عدد 54377 صدر بتاريخ 19 ديسمبر 2017 عن الدائرة المدنية الثانية والثلاثين برئاسة السيدة لمياء الحمامي وعضوية المستشارتين السيدتين فاتن خير الله وراضية المنتصر وبحضور المدعي العام السيد محمد الحاج عمر وبمساعدة كاتبة الجلسة السيدة عائدة الحلواني .,2017,168,169,,2274,,,,,,digests/txt/2017-025.txt,,,
2017-067,digest,55339,,2017-12-20,2017,12,محكمة التعقيب,تونس,دائرة,24,لمياء الحمامي,,امال عباسي؛رجاء الخضراوي,2,3,لطيفة العرفاوي,,,,تجاري,,,5-8- إجراءات انعقاد الجلسة العامة العادية والجلسة العامة الخارقة للعادة,قرار تعقيبي تجاري عدد 55339 صدر بتاريخ 20ديسمبر2017 عن الدائرة المدنية الرابعة والعشرين برئاسة السيدة لمياء الحمامي وعضوية المستشارتين السيدة أمال عباسي والسيدة رجاء الخضراوي وبمحضر المدعي العام السيدة لطيفة العرفاوي ومساعدة كاتب ة الجلسة السيدة عائدة البرقاوي .,2017,224,227,,4832,,,,,,digests/txt/2017-067.txt,,,
2017-031,digest,51332,,2017-12-25,2017,12,محكمة التعقيب,تونس,دائرة,1,نازك كادة,,,0,1,فاتن بالامين,,,,مدني,,,3- مدني عام 3-1- الهبة 3-1 -1-صحة هبة الرقبة,قرار تعقيبي مدني عدد 51332 بتاريخ 25 / 12 / 2017 صد رعن الدائرة المدنية الأولى برئاسة السيدة نازك كادة وعضوية المستشارين السيدين مريم البكوش و بديع بن عباس وبحضور المدعي العام السيدة فاتن بالأمين .,2017,173,174,,1910,,,,,,digests/txt/2017-031.txt,,,
2017-046,digest,46720,,2017-12-25,2017,12,محكمة التعقيب,تونس,دائرة,1,نازك كادة,,مريم البكوش؛بديع بن عباس,2,3,الطاهر العبيدي,,,,مدني,,,3-4- تجزئة الإقرار,قرار تعقيبي مدني عدد 46720 صدر بتاريخ 25 / 12 / 2017 عن الدائرة المدنية الأولى برئاسة السيدة نازك كادة وعضوية المستشارين السيدين مريم البكوش وبديع بن عباس بحضور المدعي العام السيد الطاهر العبيدي .,2017,190,191,,2128,,,,,,digests/txt/2017-046.txt,,,
2017-059,digest,45327/2017,,2017-12-25,2017,12,محكمة التعقيب,تونس,دائرة,1,نازك كادة,,مريم بكوش؛بديع بن عباس,2,3,الطاهر العبيدي,,,,تجاري,,,5- تجاري 5-1- إ نقاذ شركة تمر بصعوبات اقتصادية,قرار تعقيبي تجاري عدد 45327 / 2017 صدر بتاريخ 25 / 12 / 2017 عن الدائرة المدنية الأولى برئاسة السيدة نازك كادة وعضوية المستشارين السيدين مريم بكوش وبديع بن عباس وبحضور المدعي العام السيد الطاهر العبيدي .,2017,213,214,,1627,,,,,,digests/txt/2017-059.txt,,,
2017-070,digest,46701,,2017-12-25,2017,12,محكمة التعقيب,تونس,دائرة,1,نازك كادة,,مريم البكوش؛بديع بن عباس,2,3,الطاهر العبيدي,,,,مدني,,,6- مسؤولية مدنية وتأمين 6-1- حوادث مرور 6-1 -1- تجزئة المسؤولية,قرار عدد 46701 بتاريخ 25 / 12 / 2017 عن الدائرة المدنية الأولى برئاسة السيدة نازك كادة وعضوية المستشارين السيدين مريم البكوش وبديع بن عباس بحضور المدعي العام السيد الطاهر العبيدي .,2017,233,234,,1297,,,,,,digests/txt/2017-070.txt,,,
2017-071,digest,46886,,2017-12-25,2017,12,محكمة التعقيب,تونس,دائرة,1,نازك كادة,,مريم البكوش؛بديع بن عباس,2,3,الطاهر العبيدي,,,,مدني,,,6-1 -2- المرافق 6-1-2-1- مرافق لسائق الشاحنة,قرار تعقيبي مدني عدد 46886 بتاريخ 25 / 12 / 2017 صدر عن الدائرة المدنية الأولى برئاسة السيدة نازك كادة وعضوية المستشارين السيدين مريم البكوش وبديع بن عباس بحضور المدعي العام السيد الطاهر العبيدي .,2017,234,234,,1184,,,,,,digests/txt/2017-071.txt,,,
2017-072,digest,46790,,2017-12-25,2017,12,محكمة التعقيب,تونس,دائرة,1,نازك كادة,,مريم البكوش؛بديع بن عباس,2,3,الطاهر العبيدي,,,,مدني,,,6-1-2-2- مرافق للدراجي,قرار تعقيبي مدني عدد 46790 بتاريخ 25 / 12 / 2017 صدر عن الدائرة المدنية الأولى برئاسة السيدة نازك كادة وعضوية المستشارين السيدين مريم البكوش وبديع بن عباس بحضور المدعي العام السيد الطاهر العبيدي .,2017,234,235,,1643,,,,,,digests/txt/2017-072.txt,,,
2017-058,digest,47076,,2017-12-27,2017,12,محكمة التعقيب,تونس,دائرة,7,سارة العياري,,,0,1,شكري الدردوري,,,,عقاري,,,4- 10 - الاحتجاج بالوعد بالبيع - عقار مسجل - قيد احتياطي,قرار تعقيبي مدني عدد 47076 صدر بتاريخ 27 ديسمبر 2017 عن الدائرة السابعة برئاسة السيدة سارة العياري وعضوية المستشارتين السيدتين هالة البجار و ايمان الشرفي وبحضور المدعي العام السيد شكري الدردوري وبمساعدة كاتبة المحكمة السيدة امال بن نصر .,2017,212,213,,1812,,,,,,digests/txt/2017-058.txt,,,
2017-129,digest,52230,,2017-12-29,2017,12,محكمة التعقيب,تونس,دائرة,29,الحبيب سعادة,,شكري كمون؛محمد رؤوف اليوسفي,2,3,بديع حكيم,,,,جزائي,,,11 -3 -5 - الاختصاص الحكمي لجريمة الاستيلاء على مشترك قبل القسمة,قرار تعقيبي جزائي عدد52230 بتاريخ 29 / 12 / 2017 صدر عن الدائرة التاسعة والعشرون برئاسة السيد الحبيب سعادة وعضوية المستشارين السيدين شكري كمون ومحمد رؤوف اليوسفي بحضور المدعي العام السيد بديع حكيم ومساعدة الكاتب السيد جلال العنتير .,2017,313,314,,2437,,,,,,digests/txt/2017-129.txt,,,
2019-131,digest,59397,2018,2018-02-27,2018,02,محكمة التعقيب,تونس,دائرة,3,نعيمة رحيم,,بسمة العبساوي؛عفاف عالشيخ,2,3,لطفي البدوي,سنية عبداوي,,,جزائي,,,-7-2-6 انفصال نظام التعويض عن الأضرار اللاحقة بالأشخاص في حوادث المرور عن التداعي الجزائي,قرار تعقيبي عدد 59397.2018 بتاريخ 2018/02/27 صادر عن الدائرة المدنية الثالثة برئاسة السيدة نعيمة رحيّم وعضوية المستشارين السيدتين بسمة العبساوي وعفاف عالشيخ وبحضور المدعي العام السيد لطفي البدوي وبمساعدة كاتبة الجلسة السيدة سنية عبداوي,2019,372,373,,2034,,,,,,digests/txt/2019-131.txt,,,
20918-18,full_text,20918,2015,2018-06-28,2018,06,محكمة التعقيب,تونس,الدوائر المجتمعة,,الهادي القديري,الهادي العياري؛نازك كادة البشير المطوي؛ماجدة بن غربية؛رجاء الفخفاخ؛وسيلة الكعبي؛الحبيب بالحاج؛نعيمة رحيم عادل الاندلسي؛لمياء الحمامي؛شادية الصافى؛كمال مصطفى العلانى؛كوثر السعدي؛جمال المستيري؛منيرة النحالى؛جميل بن عياد؛لطيفة البغدادي؛سلوى النهدي؛المنجى شلغوم؛بديع بن عباس؛مفيدة الصولي؛راضية المنتصر؛امال عباسي؛ماجدة الفهري؛ريم منية البحري؛عبلك الباسط خالدي؛ابراهيم الحرباوي؛زيئب لغلوغ؛عفاف عالشيخ؛رجاء بوسمة؛سعاد شبار؛امال العرفاوي؛ثريا الداهمش؛سامى الداهمش؛اسيا العياري؛ايماك الشرفى؛مفيدة الطلحاوي؛بلقاسم كعوان؛سميرة الحويوي؛بسمة بودل؛سنية الدبابى؛سهام الشاهد,,0,41,شكري التريكي,عفاف الحاجى,محكمة الاستئناف بتونس,تونس,مدني,نقض؛إحالة؛رفض؛قبول,تحكيم-إفشاء سرية المفاوضة,,,,,,12,13125,ocr,0.93,http://www.cassation.tn/fileadmin/user_upload/20918-18.pdf,d41cf7e115bd1c805094e84403686912b3ca0bb149b2ba5a2614e0dbd4daa3be,decisions/pdf/20918-18.pdf,decisions/txt/20918-18.txt,,,bench_not_separated
28620-18,full_text,28620,2018,2018-06-28,2018,06,محكمة التعقيب,تونس,الدوائر المجتمعة,,الهادي القديري,الهادي العياري؛نازك كادة؛المنصف الكشو؛البشير المطوي؛رجاء الفخفاخ؛وسيلة الكعبي؛الحبيب بلحاج؛نعيمة رحيم؛عادل الاندلسي؛لمياء الحمامي؛سارة العياري؛شادية الصافي؛كمال مصطفى العلاني؛كوثر السعدي؛جمال المستيري؛منيرة النحالي؛جميل بن عياد؛لطيفة البغدادي؛سلوى النهدي؛روضة اوبيش؛محمد كمال دويك,مفيدة الصولي؛سهام الشاهد؛راضية المنتصر؛امال عباسي؛عبد الباسط الخالي؛زينب لغلوغ؛رجاء بوسمة_؛بديع بن عباس_ثريا الداهش_؛سميرة الحويوي؛امدل العرفاوي؛بسمة بودن؛مفيدة الطلحاوي؛سنية الدبابي؛ماجدة الفهري؛حاتم بن جماعة_بلقاسم كعوان؛سعاد شبار؛عفاف عالشيخ؛ايمان الشرفي؛ااسيا العياري؛ريم منية البحري,20,42,شكري التريكي,عفاف الحاجي,محكمة الاستئناف بالمنستير,المنستير,مدني,نقض؛إحالة؛قبول,انقضاء عقد التأمين,,,,,,7,10873,ocr,0.911,http://www.cassation.tn/fileadmin/user_upload/28620-18.pdf,aab0e62bc4bf08e7020362c3f21b53f14436129976178d2a30479a79a9a6b40d,decisions/pdf/28620-18.pdf,decisions/txt/28620-18.txt,,,
398-18,full_text,398,2018,2018-06-28,2018,06,محكمة التعقيب,تونس,الدوائر المجتمعة,,الهادي القديري,الهادي العياري؛نازك كادة؛البشير المطوي؛ماجدة بن غربية؛رجاء الفخفاخ؛وسيلة الكعبي؛الحبيب بالحاج؛نعيمة رحيم؛عادل الاندلسي؛لمياء الحمامي؛سارة العياري؛شادية الصافي؛كمال مصطفى العلاني؛كوثر السعدي؛جمال المستيري؛منيرة النحالي؛جميل بن عياد؛لطيفة البغدادي؛سلوى النهدي؛المنجي شلغوم؛روضة اوبيش؛محمد كمال دويك,حاتم بن جماعة؛بديع بن عباس؛مفيدة الصولي؛راضية المنتصر؛امال عباسي؛ماجدة الفهري؛ريم منية البحري؛زينب لغلوغ؛عفاف عالشيخ؛رجاء بوسمة؛سعاد شبارء امال العرفاوي؛ثريا الداهش؛سامي الداهشء؛اسيا العياري؛ايمان الشرفي؛مفيدة الطلحاوي؛بلقاسم كعوان؛سميرة الحويوي؛بسمة بودن؛سنية الدبابي؛سهام الشاهد,21,44,شكري التريكي,عفاف الحاجى,المحكمة الابتدائية بتونس,تونس,مدني,قبول,خطأ بين-بداية عد أجل تقديم الوثائق,,,,,,7,6791,ocr,0.905,http://www.cassation.tn/fileadmin/user_upload/398-18.pdf,ac3ce6b9951aed782638b4111db98b3de44cbc859d90a4d56d07f35260087743,decisions/pdf/398-18.pdf,decisions/txt/398-18.txt,,,
47234-18,full_text,47234,2018,2018-06-28,2018,06,محكمة التعقيب,تونس,الدوائر المجتمعة,,الهادي القديري,الهادي العياري؛نازك كادة؛المنصف الكشو_البشير المطوي؛رجاء الفخفاخ؛وسيلة الكعبي؛الحبيب بلحاج؛نعيمة رحيم؛عادل الاندلسي؛لمياء الحمامي؛سارة العياري؛شادية الصافي_كمال مصطفى العلاني؛كوثر السعدي؛جمال المستيري؛منيرة النحالي؛جميل بن عياد؛سلوى النهدي؛_المنجي شلغوم؛روضة اوبيش_؛محمد كمال دويك,مفيدة الصولي؛سهام الشاهد؛راضية المنتصر؛امال عباسي؛عبد الباسط الخالي؛زينب لغلوغ؛رجاء بوسمة؛اامل العرفاوي؛بسمة بودن؛مفيدة الطلحاوي؛سنية الدبابي؛ابراهيم الحرباوي؛ماجدة الفهري؛حاتم بن جماعة_؛بلقاسم كعوان؛سعاد شبار_؛عفاف عالشيخ؛ايمان الشرفي_؛اسيا العياري؛ريم منية البحري,20,40,شكري التريكي,عفاف الحاجي,محكمة الاستئناف بالمنستير,المنستير,مدني,رفض؛قبول,مرور-الصلح مع الصندوق,,,,,,17,25078,ocr,0.93,http://www.cassation.tn/fileadmin/user_upload/47234-18.pdf,cfc70c53e72f3eff4dd16dbcc29b876028706c74df0813a54d0fe1a283bdb28c,decisions/pdf/47234-18.pdf,decisions/txt/47234-18.txt,,,
39843-17,full_text,39843,2017,2018-10-25,2018,10,محكمة التعقيب,تونس,الدوائر المجتمعة,,الهادي العياري,نازك كاده؛البشير المطوي؛ماجدة بن غربية؛وسيلة التليلي؛عادل الاندلسي؛لمياء الحمامي؛عبد المجيد بوريقة؛سارة العياري؛جليلة نصر الله؛كمال مصطفى العلاني؛كوثر السعدي؛جمال المستيري؛منيرة النحالي؛حياة البصلي؛لطيفة البغدادي؛سلوى النهدي؛المنجي شلغوم؛روضة اوبيش؛محمد كمال؛المنذر الشتيوي؛حاتم بن عجال؛رياض الموحلي؛رياض الامام؛جلال الدين بوكتيف؛المنصف بالحاج علي؛ريم منية البحري؛رضا العرعوري,هندة العلاقي؛احمد الغالي؛صالحة النحالي؛سميرة الحويوي؛محمد الورهاني؛ابراهيم الغرياني؛امال العرفاوي؛كوثر الشريفي؛فاتن خير الله؛حليمة النيال؛رجاء بوسمة؛عادل الاخضر؛بسمة بودن؛توفيق سويدي؛هالة البجار؛سهام الشاهد؛رجاء الخضراوي؛بسمة العبساوي؛عبد الباسط الخالدي؛عبلة بن شعبان؛نجلاء المصمودي؛انور المليح؛الازهر العوامري؛ماهر كريشان؛فاخر بركات؛زينب لغلول؛الهام البناني؛ماهر كنو؛ابراهيم الحرباوي؛ابراهيم الغرياني؛رشيد الشيحاوي؛حاتم بن جماعة؛نجيب العرعوري؛عماد الدغاري؛بديع بن عباس,35,63,شكري التريكي,عفاف الحاجي,محكمة الاستئناف بتونس,تونس,مدني,رفض؛قبول,تقادم دعوى البطلان,,,,,,10,15715,text-layer,0.946,http://www.cassation.tn/fileadmin/user_upload/39843-17.pdf,32429225510d91d08551f4bee4d34f6e79082eb4192e349d1ff4197921458180,decisions/pdf/39843-17.pdf,decisions/txt/39843-17.txt,,,
2019-106,digest,57168,2017,2019-01-02,2019,01,محكمة التعقيب,تونس,دائرة,4,المنصف الكشو,,نجلاء المصمودي؛نجوى الغربي,2,3,لطفي البدوي,كريمة الغزواني,,,تجاري,,,من قبله على ملف قضية الحال.» -3-3-5 شروط سحب الفلسة - أساس دعوى سحب الفلسة,قرار تعقيبي عدد 57168.2017 بتاريخ 02 جانفي 2019 صادر عن الدائرة المدنية الرابعة برئاسة السيد المنصف الكشو وعضوية المستشارتين السيدتين نجلاء المصمودي ونجوى الغربي وبمحضر المدعي العام السيد لطفي البدوي وبمساعدة كاتبة الجلسة السيدة كريمة الغزواني.,2019,327,329,,2361,,,,,,digests/txt/2019-106.txt,,,
2019-162,digest,57168,2017,2019-01-02,2019,01,محكمة التعقيب,تونس,دائرة,4,المنصف الكشو,,نجلاء المصمودي؛نجوى الغربي,2,3,لطفي البدوي,كريمة الغزواني,,,مدني,,,-11-7إثارة الدفوعات ا-1-11-7ل تثار أمام محكمة التعقيب أوجه دفوع جديدة إلا ما كان منها ماسا بالنظام العام,قرار تعقيبي عدد 57168.2017 بتاريخ 02 جانفي 2019 صادر عن الدائرة المدنية الرابعة برئاسة السيد المنصف الكشو وعضوية المستشارتين السيدتين نجلاء المصمودي ونجوى الغربي وبمحضر المدعي العام السيد لطفي البدوي وبمساعدة كاتبة الجلسة السيدة كريمة الغزواني.,2019,424,425,,1015,,,,,,digests/txt/2019-162.txt,,2019-106,repeat_of:2019-106
2019-164,digest,57279,2017,2019-01-02,2019,01,محكمة التعقيب,تونس,دائرة,7,سارة العياري,,ماجدة الفهري؛هالة البجار,2,3,فيروز العباسي,امال بن نصر,,,تجاري,,,-12-7 الاختصاص الحكمي في نزاعات المنشآت العمومية,قرار تعقيبي عدد 57279.2017 بتاريخ 02 جانفي 2019 صادر عن الدائرة المدنية السابعة برئاسة السيدة سارة العياري وعضوية المستشارتين السيدتين ماجدة الفهري وهالة البجار وبحضور ممثل الادعاء العام السيدة فيروز العباسي وبمساعدة كاتبة الجلسة السيدة آمال بن نصر.,2019,426,426,,983,,,,,,digests/txt/2019-164.txt,,,
2019-132,digest,66193,2018,2019-01-08,2019,01,محكمة التعقيب,تونس,دائرة,32,فاتن خير االله,,راضية المنتصر؛نفيسة العلاني,2,3,اسمهان الحبيب,عائدة الحلواني,,,مدني,,,-8-2-6 سحب رخصة السياقة ال يعني أن السائق غير متحصل على الشهادات الصالحة لسياقة العربات,قرار تعقيبي عدد 66193.2018 صادر بتاريخ 8 جانفي 2019 عن الدائرة المدنية الثانية والثلاثين برئاسة السيدة فاتن خير االله وعضوية المستشارين السيدتين راضية المنتصر ونفيسة العلاني وبحضور المدعي العام السيدة اسمهان الحبيب وبمساعدة كاتبة الجلسة السيدة عائدة الحلواني.,2019,373,374,,2148,,,,,,digests/txt/2019-132.txt,,,
2019-047,digest,58890,2018,2019-01-09,2019,01,محكمة التعقيب,تونس,دائرة,8,مفيدة الشوالي,,سهام الصمادحي؛بسمة بودن,2,3,امال العباسي,توفيق المناصري,,,احوال شخصية,,,-3-1 واجب المساكنة - إفراد الزوجة بمحل مستقل,قرار تعقيبي عدد 58890.2018 بتاريخ 09 جانفي 2019 صادر عن الدائرة الثامنة برئاسة السيدة مفيدة الشوالي وعضوية المستشارتين السيدتين سهام الصمادحي وبسمة بودن وبحضور المدعي العام السيدة آمال العباسي ومساعدة كاتب الجلسة السيد توفيق المناصري.,2019,225,226,,1847,,,,,,digests/txt/2019-047.txt,,,
2019-124,digest,57342,2017,2019-01-09,2019,01,محكمة التعقيب,تونس,دائرة,24,جليلة نصر االله,,صالح بن الحاج؛ريدة الغربي,2,3,منية بن علي,عائدة البرقاوي,,,,,,-2-6 التأمين -1-2-6 ضرورة التنصيص بالعقد على جزاء سقوط الحق في الضمان في صورة عدم احترام أجل الإعلام بالحادث,قرار تعقيبي عدد 57342.2017 صادر بتاريخ 09 جانفي 2019 عن الدائرة الرابعة والعشرين برئاسة السيدة جليلة نصر االله وعضوية المستشارين السيدين صالح بن الحاج وريدة الغربي وبحضور ممثل الادعاء العام السيدة منية بن علي وبمساعدة كاتبة الجلسة السيدة عائدة البرقاوي.,2019,366,366,,1157,,,,,,digests/txt/2019-124.txt,,,
2019-178,digest,67688,,2019-01-09,2019,01,محكمة التعقيب,تونس,دائرة,4,منصف الكشو,,نجلاء المصمودي؛نجوى الغربي,2,3,بسمة العيدودي,كريمة الغزواني,,,مدني,,,-2-2-8 عدم تقديم تصريح يوجب اعتبار المعقول تحت يده مدينا لا أكثر ولا أقل,قرار تعقيبي عدد 67688 بتاريخ 09 جانفي 2019 صادر عن الدائرة المدنية الرابعة برئاسة السيد منصف الكشو وعضوية المستشارتين السيدتين نجلاء المصمودي ونجوى الغربي بمحضر المدعي العام السيدة بسمة العيدودي وبمساعدة كاتبة الجلسة السيدة كريمة الغزواني.,2019,449,452,,5368,,,,,,digests/txt/2019-178.txt,,,
2019-001,digest,390,,2019-01-10,2019,01,محكمة التعقيب,تونس,الدوائر المجتمعة,,,,,0,0,,,,,مدني,,,I فقه القضاء -أقرارات الدوائر المجتمعة -قرارات الدوائر المجتمعة في المادة المدنية مرافعات مدنية وتجارية ❍ خطأ بيّن: مراقبة صحة التبليغ,قرار صادر عن الدوائر المجتمعة عدد 390 بتاريخ 10 جانفي 2019,2019,79,82,,4935,,,,,,digests/txt/2019-001.txt,,,
2019-020,digest,25293,2015,2019-01-10,2019,01,محكمة التعقيب,تونس,الدوائر المجتمعة,,,,,0,0,,,محكمة الاستئناف ببنزرت,بنزرت,تجاري,,,مدني عام وكيل الشركة لا يعد قد عقد لنفسه إذا كانت الذات المعنوية ممثلة تمثيلا صحيحا بغيره,قرار الدوائر المجتمعة عدد 25293.2015 بتاريخ 10 جانفي 2019,2019,122,126,,8069,,,,,,digests/txt/2019-020.txt,,,
44803,full_text,44803,,2019-01-10,2019,01,محكمة التعقيب,تونس,الدوائر المجتمعة,,الطيب راشد,الهادي العياري؛البشير المطوي؛ماجدة بن غربية؛ماهر كريشان؛نعيمة رحيم؛وسيلة التليلي؛عادل الاندلسي؛عبد المجيد بوريقة؛سارة العياري؛جليلة نصر الله؛كمال مصطفى العلاني؛كوثر السعدي؛جمال المستيري؛منيرة النحالي؛عبد الرزاق الباهوري؛المنصف الكشو؛حياة البصلي؛لطيفة البغدادي؛سلوى النهدي؛المنجي شلغوم؛روضة اوبيش؛محمد كمال؛حاتم بن عجال؛زهرة السلامي؛رياض الموحلي؛رياض الامام؛جلال الدين بوكتيف,ا نور المليح؛فاخر بركات؛ز ينب لغلول؛ر جاء بوسمة؛حاتم بن جماعة؛عبلة بن شعبان؛بديع بن عباس؛احمد الغالي؛عفاف عالشيخ؛راضية المنتصر؛مريم البكوش؛ا سيا العياري؛سميرة الحويوي؛نجيب العرعوري؛هندة العلاقي؛ابراهيم الحرباوي؛محمد الورهاني؛رؤوف ملكي؛ابراهيم الغرياني؛صالح ابن الحاج؛امال العرفاوي؛مفيدة المداني؛عادل بوصفارة؛بلقاسم كعوان؛رشيد الشيحاوي؛فاتن خير الله؛عادل الاخضر؛بسمة بودن؛فيق سويدي؛هالة البجار؛امال المالكي؛علية القاطري,32,60,منتصر بن سفطة,عفاف الحاجي,محكمة الاستئناف بالكاف,الكاف,مدني,رفض,قرار تعقيبي عدد 44803 بتاريخ 14-02-2019 صحة تعهد الدوائر المجتمعة,,,,,,9,12917,text-layer,0.931,http://www.cassation.tn/fileadmin/user_upload/44803.pdf,02620c3a98faa7740241552a697ec639f3ed689d3c91f857258ae5623edc436d,decisions/pdf/44803.pdf,decisions/txt/44803.txt,,,date_mismatch:title=2019-02-14
2019-058,digest,57338,2017,2019-01-15,2019,01,محكمة التعقيب,تونس,دائرة,32,ة فاتن خير االله,,راضية المنتصر؛نفيسة العلاني,2,3,اسمهان الحبيب,,,,جزائي,,,-2-3البيع 1-2-3 بيع ملك الغير-حجية الجزائي على المدني,قرار تعقيبي عدد 57338.2017 صادر بتاريخ 15 جانفي 2019 عن الدائرة المدنية الثانية والثلاثين برئاسة السيد ة فاتن خير االله وعضوية المستشارتين السيدتين راضية المنتصر ونفيسة العلاني بمحضر المدعي العام السيدة إسمهان الحبيب ومساعدة كاتبة المحكمة السيدة عائدة الحلواني.,2019,239,240,,1309,,,,,,digests/txt/2019-058.txt,,,
2019-060,digest,57935,2017,2019-01-16,2019,01,محكمة التعقيب,تونس,دائرة,3,نعيمة رحيم,,بسمة العبساوي؛عفاف عالشيخ,2,3,لطفي البدوي,سنية عبداوي,,,,,,3-2-3 عدم توفر الصفات التي التزم بها البائع عند البيع,قرار تعقيبي عدد 57935.2017 صادر بتاريخ 16 جانفي 2019 عن الدائرة الثالثة برئاسة السيدة نعيمة رحيم وعضوية المستشارتين السيدتين بسمة العبساوي وعفاف عالشيخ وبمحضر المدعي العام السيد لطفي البدوي وبمساعدة كاتبة الجلسة السيدة سنية عبداوي.,2019,241,242,,1749,,,,,,digests/txt/2019-060.txt,,,
2019-112,digest,63671,,2019-01-16,2019,01,محكمة التعقيب,تونس,دائرة,4,منصف الكشو,,اسيا العياري؛نجلاء المصمودي,2,3,بسمة العيدودي,كريمة الغزواني,,,مدني,,,2-4-5 تعريف وثيقة الشحن-عقد النقل البحري-مشارطة الإيجار-الفوارق بينها والآثار.,قرار تعقيبي عدد 63671 صادر بتاريخ 16 جانفي 2019 عن الدائرة المدنية الرابعة برئاسة السيد منصف الكشو وعضوية المستشارتين السيدتين أسيا العياري ونجلاء المصمودي وبحضور ممثل الادعاء العام السيدة بسمة العيدودي وبمساعدة كاتبة الجلسة السيدة كريمة الغزواني.,2019,337,340,,4858,,,,,,digests/txt/2019-112.txt,,,
2019-118,digest,58164,,2019-01-16,2019,01,محكمة التعقيب,تونس,دائرة,4,منصف الكشو,,نجلاء المصمودي؛نجوى الغربي,2,3,بسمة العيدودي,كريمة الغزواني,,,مدني,,,منها وأضحى المطعن غير وجيه وتعيّن ردّه.» -3-6-5الطبيعة القانونية الخاصة بإجراءات التسوية القضائية,قرار تعقيبي عدد 58164 بتاريخ 16 جانفي 2019 صادرعن الدائرة المدنية الرابعة برئاسة السيد منصف الكشو وعضوية المستشارتين السيدتين نجلاء المصمودي ونجوى الغربي بمحضر المدعي العام السيدة بسمة العيدودي وبمساعدة كاتبة الجلسة السيدة كريمة الغزواني.,2019,356,358,,4313,,,,,,digests/txt/2019-118.txt,,,
2019-119,digest,58177,,2019-01-16,2019,01,محكمة التعقيب,تونس,دائرة,4,منصف الكشو,,نجلاء المصمودي؛نجوى الغربي,2,3,بسمة العيدودي,كريمة الغزواني,,,تجاري,,,-4-6-5 ترسيم وترتيب الديون في التسوية القضائية,قرار تعقيبي عدد 58177 بتاريخ 16 جانفي 2019 صادرعن الدائرة المدنية الرابعة برئاسة السيد منصف الكشو وعضوية المستشارتين السيدتين نجلاء المصمودي ونجوى الغربي بمحضر المدعي العام السيدة بسمة العيدودي وبمساعدة كاتبة الجلسة السيدة كريمة الغزواني.,2019,358,360,,3158,,,,,,digests/txt/2019-119.txt,,,
2019-187,digest,63671,,2019-01-16,2019,01,محكمة التعقيب,تونس,دائرة,4,منصف الكشو,,اسيا العياري؛نجلاء المصمودي,2,3,بسمة العيدودي,كريمة الغزواني,,,مدني,,,3-10 ـ الأثر السلبي للشرط التحكيمي 1ـ3ـ10ـ الأثر السلبي للشرط التحكيمي المضمَّن بوثيقة الشحن سند عقد النقل البحري-حجية وثيقة الشحن,قرار تعقيبي عدد 63671 صادر بتاريخ 16 جانفي 2019 عن الدائرة المدنية الرابعة برئاسة السيد منصف الكشو وعضوية المستشارتين السيدتين آسيا العياري ونجلاء المصمودي وبحضور ممثل الادعاء العام السيدة بسمة العيدودي وبمساعدة كاتبة الجلسة السيدة كريمة الغزواني,2019,479,481,,2424,,,,,,digests/txt/2019-187.txt,,2019-112,repeat_of:2019-112
2019-050,digest,,,2019-01-22,2019,01,محكمة التعقيب,تونس,دائرة,32,لمياء الحمامي,,فاتن خير االله؛راضية المنتصر,2,3,اسمهان الحبيب,عائدة الحلواني,,,شغل,,,-2 اجتماعي -1-2 تمادي العامل على تقديم خدماته بعد انقضاء أجل العقد ينقلب به العقد إلى مدة غير محددة,قرار تعقيبي عددد 57357.2017 بتاريخ 22 جانفي 2019 صادر عن الدائرة المدنية الثانية والثلاثين برئاسة السيدة لمياء الحمامي وعضوية المستشارتين السيدتين فاتن خير االله وراضية المنتصر وبحضور المدعي العام السيدة إسمهان الحبيب وبمساعدة كاتبة الجلسة السيدة عائدة الحلواني.,2019,229,230,,1701,,,,,,digests/txt/2019-050.txt,,,
2019-051,digest,57400,2017,2019-01-23,2019,01,محكمة التعقيب,تونس,دائرة,3,نعيمة رحيم,,بسمة العبساوي؛عفاف بالشيخ,2,3,لطفي البدوي,سنية عبداوي,,,شغل,,,-2-2النزاعات المتعلّقة بعقد التدريب تخضع لاختصاص دائرة الشغل,قرار تعقيبي عدد 57400.2017 بتاريخ 23 جانفي 2019 صادرعن الدائرة المدنية الثالثة برئاسة السيدة نعيمة رحيم وعضوية المستشارين السيدين بسمة العبساوي وعفاف بالشيخ بحضور المدعي العمومي السيد لطفي البدوي وبمساعدة كاتبة الجلسة السيدة سنية عبداوي.,2019,230,231,,1694,,,,,,digests/txt/2019-051.txt,,,
2019-063,digest,69395,2018,2019-01-23,2019,01,محكمة التعقيب,تونس,دائرة,3,نعيمة رحيم,,بسمة العبساوي؛عفاف عالشيخ,2,3,لطفي البدوي,سنية عبداوي,,,,,,-3-3الفسخ 1-3-3 تغيير العدد الرتبي لصانع العربة من العيوب الخفية الموجبة للفسخ,قرار تعقيبي عدد 69395.2018 صادر بتاريخ 23 جانفي 2019 عن الدائرة الثالثة برئاسة السيدة نعيمة رحيم وعضوية المستشارتين السيدتين بسمة العبساوي وعفاف عالشيخ وبمحضر المدعي العام السيد لطفي البدوي وبمساعدة كاتبة الجلسة السيدة سنية عبداوي.,2019,245,247,,2498,,,,,,digests/txt/2019-063.txt,,,
2019-074,digest,67827,,2019-01-23,2019,01,محكمة التعقيب,تونس,دائرة,4,منصف الكشو,,نجلاء المصمودي؛نجوى الغربي,2,3,بسمة العيدودي,كريمة الغزواني,,,مدني,,,المعتمد من المحكمة.» 2-12-3 فعل الأمير عاملا في إنهاء عقود مناولة بسبب قرار وزاري,قرار تعقيبي عدد 67827 بتاريخ 23 جانفي 2019 صادر عن الدائرة المدنية الرابعة برئاسة السيد منصف الكشو وعضوية المستشارتين السيدتين نجلاء المصمودي ونجوى الغربي بمحضر المدعي العام السيدة بسمة العيدودي وبمساعدة كاتبة الجلسة السيدة كريمة الغزواني.,2019,266,268,,2369,,,,,,digests/txt/2019-074.txt,,,
2019-116,digest,64437,2018,2019-01-23,2019,01,محكمة التعقيب,تونس,دائرة,4,المنصف الكشو,,اسيا العياري؛نجوى الغربي,2,3,بسمة العيدودي,كريمة الغزواني,المحكمة الابتدائية بمنوبة,منوبة,تجاري,,,-6-5إجراءات جماعية -1-6-5 الأحكام الوقتية في مادة الإنقاذ قابلة للاستئناف ولا يمكن تعقيبها,قرار تعقيبي عدد 64437.2018 بتاريخ 23 جانفي 2019 صادر عن الدائرة الرابعة برئاسة السيد المنصف الكشو وعضوية المستشارتين السيدتين اسيا العياري ونجوى الغربي وبحضور المدعي العام السيدة بسمة العيدودي وبمساعدة كاتبة الجلسة السيدة كريمة الغزواني.,2019,352,354,,3070,,,,,,digests/txt/2019-116.txt,,,
2019-125,digest,57346,2017,2019-01-23,2019,01,محكمة التعقيب,تونس,دائرة,4,منصف الكشو,,اسيا العياري؛نجلاء المصمودي,2,3,بسمة العيدودي,كريمة الغزواني,,,تجاري,,,,قرار تعقيبي عدد 57346.2017 صادر بتاريخ 23 جانفي 2019 عن الدائرة المدنية الرابعة برئاسة السيد منصف الكشو وعضوية المستشارتين السيدتين آسيا العياري ونجلاء المصمودي بمحضر المدعي العام السيدة بسمة العيدودي وبمساعدة كاتبة الجلسة السيدة كريمة الغزواني.,2019,366,367,,1261,,,,,,digests/txt/2019-125.txt,,,
2019-076,digest,6227/61392,,2019-01-28,2019,01,محكمة التعقيب,تونس,دائرة,1,نازك كادة,,هندة العلاقي؛مريم البكوش,2,3,فيروز العباسي,عائدة البرقاوي,,,مدني,,,وتعـين لذلك ردّ المطعن لخلوه من كل سند صحيح.» -13-3 الدعوى البليانية 1ـ13ـ3 ـ شروط الدعوى البليانية - الأحكام الكاشفة والأحكام المنشئة,قرار تعقيبي عدد 6227-61392 بتاريخ 2019/01/28 صادرعن الدائرة المدنية الأولى برئاسة السيدة نازك كادة وعضوية المستشارتين السيدتين هندة العلاقي ومريم البكوش وبحضور المدعي العام السيدة فيروز العباسي وبمساعدة كاتبة الجلسة السيدة عائدة البرقاوي.,2019,268,272,,6748,,,,,,digests/txt/2019-076.txt,,,
2019-052,digest,58273,2018,2019-01-29,2019,01,محكمة التعقيب,تونس,دائرة,32,لمياء الحمامي,,فاتن خير االله؛راضية المنتصر,2,3,اسمهان الحبيب,عائدة الحلواني,,,شغل,,,-3-2 مدى تمتع العامل المنتدب على حساب الحضائر بالتغطية الاجتماعية- تكليف محكمة الموضوع الصندوق الوطني للتقاعد والحيطة الاجتماعية باحتساب قيمة المساهمات الواجب دفعها.,قرار تعقيبي عدد 58273.2018 بتاريخ 29 جانفي 2019 صادر عن الدائرة المدنية الثانية والثلاثين برئاسة السيدة لمياء الحمامي وعضوية المستشارتين السيدتين فاتن خير االله وراضية المنتصر وبحضور المدعي العام السيدة إسمهان الحبيب وبمساعدة كاتبة الجلسة السيدة عائدة الحلواني.,2019,231,233,,4279,,,,,,digests/txt/2019-052.txt,,,
2019-192,digest,74424,,2019-01-29,2019,01,محكمة التعقيب,تونس,دائرة,26,منجي شلغوم,,عبد القادر غزال؛حمادي الرحماني,2,3,محمد الزواوي,عائدة الهمامي,,,جزائي,,,-12 قانون جزائي وإجراءات جزائية -1-12 قانون جزائي -1-1-12إثبات جريمة استهلاك مادة مخدرة,قرار تعقيبي عدد 74424 بتاريخ 29 جانفي 2019 صادر عن الدائرة السادسة والعشرين برئاسة السيد منجي شلغوم وعضوية مستشاريها السيدين عبد القادر غزال وحمادي الرحماني بمحضر المدعي العام السيد محمد الزواوي وبمساعدة كاتبة الجلسة السيدة عائدة الهمامي.,2019,494,495,,1469,,,,,,digests/txt/2019-192.txt,,,
2019-175,digest,59516,,2019-02-05,2019,02,محكمة التعقيب,تونس,دائرة,32,لمياء الحمامي,,راضية المنتصر؛نفيسة العلاني,2,3,اسمهان الحبيب,عائدة الحلواني,,,مدني,,,-3-1-8الاختصاص الترابي في دعوى إبطال البتة,قرار تعقيبي عدد59516 بتاريخ 05 فيفري 2019 صادر عن الدائرة المدنية الثانية والثلاثين برئاسة السيدة لمياء الحمامي وعضوية المستشارتين السيدتين راضية المنتصر ونفيسة العلاني بحضور المدعي العام السيدة اسمهان الحبيب وبمساعدة كاتبة الجلسة السيدة عائدة الحلواني.,2019,445,447,,3355,,,,,,digests/txt/2019-175.txt,,,
2019-177,digest,57119,,2019-02-11,2019,02,محكمة التعقيب,تونس,دائرة,37,نازك كادة,,هندة العلاقي؛مريم البكوش,2,3,فيروز العباسي,عائدة البرقاوي,,,مدني,,,-2-8العقلة التوقيفية -1-2-8 مفهوم العذر الشرعي,قرار تعقيبي عدد 57119 بتاريخ 11 فيفري 2019 صادر عن الدائرة المدنية السابعة والثلاثين برئاسة السيدة نازك كادة وعضوية المستشارتين السيدتين هندة العلاقي ومريم البكوش وبحضور المدعي العام السيدة فيروز العباسي وبمساعدة كاتبة الجلسة السيدة عائدة البرقاوي.,2019,448,449,,1797,,,,,,digests/txt/2019-177.txt,,,
2019-002,digest,389,,2019-02-14,2019,02,محكمة التعقيب,تونس,الدوائر المجتمعة,,,,,0,0,,,,,,,,الإقرار بأولوية المقر المختار على المقر الأصلي مسألة اجتهادية بحتة,قرار صادر عن الدوائر المجتمعة عدد 389 بتاريخ 14 فيفري 2019,2019,82,83,,1639,,,,,,digests/txt/2019-002.txt,,,
2019-003,digest,406,,2019-02-14,2019,02,محكمة التعقيب,تونس,الدوائر المجتمعة,,,,,0,0,,,,,مدني,,,مشاركة القاضي في الحكم الابتدائي ثم في القرار التعقيبي كمدّع عام,قرار صادر عن الدوائر المجتمعة عدد 406 بتاريخ 14 فيفري 2019,2019,83,85,,4110,,,,,,digests/txt/2019-003.txt,406,406,
2019-016,digest,42050,,2019-02-14,2019,02,محكمة التعقيب,تونس,الدوائر المجتمعة,,,,,0,0,,,محكمة الاستئناف ببنزرت,بنزرت,عقاري,,,شروط تعهد الدوائر المجتمعة,قرار الدوائر المجتمعة عدد 42050 بتاريخ 14 فيفري 2019 «في صحة تعهد الدوائر المجتمعة:,2019,108,111,,5511,,,,,,digests/txt/2019-016.txt,42050,42050,
2019-021,digest,28474,,2019-02-14,2019,02,محكمة التعقيب,تونس,الدوائر المجتمعة,,,,,0,0,,,,,عقاري,,,وعد البيع المرتبط بخلاص باقي الثمن فيه على الحصول على قرض بنكي,قرار الدوائر المجتمعة عدد 28474 بتاريخ 14 فيفري 2019,2019,127,130,,5721,,,,,,digests/txt/2019-021.txt,28474,28474,
2019-023,digest,38085,,2019-02-14,2019,02,محكمة التعقيب,تونس,الدوائر المجتمعة,,,,,0,0,,,محكمة الاستئناف بنابل,نابل,عقاري,,,عـيـنـي صحة البيع الذي صدر فيه حكم لفائدة المتسوغ بحق الأولوية في الشراء,قرار الدوائر المجتمعة عدد 38085 بتاريخ 14 فيفري 2019,2019,135,141,,10697,,,,,,digests/txt/2019-023.txt,38085,38085,
2019-029,digest,416,,2019-02-14,2019,02,محكمة التعقيب,تونس,الدوائر المجتمعة,,,,,0,0,,,,,جزائي,,,-قرارات الدوائر المجتمعة في المادة الجزائية *إجراءات جزائية ❍ خطأ بيّن: قبول الخطأ البيّن في المادة الجزائية - لا يتم تبليغ المستندات إلا لمن شمله الطعن,قرار الدوائر المجتمعة عدد 416 صادر بتاريخ 14 فيفري 2019,2019,168,170,,3078,,,,,,digests/txt/2019-029.txt,416,416,
28474,full_text,28474,,2019-02-14,2019,02,محكمة التعقيب,تونس,الدوائر المجتمعة,,الطيب راشد,نازك كادة؛كمال مصطفى العلاني؛نعيمة رحيم؛المنصف الكشو؛كوثر السعدي؛لطيفة البغدادي؛سارة العياري؛ماهر كنو؛سلوى النهدي؛ماجدة بن غربية؛ماه ر كريشان؛منيرة النحالي؛جلال الدين بوكتيف؛وسيلة التليلي؛روضة اوبيش؛ا سيا العياري؛حياة البصلي؛عبلة بن شعبان؛جليلة نصر الله؛عبد الباسط الخالدي؛عادل الاندلسي؛رياض الامام؛رياض الموحلي؛جمال المستيري؛لمياء الحمامي؛زهرة السلامي؛محمد كمال دويك,انور المليح؛فاخر بركات؛زينب لغلوغ؛رجاء بوسمة؛حاتم بن جماعة؛بديع بن عباس؛عفاف عالشيخ؛راضية المنتصر؛نجيب العرعوري؛وريدة الغربي؛مفيدة المداغي؛سامية القطاري؛رؤوف ملكي؛سميرة الحويوي؛ريم منية البحري؛عبد الرزاق الباهوري؛هندة العلاقي؛احمد الغالي؛صالحة النحالي؛محمد الورهاني؛ابراهيم الغرياني؛امال العرفاوي؛فاتن خير الله؛نجلاء المصمودي؛عادل الاخضر؛بسمة بودن؛هالة البجار؛سهام الشاهد؛بسمة العبساوي,29,57,شكر ي التريكي,عفاف الحاجي,محكمة الاستئناف بنابل,نابل,مدني,نقض؛إحالة؛قبول,قرار تعقيبي عدد 28474 الفسخ- الأجل المعقول,,,,,,10,18047,text-layer,0.97,http://www.cassation.tn/fileadmin/user_upload/28474.pdf,f36fdd6b5b10a2ba875ccd705480e5b595c187bd784408a58f8672e241072d52,decisions/pdf/28474.pdf,decisions/txt/28474.txt,,,
38085,full_text,38085,,2019-02-14,2019,02,محكمة التعقيب,تونس,الدوائر المجتمعة,,الطيب راشد,نازو كادة؛كمال مصطفى العلاني؛نعيمة رحيم؛المنصف الكشو؛كوثر السعدي؛لطيفة البغدادي؛سارة العياري؛ماهر كنو؛سلوى النهدي؛ماجدة بن غربية؛ماهر كريشان؛منيرة النحالي؛جلال الدين بوك تيف؛وسيلة التليلي؛روضة اوبيش؛اسيا العياري؛حياة البصلي؛عبلة بن شعبان؛جليلة نصر الله؛عبد الباسط الخالدي؛عادل الاندلسي؛رياض الامام؛رياض الموحلي؛جمال المستيري؛لمياء الحمامي؛زهرة السلامي؛محمد كمال دويك,انور المليح؛فاخر بركات؛زينب لغلوغ؛رجاء بوسمة؛حاتم بن جماعة؛بديع بن عباس؛عفاف عالشيخ؛راضية المنتصر؛نجيب العرعوري؛وريدة الغربي؛مفيدة المداغي؛سامية القطاري؛رؤوف ملكي؛سميرة الحويوي؛ريم منية البحري؛عبد الرزاق الباهوري؛هندة العلاقي؛احمد الغالي؛صالحة النحالي؛محمد الورهاني؛ابراهيم الغري اني؛امال العرفاوي؛فاتن خير الله؛نجلاء المصمودي؛عادل الاخضر؛بسمة بودن؛هالة البجا ر؛سهام الشاهد؛بسمة العبساوي,29,57,شكري التريكي,عفاف الحاجي,محكمة الاستئناف بتونس,تونس,عقاري,رفض؛قبول,قرار تعقيبي عدد 38085 بتاريخ 14-02-2019 بيع ملك الغير-حسن النية-التشطيب-قيد إحتياطي,,,,,,13,22004,text-layer,0.949,http://www.cassation.tn/fileadmin/user_upload/38085.pdf,2b00bccd51da1bbe536bb8102ac40c7a32936a08e52d8c6eaf8b898fc6467855,decisions/pdf/38085.pdf,decisions/txt/38085.txt,,,
406,full_text,406,,2019-02-14,2019,02,محكمة التعقيب,تونس,الدوائر المجتمعة,,الطيب راشد,نازك كادة؛البشير المطوي؛كمال مصطفى العلاني؛نعيمة رحيم؛المنصف الكشو؛كوثر السعدي؛لطيفة الب غدادي؛سارة العياري؛ماجدة بن غربية؛ماهر كريشان؛منيرة النحالي؛سلوى النهدي؛جلال الدين بوكتيف؛وسيلة التليلي؛روضة اوبيش؛جمال المستيري؛اسيا العياري؛حياة البصلي؛عبلة بن شعبان؛جليلة نصر الله؛حاتم بن عجال؛المنجي شلغوم؛عادل الاندلسي؛رياض الامام؛رياض الموحلي؛لمياء الحمامي؛زهرة السلامي؛محمد كمال,ماهر كنو؛عبد الباسط الخالدي؛انور المليح؛فاخر بركات؛زينب لغلوغ؛رجاء بوسمة؛حاتم بن جماعة؛بديع بن عباس؛عفاف عالشيخ؛راضية المنتصر؛نجيب العرعوري؛وريدة الغربي؛مفيدة المداغي؛سامية القطاري؛رؤوف ملكي؛سميرة الحويوي؛ريم منية البحري؛عبد الرزاق الباهوري؛هندة العلاقي؛احمد الغالي؛صالحة النحالي؛محمد الورهاني؛ابراهيم الغرياني؛امال العرفاوي؛فاتن خير الله؛نجلاء المصمودي؛عادل الاخضر؛بسمة بودن؛هالة البجار؛سهام الشاهد؛بسمة العبساوي,31,60,شكري التريكي,عفاف الحاجي,المحكمة الابتدائية بتونس,تونس,مدني,قبول,قرار تعقيبي عدد 406 بتاريخ 14-02-2019 سبق النظر في الموضوع-الحياد الموضوعي,,,,,,5,7848,text-layer,0.941,http://www.cassation.tn/fileadmin/user_upload/406.pdf,a00d03409c7177e53f0470a70c63fa994316b7956fd5eec6b4a1ed8e73ea2de1,decisions/pdf/406.pdf,decisions/txt/406.txt,,,
416,full_text,416,,2019-02-14,2019,02,محكمة التعقيب,تونس,الدوائر المجتمعة,,الطيب راشد,نازك كادة؛البشير المطوي؛كمال مصطفى العلاني؛نعيمة رحيم؛المنصف الكشو؛كوثر السعدي؛لطيفة البغدادي؛سارة العياري؛ماهر كنو؛سلوى النهدي؛ماجدة بن غربية؛ماهر كريشان؛منيرة النحالي؛جلال الدين بوك تيف؛وسيلة التليلي؛روضة اوبيش؛ا سيا العياري؛حياة البصلي؛عبلة بن شعبان؛جليلة نصر الله؛عبد الباسط الخالدي؛عادل الاندلسي؛رياض الامام؛رياض الموحلي؛جمال المستيري؛لمياء الحمامي؛زهرة السلامي؛محمد كمال دويك,انور المليح؛فاخر بركات؛زينب لغلوغ؛رجاء بوسمة؛حاتم بن جماعة؛بديع بن عباس؛عفاف عالشيخ؛راضية المنتصر؛نجيب العرعوري؛وريدة الغربي؛مفيدة المداغي؛سامية القطاري؛رؤوف ملكي؛ريم منية البحري؛عبد الرزاق الباهوري؛هندة العلاقي؛احمد الغالي؛صالحة النحالي؛محمد الورهاني؛ابراهيم الغرياني؛فاتن خير الله؛نجلاء المصمودي؛عادل الاخضر؛بسمة بودن؛هالة البجا ر؛سهام الشاهد؛بسمة العبساوي,27,56,شكري التريكي,عفاف الحاجي,محكمة الاستئناف بالكاف,الكاف,جزائي,قبول,قرار تعقيبي عدد 416 بتاريخ 14-02-2019 خطأ بين جزائي-مستندات الطعن لا تُبلغ إلا للمعقب ضدهم,,,,,,5,5882,text-layer,0.964,http://www.cassation.tn/fileadmin/user_upload/416.pdf,bf7d39afeea0dd1419638be8baf09da76457a65535c1a7c37c9f8fb0d5da661f,decisions/pdf/416.pdf,decisions/txt/416.txt,,,
42050,full_text,42050,,2019-02-14,2019,02,محكمة التعقيب,تونس,الدوائر المجتمعة,,الطيب راشد,نازك كادة؛البشير المطوي؛كمال مصطفى العلاني؛نعيمة رحيم؛المنصف الكشو؛كوثر السعدي؛لطيفة البغدادي؛سارة العياري؛ماهر كنو؛سلوى النهدي؛ماجدة بن غربية؛ماهر كريشان؛منيرة النحالي؛جلال الدين بوكتيف؛وسيلة التليلي؛روضة اوبيش؛اسيا العياري؛حياة البصلي؛عبلة بن شعبان؛جليلة نصر الله؛عبد الباسط الخالدي؛عادل الاندلسي؛رياض الامام؛ر ياض الموحلي؛جمال المستيري؛لمياء الحمامي؛زهرة السلامي؛محمد كمال دويك,انور المليح؛فاخر بركات؛زينب لغلوغ؛رجاء بوسمة؛حاتم بن جماعة؛بديع بن عباس؛عفاف عالشيخ؛راضية المنتصر؛نجيب العرعوري؛وريدة الغربي؛مفيدة المداغي؛سامية القطاري؛رؤوف ملكي؛سميرة الحويوي؛ريم منية البحري؛عبد الرزاق الباهوري؛هندة العلاقي؛احمد الغالي؛صالحة النحالي؛محمد الورهاني؛ابراهيم الغرياني؛امال العرفاوي؛فاتن خير الله؛نجلاء المصمودي؛عادل الاخضر؛بسمة بودن؛هالة البجار؛سهام الشاهد؛بسمة العبساوي,29,58,شكري التريكي,عفاف الحاجي,محكمة الاستئناف ببنزرت,بنزرت,جزائي,رفض,قرار تعقيبي عدد 42050 بتاريخ 14-02-2019 رفض التعهد-جزائي- بطلان بيع ما سبق بيعه,,,,,,10,13480,text-layer,0.965,http://www.cassation.tn/fileadmin/user_upload/42050.pdf,7968026000642fb298d1a71c5ff6635922bbe3bebe32a0bb94d5a4c29065a5c4,decisions/pdf/42050.pdf,decisions/txt/42050.txt,,,
2019-095,digest,58867,2018,2019-02-20,2019,02,محكمة التعقيب,تونس,دائرة,4,منصف الكشو,,نجلاء المصمودي؛نجوى الغربي,2,3,ليلى الشابي,كريمة الغزواني,,,تجاري,,,-3-2-5 حق الانتفاع بحق تجديد الكراء ينتفع به التاجر وصاحب الصناعة وكذلك صاحب الحرفة على حدّ سواء - اكتساب الحلاق للأصل التجاري بقطع النظر عن بيعه للعطورات ومواد التجميل,قرار تعقيبي عدد 58867.2018 بتاريخ 20 فيفري2019 صادر عن الدائرة المدنية الرابعة برئاسة السيد منصف الكشو وعضوية المستشارتين السيدتين نجلاء المصمودي ونجوى الغربي بمحضر المدعي العام السيدة ليلى الشابي وبمساعدة كاتبة الجلسة السيدة كريمة الغزواني.,2019,310,312,,3524,,,,,,digests/txt/2019-095.txt,,,
2019-104,digest,58801,,2019-02-20,2019,02,محكمة التعقيب,تونس,دائرة,4,المنصف الكشو,,هاجر المحرزي؛نجلاء المصمودي,2,3,ليلى الشابي,كريمة الغزواني,,,تجاري,,,هذه الناحية.» -3-5 شركات تجارية -1-3-5 تحول الشركة ذات المسؤولية المحدودة الباطلة إلى شركة مفاوضة فعلية,قرار تعقيبي عدد 58801 بتاريخ 20 فيفري 2019 عن الدائرة المدنية الرابعة برئاسة السيد المنصف الكشو وعضوية المستشارتين السيدتين هاجر المحرزي ونجلاء المصمودي بمحضر المدعي العام السيدة ليلى الشابي وبمساعدة كاتبة الجلسة السيدة كريمة الغزواني.,2019,324,326,,2346,,,,,,digests/txt/2019-104.txt,,,
2019-084,digest,57326,,2019-02-27,2019,02,محكمة التعقيب,تونس,دائرة,4,منصف الكشو,,نجلاء المصمودي؛نجوى الغربي,2,3,لطيفة العرفاوي,كريمة الغزواني,,,تجاري,,,للنقض.» -5-4 رفع مضرّة -1-5-4 إزالة هوائيات الإرسال والالتقاط بعقار- اختصاص حكمي للقضاء العدلي,قرار تعقيبي عدد 57326 صادر بتاريخ27 فيفري 2019 عن الدائرة المدنية الرابعة برئاسة السيد منصف الكشو وعضوية المستشارتين السيدتين نجلاء المصمودي ونجوى الغربي بمحضر المدعي العام السيدة لطيفة العرفاوي وبمساعدة كاتبة الجلسة السيدة كريمة الغزواني.,2019,291,294,,6405,,,,,,digests/txt/2019-084.txt,,,
2019-193,digest,74137,,2019-02-27,2019,02,محكمة التعقيب,تونس,دائرة,9,ماهر كنو,,منذر الهذيلي؛توفيق السويدي,2,3,رياض الغربي,منيرة المانعي,,,جزائي,,,2ـ1ـ12ـ الجريمة المثارة - أعمال الوساطة في جرائم المخدّرات هي المشاركة طبق المجلة الجزائية,قرار تعقيبي عدد 74137 بتاريخ 27 فيفري 2019 صادر عن الدائرة التاسعة برئاسة السيد ماهر كنو وعضوية المستشارين السيدين منذر الهذيلي وتوفيق السويدي بمحضر المدعي العام السيد رياض الغربي وبمساعدة كاتب الجلسة السيدة منيرة المانعي.,2019,495,497,,4525,,,,,,digests/txt/2019-193.txt,,,
2019-199,digest,74137,,2019-02-27,2019,02,محكمة التعقيب,تونس,دائرة,9,ماهر كنو,,منذر الهذيلي؛توفيق السويدي,2,3,رياض الغربي,منيرة المانعي,,,جزائي,,,2ـ2ـ12ـ تأخذ الأحكام وصفها الصحيح من الواقع والقانون وليس من وصف المحكمة,قرار تعقيبي عدد 74137 بتاريخ 27 فيفري 2019 صادر عن الدائرة التاسعة برئاسة السيد ماهر كنو وعضوية المستشارين السيدين منذر الهذيلي وتوفيق السويدي بمحضر المدعي العام السيد رياض الغربي وبمساعدة كاتب الجلسة السيدة منيرة المانعي.,2019,506,507,,2276,,,,,,digests/txt/2019-199.txt,,2019-193,repeat_of:2019-193
2019-089,digest,60341,,2019-03-04,2019,03,محكمة التعقيب,تونس,دائرة,37,نازك كادة,,هندة العلاقي؛مريم البكوش,2,3,فيروز العباسي,عائدة البرقاوي,,,تجاري,,,صريح.» -5تجاري -1-5 ديون تجارية -1-1-5مفهوم العمل التجاري-الأعمال التجارية بالتبعية-انعقاد اختصاص الدائرة التجارية,قرار تعقيبي عدد 60341 بتاريخ 04 مارس 2019 صادر عن الدائرة المدنية السابعة والثلاثين برئاسة السيدة نازك كادة وعضوية المستشارتين السيدتين هندة العلاقي ومريم البكوش وبحضور المدعي العام السيدة فيروز العباسي وبمساعدة كاتبة الجلسة السيدة عائدة البرقاوي.,2019,301,303,,3727,,,,,,digests/txt/2019-089.txt,,,
2019-147,digest,59694,,2019-03-04,2019,03,محكمة التعقيب,تونس,دائرة,37,نازك كادة,,هندة العلاقي؛مريم البكوش,2,3,فيروز العباسي,عائدة البرقاوي,,,مدني,,,في التعليل يستحق النقض.» -2-5-7 إجراءات وآجال الاستئناف -1-2-5-7 الأجل المستوجب لاستدعاء المستأنف ضده,قرار تعقيبي عدد 59694 بتاريخ 04 مارس 2019 صادر عن الدائرة المدنية السابعة والثلاثين برئاسة السيدة نازك كادة وعضوية المستشارتين السيدتين هندة العلاقي ومريم البكوش وبحضور المدعي العام السيدة فيروز العباسي وبمساعدة كاتبة الجلسة السيدة عائدة البرقاوي.,2019,402,405,,4032,,,,,,digests/txt/2019-147.txt,,,
2019-149,digest,58675,,2019-03-04,2019,03,محكمة التعقيب,تونس,دائرة,37,نازك كادة,,هندة العلاقي؛مريم البكوش,2,3,فيروز العباسي,عائدة البرقاوي,,,مدني,,,,قرار عدد 58675 بتاريخ 04 مارس 2019 صادرعن الدائرة المدنية السابعة والثلاثين برئاسة السيدة نازك كادة وعضوية المستشارتين السيدتين هندة العلاقي ومريم البكوش وبحضور المدعي العام السيدة فيروز العباسي وبمساعدة كاتبة الجلسة السيدة عائدة البرقاوي.,2019,406,409,,4444,,,,,,digests/txt/2019-149.txt,,,
2019-004,digest,388,,2019-03-14,2019,03,محكمة التعقيب,تونس,الدوائر المجتمعة,,,,,0,0,,,,,تجاري,,,عدم التفطن إلى المؤيّدات الدّالّة على توفّر الصّفة في الطاعنة,قرار صادر عن الدوائر المجتمعة عدد 388 بتاريخ 14 مارس 2019,2019,86,87,,3252,,,,,,digests/txt/2019-004.txt,,,
2019-005,digest,403,,2019-03-14,2019,03,محكمة التعقيب,تونس,الدوائر المجتمعة,,,,,0,0,,,,,,,,عدم تقديم بطاقة الإعلام بالبلوغ المتعلقة بتبليغ مستندات الطعن,قرار صادر عن الدوائر المجتمعة عدد 403 بتاريخ 14 مارس 2019,2019,88,89,,2754,,,,,,digests/txt/2019-005.txt,,,
2019-018,digest,37620,,2019-03-14,2019,03,محكمة التعقيب,تونس,الدوائر المجتمعة,,,,,0,0,,,,,تجاري,,,مفهوم العذر الشرعي,قرار الدوائر المجتمعة عدد 37620 بتاريخ 14 مارس 2019 -1«في تعهد محكمة التعقيب :,2019,115,118,,5553,,,,,,digests/txt/2019-018.txt,,,
2019-025,digest,36767/2016,,2019-03-14,2019,03,محكمة التعقيب,تونس,الدوائر المجتمعة,,,,,0,0,,,,,تجاري,,,تـجـاري مفهوم الأعمال التجارية التبعية– طبيعة اختصاص الدّائرة التّجاريّة,قرار الدوائر المجتمعة عدد 36767/2016 بتاريخ 14 مارس 2019,2019,145,152,,12207,,,,,,digests/txt/2019-025.txt,,,
2019-026,digest,28213,,2019-03-14,2019,03,محكمة التعقيب,تونس,الدوائر المجتمعة,,,,,0,0,,,,,مدني,,,تـأمـيـن طريقة احتساب التعويض عن الضرر المهني,قرار الدوائر المجتمعة عدد 28213 بتاريخ 14 مارس 2019 «في صحة تعهد الدوائر المجتمعة لمحكمة التعقيب :,2019,153,160,,12446,,,,,,digests/txt/2019-026.txt,,,
2019-030,digest,385,,2019-03-14,2019,03,محكمة التعقيب,تونس,الدوائر المجتمعة,,,,,0,0,,,,,جزائي,,,الغفلة عن المقر الأصلي,قرار صادر عن الدوائر المجتمعة عدد 385 بتاريخ 14 مارس 2019,2019,170,174,,7872,,,,,,digests/txt/2019-030.txt,,,
2019-031,digest,387,,2019-03-14,2019,03,محكمة التعقيب,تونس,الدوائر المجتمعة,,,,,0,0,,,,,جزائي,,,قبول الخطأ البين في المادة الجزائية - التبليغ على معنى الفقرة 2 من الفصل 8 من م. م. م. ت.لا يوجب الإدلاء ببطاقة الإعلام بالبلوغ,قرار صادر عن الدوائر المجتمعة عدد 387 بتاريخ 14 مارس 2019,2019,174,178,,5230,,,,,,digests/txt/2019-031.txt,,,
2019-048,digest,61983/68924,,2019-04-01,2019,04,محكمة التعقيب,تونس,دائرة,37,نازك كادة,,مريم البكوش؛نجيب العرعوري,2,3,فيروز العباسي,عائدة البرقاوي,,,مدني,,,4-1 حالة مدنية 1-4-1 إصلاح رسم ولادة بموجب إذن على عريضة,قرار تعقيبي عدد 61983-68924 بتاريخ غرة أفريل 2019 صادر عن الدائرة المدنية السابعة والثلاثين برئاسة السيدة نازك كادة وعضوية المستشارين السيدة مريم البكوش والسيد نجيب العرعوري وبحضور المدعي العام السيدة فيروز العباسي وبمساعدة كاتبة الجلسة السيدة عائدة البرقاوي.,2019,226,227,,1354,,,,,,digests/txt/2019-048.txt,,,
2019-140,digest,61983/68924,,2019-04-01,2019,04,محكمة التعقيب,تونس,دائرة,37,نازك كادة,,مريم البكوش؛نجيب العرعوري,2,3,فيروز العباسي,عائدة البرقاوي,محكمة الاستئناف بالقصرين,القصرين,جزائي,,,3-2-7سبق النظر لا يتعلق إلّ بالأحكام ولا يمتدّ إلى الأذون على المطالب,قرار تعقيبي عدد 61983-68924 بتاريخ غرة أفريل 2019 صادر الدائرة المدنية السابعة والثلاثين المتركبة من رئيستها السيدة نازك كادة وعضوية المستشارين السيدة مريم البكوش والسيد نجيب العرعوري وبحضور المدعي العام السيدة فيروز العباسي وبمساعدة كاتبة الجلسة السيدة عائدة البرقاوي.,2019,384,388,,7013,,,,,,digests/txt/2019-140.txt,,2019-048,repeat_of:2019-048
80654-80653,full_text,80653/80654,,2019-04-11,2019,04,محكمة التعقيب,تونس,الدوائر المجتمعة,,محمد كمال دويك,البشير المطوي؛المنصف الكشو؛نعيمة رحيم؛كوثر السعدي؛لطيفة البغدادي؛سارة العياري؛ماجدة بن غربية؛ماهر كريشان؛جلال الدين بوكتيف؛وسيلة التليلي؛روضة اوبيش؛اسيا العياري؛حياة البصلي؛عبلة بن شعبان؛رضا العرعوري؛المنجي شلغوم؛عادل الاندلسي؛رياض الامام؛جمال المستيري؛لمياء الحمامي؛زهرة السلامي؛عبد الرزاق الباهوري,بسمة العبساوي؛مريم البكوش؛ماهر كنو؛مفيدة المداغي؛حمادي الرحماني؛توفيق سويدي؛فاخر بركات؛زينب لغلوغ؛نجيب العرعوري؛امال عباسي؛بديع بن عباس؛ماجدة الرياحي؛حاتم بن جماعة؛عفاف عالشيخ؛توفيق العيوني؛نجلاء المصمودي؛محمد بن مفتاح؛هالة البجار؛فاتن خير الله؛هاجر الشريف؛رجاء بوسمة؛امال العرفاوي؛بلقاسم كعوان؛ابراهيم الغرياني؛سهام الشاهد؛انور المليح؛سرور البرشاني؛سميرة الحويوي؛رشيد الشيحاوي؛ابراهيم الحرباوي,30,53,شكري التريكي,كريمة الغزواني,محكمة الاستئناف بتونس,تونس,جزائي,رفض,قرار تعقيبي عدد 80653-80654دوائر مجتمعة -رفض التعهد,,,,,,3,4923,text-layer,0.921,http://www.cassation.tn/fileadmin/user_upload/80654-80653.pdf,40438f7a7b8595c4e344a302c5977011784904adb76e6bfef9dd137a44019f0a,decisions/pdf/80654-80653.pdf,decisions/txt/80654-80653.txt,,,
80956,full_text,80956,,2019-04-11,2019,04,محكمة التعقيب,تونس,الدوائر المجتمعة,,محمد كمال دويك,نازك كادة؛البشير المطو؛ي المنصف الكشو؛نعيمة رحيم؛كوثر السعدي؛لطيفة البغد ادي؛سارة العياري؛ماجدة بن غربية؛ماهر كريشان؛جلال الدين بوكتيف؛وسيلة التليلي؛روضة ا؛اسيا العياري؛حياة البصلي؛عبلة بن شعبان؛رضا العرعوري؛المنجي شلغوم؛عادل الاندلسي؛رياض الامام؛جمال المستيري؛لمياء الحمامي؛زهرة السلامي؛عبد الرزاق الباهوري,بسمة العبساوي؛مريم البكوش؛ماهر كنو؛مفيدة المداغي؛حمادي الرحماني؛توفيق سويدي؛فاخر بركات؛زينب لغلوغ؛نجيب العرعوري؛ا مال عباسي؛بديع بن عباس؛ماجدة الرياحي؛حاتم بن جماعة؛عفاف عالشيخ؛توفيق العيوني؛نجلاء المصمودي؛محمد بن مفتاح؛هالة البجار؛فاتن خير الله؛هاجر الشريف؛رجاء بوسمة؛ا مال العرفاوي؛بلقاسم كعوان؛ابراهيم الغرياني؛سهام الشاهد؛ا نور المليح؛سرور البرشاني؛سميرة الحويوي؛رشيد الشيحاوي؛ابراهيم الحرباوي,30,54,شكري التريكي,كريمة الغزواني,محكمة الاستئناف بتونس,تونس,جزائي,إحالة؛قبول,قرار تعقيبي عدد 80956 دوائر مجتمعة - التخلي للصبغة الإرهابية,,,,,,17,45723,text-layer,0.925,http://www.cassation.tn/fileadmin/user_upload/80956.pdf,ae85d40f1c39c4a5b2de8309bb980c45a13304e6f5ddf852d0e8bafb081fcd0d,decisions/pdf/80956.pdf,decisions/txt/80956.txt,,,
2019-114,digest,59774,,2019-04-17,2019,04,محكمة التعقيب,تونس,دائرة,4,منصف الكشو,,نجلاء المصمودي؛نجوى الغربي,2,3,بسمة العيدودي,راضية همادي,,,تجاري,,,-2-5-5 حماية العلامة الصناعية الأجنبيّة,قرار تعقيبي عدد 59774 بتاريخ 17 أفريل 2019 صادر عن الدائرة المدنية الرابعة برئاسة السيد منصف الكشو وعضوية المستشارين السيدتين نجلاء المصمودي ونجوى الغربي بمحضر المدعي العام السيدة بسمة العيدودي وبمساعدة كاتبة الجلسة السيدة راضية همادي.,2019,345,348,,6993,,,,,,digests/txt/2019-114.txt,,,
2019-182,digest,71539,,2019-04-23,2019,04,محكمة التعقيب,تونس,دائرة,2,هاجر المحرزي,,ماجدة الرياحي؛سامية القطاري,2,3,منى السنوسي,راضية همادي,,,مدني,,,-3-9 سلطة القاضي في تقدير شروط التقاضي الاستعجالي,قرار تعقيبي عدد 71539 بتاريخ 23 أفريل 2019 صادر عن الدائرة المدنية الثانية برئاسة السيدة هاجر المحرزي وعضوية المستشارين السيدة ماجدة الرياحي والسيدة سامية القطاري بمحضر المدعي العمومي السيدة منى السنوسي وبمساعدة كاتبة الجلسة السيدة راضية همادي.,2019,456,458,,2252,,,,,,digests/txt/2019-182.txt,,,
2019-100,digest,6215,,2019-04-24,2019,04,محكمة التعقيب,تونس,دائرة,4,المنصف الكشو,,نجلاء المصمودي؛نجوى الغربي,2,3,بسمة العيدودي,راضية همادي,,,مدني,,,واتجه التصريح بذلك.» -8-2-5المطالبة بغرم إضافي مقابل الزّيادة قيمة المكرى في المدة الفاصلة بين تاريخ الحكم بغرامة الحرمان وتاريخ عرضها,قرار تعقيبي عدد 6215 بتاريخ 24 أفريل 2019 صادر عن الدائرة المدنية الرابعة برئاسة السيد المنصف الكشو وعضوية المستشارتين السيدتين نجلاء المصمودي ونجوى الغربي وبمحضر المدعي العام السيدة بسمة العيدودي وبمساعدة كاتبة الجلسة السيدة راضية همادي.,2019,317,318,,2376,,,,,,digests/txt/2019-100.txt,,,
2019-189,digest,69462,2018,2019-05-08,2019,05,محكمة التعقيب,تونس,دائرة,4,المنصف الكشو,,نجلاء المصمودي؛نجوى الغربي,2,3,بسمة العيدودي,راضية همادي,,,مدني,,,-11 قانون دولي خاص -1-11 محكمة الضرورة في صورة إلى استحالة ممارسة الحق في التقاضي,قرار تعقيبي عدد 69462.2018 بتاريخ 08 ماي 2019 صادر عن الدائرة المدنية الرابعة برئاسة السيد المنصف الكشو وعضوية المستشارتين السيدتين نجلاء المصمودي ونجوى الغربي وبمحضر المدعي العام السيدة بسمة العيدودي وبمساعدة كاتبة الجلسة السيدة راضية همادي.,2019,483,486,,5873,,,,,,digests/txt/2019-189.txt,,,
2019-086,digest,73155,,2019-05-15,2019,05,محكمة التعقيب,تونس,دائرة,4,منصف الكشو,,نجلاء المصمودي؛نجوى الغربي,2,3,بسمة العيدودي,راضية همادي,,,مدني,,,وبقطع النظر عن بقية المطاعن.» 3-5-4 رفع مضرة-ضرر مستقبلي على أرض بيضاء,قرار تعقيبي عدد 73155 صادر بتاريخ 15 ماي 2019 عن الدائرة المدنية الرابعة برئاسة السيد منصف الكشو وعضوية المستشارتين السيدتين نجلاء المصمودي ونجوى الغربي بمحضر المدعي العام السيدة بسمة العيدودي وبمساعدة كاتبة الجلسة السيدة راضية همادي.,2019,296,298,,2697,,,,,,digests/txt/2019-086.txt,,,
2019-092,digest,61586,,2019-05-15,2019,05,محكمة التعقيب,تونس,دائرة,4,المنصف الكشو,,نجوى الغربي؛محمد معز العروسي,2,3,بسمة العيدودي,راضية همادي,,,تجاري,,,4-1-5 إثبات وجود النشاط التجاري,قرار تعقيبي عدد 61586 بتاريخ 15 ماي 2019 صادر عن الدائرة المدنية الرابعة برئاسة السيد المنصف الكشو وعضوية المستشارين السيدة نجوى الغربي والسيد محمد معز العروسي وبمحضر المدعي العام السيدة بسمة العيدودي وبمساعدة كاتب الجلسة السيد راضية همادي.,2019,305,307,,2629,,,,,,digests/txt/2019-092.txt,,,
2019-121,digest,66293,,2019-05-15,2019,05,محكمة التعقيب,تونس,دائرة,4,المنصف الكشو,,نجلاء المصمودي؛نجوى الغربي,2,3,بسمة العيدودي,راضية همادي,,,مدني,,,-6-6-5التناسب بين الوضعية الاقتصادية للمؤسسة وحلول الإنقاذ المقترحة,قرار تعقيبي عدد 66293 بتاريخ 15 ماي 2019 صادرعن الدائرة المدنية الرابعة برئاسة السيد المنصف الكشو وعضوية المستشارتين السيدتين نجلاء المصمودي ونجوى الغربي وبمحضر المدعي العام السيدة بسمة العيدودي وبمساعدة كاتبة الجلسة السيدة راضية همادي.,2019,361,362,,1519,,,,,,digests/txt/2019-121.txt,,,
2019-142,digest,66293,,2019-05-15,2019,05,محكمة التعقيب,تونس,دائرة,4,المنصف الكشو,,نجلاء المصمودي؛نجوى الغربي,2,3,بسمة العيدودي,راضية,,,تجاري,,,رأيها من حيث الأصل واتجه لذلك رد المطعن.» -5-2-7 مشاركة القاضي المراقب في المفاوضة وإبداء رأيه في برنامج الإنقاذ لا يُعدّ سبق نظر في الموضوع,قرار تعقيبي عدد 66293 بتاريخ15 ماي 2019 صادرعن الدائرة المدنية الرابعة برئاسة السيد المنصف الكشو وعضوية المستشارتين السيدتين نجلاء المصمودي ونجوى الغربي وبمحضر المدعي العام السيدة بسمة العيدودي وبمساعدة كاتبة الجلسة السيدة راضية,2019,389,392,,5166,,,,,,digests/txt/2019-142.txt,,2019-121,repeat_of:2019-121
2019-186,digest,68750,,2019-05-15,2019,05,محكمة التعقيب,تونس,دائرة,,منصف الكشو,,نجوى الغربي؛محمد المعز العروسي,2,3,بسمة العيدودي,راضية همادي,,,تجاري,,,-3-2-10 تجمع الشركات وتحمّلها لدين موضوع قرار تحكيمي,قرار تعقيبي عدد 68750 بتاريخ 15 ماي 2019 صادر عن الدائرة المدنية والتجارية الرابعة برئاسة السيد منصف الكشو وعضوية المستشارين السيدة نجوى الغربي والسيد محمد المعز العروسي وبحضور المدعي العام السيدة بسمة العيدودي وبمساعدة كاتبة الجلسة السيدة راضية همادي.,2019,475,479,,6985,,,,,,digests/txt/2019-186.txt,,,
2019-200,digest,75888,,2019-05-22,2019,05,محكمة التعقيب,تونس,دائرة,9,لسيد عبد المجيد بوريقة,,ماهر كنو؛توفيق السويدي,2,3,رياض الغربي,منيرة المانعي,,,جزائي,,,-3-2-12 طبيعة قرارات الحفظ الصادرة عن أعضاء النيابة العمومية,قرار تعقيبي عدد 75888 بتاريخ 22 ماي2019 صادرعن الدائرة التاسعة برئاسة لسيد عبد المجيد بوريقة وعضوية المستشارين السيدين ماهر كنو وتوفيق السويدي بمحضر المدعي العام السيد رياض الغربي وبمساعدة كاتب الجلسة السيدة منيرة المانعي,2019,507,509,,3405,,,,,,digests/txt/2019-200.txt,,,
2019-067,digest,68454,,2019-06-11,2019,06,محكمة التعقيب,تونس,دائرة,32,لمياء الحمامي,,راضية المنتصر؛نفيسة العلاني,2,3,اسمهان الحبيب,هاجر السلطاني,,,مدني,,,2-5-3 مسؤولية المحامي المحال على عدم المباشرة,قرار تعقيبي عدد 68454 بتاريخ 11 جوان 2019 صادرعن الدائرة المدنية الثانية والثلاثين برئاسة السيدة لمياء الحمامي وعضوية المستشارتين السيدتين راضية المنتصر ونفيسة العلاني وبحضور المدعي العام السيدة اسمهان الحبيب وبمساعدة كاتبة الجلسة السيدة هاجر السلطاني.,2019,252,256,,5984,,,,,,digests/txt/2019-067.txt,,,
2019-201,digest,72093,,2019-06-12,2019,06,محكمة التعقيب,تونس,دائرة,9,عبد المجيد بوريقة,,منذر الهذيلي؛توفيق السويدي,2,3,رياض الغربي,جلال الدين العنتير,,,جزائي,,,4ـ2ـ12ـ استبعاده الصّلح مع الإدارة دون السعي في الوقوف على حقيقته - رفض الاعتراض شكلا لسقوط العقاب بمرور الزمن,قرار تعقيبي عدد 72093 بتاريخ 12 جوان 2019 صادر عن الدائرة التاسعة برئاسة السيد عبد المجيد بوريقة وعضوية المستشارين السيدين منذر الهذيلي وتوفيق السويدي بمحضر المدعي العام السيد رياض الغربي وبمساعدة كاتب الجلسة السيد جلال الدين العنتير.,2019,509,511,,3896,,,,,,digests/txt/2019-201.txt,,,
2019-194,digest,86952,,2019-06-19,2019,06,محكمة التعقيب,تونس,دائرة,9,عبد المجيد بوريقة,,منذر الهذيلي؛توفيق السويدي,2,3,رياض الغربي,منيرة المانعي,,,جزائي,,,3ـ1ـ12ـ القصد الجنائي الخاص في جريمة القتل,قرار تعقيبي عدد 86952 بتاريخ 19 جوان 2019 صادر عن الدائرة التاسعة برئاسة السيد عبد المجيد بوريقة وعضوية المستشارين السيدين منذر الهذيلي وتوفيق السويدي بمحضر المدعي العام السيد رياض الغربي وبمساعدة كاتب الجلسة السيدة منيرة المانعي.,2019,498,500,,4339,,,,,,digests/txt/2019-194.txt,,,
2019-017,digest,52838,,2019-06-20,2019,06,محكمة التعقيب,تونس,الدوائر المجتمعة,,,,,0,0,,,محكمة الاستئناف بصفاقس,صفاقس,,,,,قرار الدوائر المجتمعة عدد 52838 بتاريخ 20 جوان 2019,2019,111,115,,6116,,,,,,digests/txt/2019-017.txt,,,
2019-019,digest,26202,,2019-06-20,2019,06,محكمة التعقيب,تونس,الدوائر المجتمعة,,,,,0,0,,,,,مدني,,,قرار إصلاح حجة الوفاة لا يقبل إلا دعوى الإبطال أمام المحكمة الابتدائيّة,قرار الدوائر المجتمعة عدد 26202 بتاريخ 20 جوان 2019 - 1«في صحة التعهد :,2019,118,121,,5383,,,,,,digests/txt/2019-019.txt,,,
2019-024,digest,36632,,2019-06-20,2019,06,محكمة التعقيب,تونس,الدوائر المجتمعة,,,,,0,0,,,,,عقاري,,,مفهوم حسن النية في الرسوم العقارية,قرار الدوائر المجتمعة عدد 36632 بتاريخ 20 جوان 2019 -1«من حيث صحة التعهد:,2019,141,144,,5446,,,,,,digests/txt/2019-024.txt,,,
2019-027,digest,31869,,2019-06-20,2019,06,محكمة التعقيب,تونس,الدوائر المجتمعة,,,,,0,0,,,,,,,,التعويض عن مصاريف العلاج يكون حسب ما تمّ بذله فعلا أم باعتماد التعريفات الإطارية,قرار الدوائر المجتمعة عدد 31869 بتاريخ 20 جوان 2019 -1«المسألة القانونية :,2019,160,164,,6710,,,,,,digests/txt/2019-027.txt,,,
2019-044,digest,46252,,2019-06-20,2019,06,محكمة التعقيب,تونس,الدوائر المجتمعة,,,,,0,0,,,محكمة الاستئناف بمدنين,مدنين,جزائي,,,إثبات مخالفات الاتصالات – مدى وجوب إحالة جميع المحاضر المتعلقة بجرائم الاتصالات دون استثناء على الوزير المكلف بالاتصالات,قرار الدوائر المجتمعة عدد 46252 بتاريخ 20 جوان 2019,2019,217,221,,7563,,,,,,digests/txt/2019-044.txt,46252,46252,
46252,full_text,46252,,2019-06-20,2019,06,محكمة التعقيب,تونس,الدوائر المجتمعة,,الطيب راشد,نازك كادة؛البشير المطوي؛نعيمة رحيم؛المنصف الكشو؛كوثر السعدي؛هاجر المحرزي؛سارة العياري؛عبد المجيد بوريقة؛ماجدة بن غربية؛ماهر كريشان؛منيرة النحالي؛جلال الدين بوكتيف؛روضة اوبيش؛اسيا العياري؛حياة البصلي؛حاتم بن عجال؛المنجي شلغوم؛عادل الاندلسي؛رياض الامام؛لمياء الحمامي؛زهرة السلام؛ي محمد كمال دويك,ح اتم بن جماعة؛بديع بن عباس؛عفاف عالشيخ؛راضية المنتصر؛رضا العرعوري؛وريدة الغربي؛سامية القطاري؛سميرة الحويوي؛ريم منية البحري؛عبد الرزاق الباهوري؛هندة العلاقي؛ايمان الشرفي؛ابراهيم الغرياني؛ا مال العرفا؛زهرة الحجري؛سعاد شبار؛سرور البرشاني؛فات ن خير الله؛هاجر الخالدي؛بسمة بودن؛بسمة العبساوي؛ماهر كنو؛فاخر بركات؛رجاء بوسمة؛ثريا الداه؛ش عبد الباسط الخالدي,26,49,منتصر سفطة,نسرين الطرشاني,محكمة الاستئناف بمدنين,مدنين,جزائي,رفض؛قبول,قرار تعقيبي عدد 46252 بتاريخ 20 جوان 2019 -إثبات جريمة الإساءة للغير عبرالشبكات العمومية للاتصالات-إحالة المحاضر الجزائية المتعلقة بجرائم الاتص,,,,,,11,13379,text-layer,0.947,http://www.cassation.tn/fileadmin/user_upload/46252.pdf,8bb6c248757b05cc3fca3ff13ba6262c6439d9a157116684d82b5c282612dd2d,decisions/pdf/46252.pdf,decisions/txt/46252.txt,,,
2019-046,digest,63644,,2019-06-26,2019,06,محكمة التعقيب,تونس,دائرة,7,سارة العياري,,هالة البجار؛ايمان الشرفي,2,3,فيروز العباسي,,,,احوال شخصية,,,-2-1 ارتباط فرع النفقة حكميا وترابيا بقضية الطلاق ينتهي بصدور حكم بات في شأنها,قرار تعقيبي عدد 63644 صادر بتاريخ 26 جوان 2019 عن الدائرة السابعة برئاسة السيدة سارة العياري وعضوية المستشارتين السيدتين هالة البجار وإيمان الشرفي وبحضور المدعي العام السيدة فيروز العباسي وبمساعدة كاتبة المحكمة السيدة جميلة مسعود.,2019,223,225,,3016,,,,,,digests/txt/2019-046.txt,,,
2019-056,digest,73948,,2019-06-26,2019,06,محكمة التعقيب,تونس,دائرة,4,المنصف الكشو,,نجوي الغربي؛محمد معز العروسي,2,3,رجاء الخضراوي,راضية همادي,,,مدني,,,-3مدني عام -1-3 في العقود -1-1-3تكييف العقود,قرار تعقيبي عدد 73948 بتاريخ 26 جوان 2019 صادرعن الدائرة المدنية الرابعة برئاسة السيد المنصف الكشو وعضوية المستشارين السيدة نجوي الغربي والسيد محمد معز العروسي وبمحضر المدعي العام السيدة رجاء الخضراوي وبمساعدة كاتبة الجلسة السيدة راضية همادي.,2019,236,236,,1261,,,,,,digests/txt/2019-056.txt,,,
2019-195,digest,70352,,2019-07-03,2019,07,محكمة التعقيب,تونس,دائرة,9,عبد المجيد بوريقة,,منذر الهذيلي؛توفيق السويدي,2,3,رياض الغربي,منيرة المانعي,,,جزائي,,,4ـ1ـ12ـ يجب أن يكون الحكم مكتفيا بذاته ولا يضطر من يطّلع عليه إلى الاعتماد على أية وثيقة أخرى خارجة عنه لفهم النزاع ووجه الفصل فيه.,قرار تعقيبي عدد 70352 بتاريخ 3 جويلية 2019 صادر عن الدائرة التاسعة برئاسة السيد عبد المجيد بوريقة وعضوية المستشارين السيدين منذر الهذيلي وتوفيق السويدي بمحضر المدعي العام السيد رياض الغربي وبمساعدة كاتبة الجلسة السيدة منيرة المانعي.,2019,500,501,,1576,,,,,,digests/txt/2019-195.txt,,,
2019-202,digest,70352,,2019-07-03,2019,07,محكمة التعقيب,تونس,دائرة,9,عبد المجيد بوريقة,,منذر الهذيلي؛توفيق السويدي,2,3,رياض الغربي,منيرة المانعي,,,جزائي,,,5ـ2ـ12ـ القيام على المسؤولية الخاصة ـ اتصال القضاء بالوصف القانوني للأفعال,قرار تعقيبي عدد 70352 بتاريخ 3 جويلية 2019 صادر عن الدائرة التاسعة برئاسة السيد عبد المجيد بوريقة وعضوية المستشارين السيدين منذر الهذيلي وتوفيق السويدي بمحضر المدعي العام السيد رياض الغربي وبمساعدة كاتبة الجلسة السيدة منيرة المانعي.,2019,511,512,,1493,,,,,,digests/txt/2019-202.txt,,2019-195,repeat_of:2019-195
2019-006,digest,393,,2019-07-04,2019,07,محكمة التعقيب,تونس,الدوائر المجتمعة,,,,,0,0,,,,,مدني,,,عدم التنصيص على رقم بطاقة تعريف متلقي التبليغ,قرار صادر عن الدوائر المجتمعة عدد 393 بتاريخ 4 جويلية 2019,2019,89,91,,3012,,,,,,digests/txt/2019-006.txt,,,
2019-007,digest,400,,2019-07-04,2019,07,محكمة التعقيب,تونس,الدوائر المجتمعة,,,,,0,0,,,,,مدني,,,عدم تقديم بطاقة الإعلام بالبلوغ المتعلقة بتبليغ مستندات الطعن,قرار الدوائر المجتمعة عدد 400 بتاريخ 4 جويلية 2019,2019,91,93,,3925,,,,,,digests/txt/2019-007.txt,,,
2019-008,digest,395,,2019-07-04,2019,07,محكمة التعقيب,تونس,الدوائر المجتمعة,,,,,0,0,,,,,تجاري,,,التعريف بالهوية لا يعني التنصيص بالمحضر على عدد بطاقة التعريف الوطنيّة,قرار صادر عن الدوائر المجتمعة عدد 395 بتاريخ 4 جويلية 2019,2019,94,95,,2912,,,,,,digests/txt/2019-008.txt,,,
2019-009,digest,402,,2019-07-04,2019,07,محكمة التعقيب,تونس,الدوائر المجتمعة,,,,,0,0,,,محكمة الاستئناف بتونس,تونس,,,,الآراء القانونية ولو كانت تمثل آراء انفرادية لا تُعدّ من قبيل الخطأ البين,قرار الدوائر المجتمعة عدد 402 بتاريخ 4 جويلية 2019,2019,95,97,,2393,,,,,,digests/txt/2019-009.txt,,,
2019-010,digest,407,,2019-07-04,2019,07,محكمة التعقيب,تونس,الدوائر المجتمعة,,,,,0,0,,,,,مدني,,,أو تتبناها إحدى الدوائر ولو كانت تمثل رأيا انفراديا، لا يُعد من قبيل الخطأ البين ألن هذا الأخير ينحصر مجاله في الأغلاط المادية الناتجة عن السهو والغفلة وما شاكل ذلك من الصور والحالات بما يتعين معه رفض مطلب التصحيح أصلا وحجز معلوم الخطية المؤمن .» عدم تبليغ مستندات الطعن إلى خلفاء المعقب ضده المتوفّى بعد تقديم مطلب التعقيب,قرار صادر عن الدوائر المجتمعة عدد 407 بتاريخ 4 جويلية 2019,2019,97,100,,5293,,,,,,digests/txt/2019-010.txt,,,
2019-011,digest,408,,2019-07-04,2019,07,محكمة التعقيب,تونس,الدوائر المجتمعة,,,,,0,0,,,محكمة الاستئناف بسوسة,سوسة,جزائي,,,ورود هويةً غير هوية الطاعن الصحيحة في طالع مستندات الطعن يُعدّ خطأ ماديا,قرار الدوائر المجتمعة عدد 408 بتاريخ 4 جويلية 2019,2019,100,102,,2738,,,,,,digests/txt/2019-011.txt,,,
2019-012,digest,418,,2019-07-04,2019,07,محكمة التعقيب,تونس,الدوائر المجتمعة,,,,,0,0,,,,,شغل,,,نيابة المحامي تنتهي بالطور الذي ناب فيه,قرار الدوائر المجتمعة عدد 418 بتاريخ 4 جويلية 2019,2019,102,104,,2917,,,,,,digests/txt/2019-012.txt,,,
2019-013,digest,424,,2019-07-04,2019,07,محكمة التعقيب,تونس,الدوائر المجتمعة,,,,,0,0,,,,,تجاري,,,تبليغ مستندات التعقيب بمكتب المحامي,قرار الدوائر المجتمعة عدد 424 بتاريخ 4 جويلية 2019,2019,104,105,,2296,,,,,,digests/txt/2019-013.txt,,,
2019-014,digest,396,,2019-07-04,2019,07,محكمة التعقيب,تونس,الدوائر المجتمعة,,,,,0,0,,,,,تجاري,,,تأويل القانون يخرج عن دائرة الغلط الواضح,قرار الدوائر المجتمعة عدد 396 بتاريخ 4 جويلية 2019,2019,105,106,,1573,,,,,,digests/txt/2019-014.txt,,,
2019-032,digest,401,,2019-07-04,2019,07,محكمة التعقيب,تونس,الدوائر المجتمعة,,,,,0,0,,,,,جزائي,,,,قرار صادر عن الدوائر المجتمعة عدد 401 بتاريخ 4 جويلية 2019,2019,178,181,,5504,,,,,,digests/txt/2019-032.txt,,,
2019-033,digest,405,,2019-07-04,2019,07,محكمة التعقيب,تونس,الدوائر المجتمعة,,,,,0,0,,,,,جزائي,,,علاقة الطعن المرفوع من المحامي بالطعن المرفوع من المتهم شخصيا,قرار صادر عن الدوائر المجتمعة عدد 405 بتاريخ 4 جويلية 2019,2019,181,182,,2517,,,,,,digests/txt/2019-033.txt,,,
2019-034,digest,412,,2019-07-04,2019,07,محكمة التعقيب,تونس,الدوائر المجتمعة,,,,,0,0,,,,,جزائي,,,خلوّ الملف من مستندات التعقيب لعدم إضافتها من كتابة المحكمة,قرار الدوائر المجتمعة عدد 412 بتاريخ 4 جويلية 2019,2019,183,184,,1987,,,,,,digests/txt/2019-034.txt,,,
2019-035,digest,413,,2019-07-04,2019,07,محكمة التعقيب,تونس,الدوائر المجتمعة,,,,,0,0,,,محكمة الاستئناف بسوسة,سوسة,جزائي,,,قبول الخطأ البين في المادة الجزائية- يوم العدّ لا يُعد,قرار الدوائر المجتمعة عدد 413 بتاريخ 4 جويلية 2019,2019,184,187,,4465,,,,,,digests/txt/2019-035.txt,,,
2019-036,digest,415,,2019-07-04,2019,07,محكمة التعقيب,تونس,الدوائر المجتمعة,,,,,0,0,,,,,جزائي,,,سبق النّظر في الموضوع,قرار الدوائر المجتمعة عدد 415 بتاريخ 4 جويلية 2019,2019,187,198,,18762,,,,,,digests/txt/2019-036.txt,,,
2019-037,digest,420,,2019-07-04,2019,07,محكمة التعقيب,تونس,الدوائر المجتمعة,,,,,0,0,,,,,جزائي,,,التنصيص المنسوب لممثل النيابة العمومية على ظهر الملف إشارة إلى تعقيب الحكم لا يُمثّل طعنا قانونيا صادرا عنه في ظلّ عدم تلقيه من كاتب المحكمة,قرار الدوائر المجتمعة عدد 420 بتاريخ 4 جويلية 2019,2019,198,200,,2437,,,,,,digests/txt/2019-037.txt,,,
2019-038,digest,426,,2019-07-04,2019,07,محكمة التعقيب,تونس,الدوائر المجتمعة,,,,,0,0,,,المحكمة الابتدائية بباجة,باجة,جزائي,,,قبول الطعن بالخطأ البين في القرارات الجزائية - رفض التعقيب شكلا استنادا على وصل تسليم تضمّن خطأ ماديا,قرار الدوائر المجتمعة عدد 426 بتاريخ 4 جويلية 2019,2019,200,203,,4326,,,,,,digests/txt/2019-038.txt,,,
2019-039,digest,423,,2019-07-04,2019,07,محكمة التعقيب,تونس,الدوائر المجتمعة,,,,,0,0,,,,,جزائي,,,,قرار الدوائر المجتمعة عدد 423 بتاريخ 4 جويلية 2019,2019,203,205,,3478,,,,,,digests/txt/2019-039.txt,,,
2019-040,digest,417,,2019-07-04,2019,07,محكمة التعقيب,تونس,الدوائر المجتمعة,,,,,0,0,,,,,جزائي,,,يجب أن يبلغ الاستدعاء بتسلم نسخة الحكم بصورة فعلية,قرار الدوائر المجتمعة عدد 417 بتاريخ 4 جويلية 2019,2019,205,206,,2367,,,,,,digests/txt/2019-040.txt,,,
2019-041,digest,419,,2019-07-04,2019,07,محكمة التعقيب,تونس,الدوائر المجتمعة,,,,,0,0,,,محكمة الاستئناف ببنزرت,بنزرت,جزائي,,,النيابة العمومية غير مُلزمة بتبليغ مذكرة الطعن إلى المعقب ضده,قرار الدوائر المجتمعة عدد 419 بتاريخ 4 جويلية 2019,2019,207,209,,3535,,,,,,digests/txt/2019-041.txt,,,
2019-042,digest,434,,2019-07-04,2019,07,محكمة التعقيب,تونس,الدوائر المجتمعة,,,,,0,0,,,محكمة الاستئناف بنابل,نابل,جزائي,,,قبول الخطأ البين في المادة الجزائية - لا يتم تبليغ مستندات الطعن بالتعقيب إلا لمن شملته عريضة الطعن,قرار الدوائر المجتمعة عدد 434 بتاريخ 4 جويلية 2019 «أ-مبدأ قبول الخطأ البيّن في المادة الجزائية:,2019,209,211,,3510,,,,,,digests/txt/2019-042.txt,,,
38565,full_text,38565,,2019-07-12,2019,07,محكمة التعقيب,تونس,دائرة,29,رياض الامام,,شكري كمون؛سامي الداهش,2,3,سارة بوطبة,جلال الدين العنتير,المحكمة الابتدائية بجندوبة,جندوبة,جزائي,رفض؛قبول,قرار تعقيبي عدد 38565 بتاريخ 12-07-2019 المحكمة المختصة في جريمة كف شغب عن عقار مسجل,,,,,,3,4826,text-layer,0.981,http://www.cassation.tn/fileadmin/user_upload/38565.pdf,ef8a40a2020653c6a2097e38b8cb9928120999b5a38dd1b59429c52f34a78f35,decisions/pdf/38565.pdf,decisions/txt/38565.txt,,,
2019-098,digest,77612,,2019-08-05,2019,08,محكمة التعقيب,تونس,دائرة,,بسمة العبساوي,,صالح بالحاج؛وريدة الغربي,2,3,منية بن علي,عائدة الحلواني,,,تجاري,,,بما يتجه معه رد الطعن أصلا.» 6-2-5 بطلان عقد كراء أصل تجاري,قرار تعقيبي عدد 77612 بتاريخ 05 أوت 2019 صادر عن الدائرة المدنية الصيفية برئاسة السيدة بسمة العبساوي وعضوية المستشارين السيدين صالح بالحاج ووريدة الغربي وبحضور ممثل الادعاء العام السيدة منية بن علي وبمساعدة كاتبة الجلسة السيدة عائدة الحلواني.,2019,315,316,,1157,,,,,,digests/txt/2019-098.txt,,,
2019-072,digest,69152,,2019-09-30,2019,09,محكمة التعقيب,تونس,دائرة,1,البشير المطوي,,مريم البكوش؛عربية الطويهري,2,3,عادل بن سالم,كريمة الغزواني,,,مدني,,,قبول الطعن أصلا.» 11-3 الغلط الحسي,قرار تعقيبي عدد 69152 صادر بتاريخ 30 سبتمبر 2019 عن الدائرة المدنية الأولى المتركبة من رئيسها السيد البشير المطوي وعضوية المستشارتين السيدتين مريم البكوش وعربية الطويهري وبحضور المدعي العام السيد عادل بن سالم وبمساعدة كاتبة الجلسة السيدة كريمة الغزواني.,2019,262,264,,3142,,,,,,digests/txt/2019-072.txt,,,
2019-081,digest,76483,,2019-09-30,2019,09,محكمة التعقيب,تونس,دائرة,1,البشير المطوي,,مريم البكوش؛عربية الطويهري,2,3,سفيان العرابي,كريمة الغزواني,,,عقاري,,,-3-4 دعوى كف الشغب على عقار مُسجل تهدف لحماية الانتفاع وليس الحيازة,قرار تعقيبي عدد 76483 صادر بتاريخ 2019-9-30 عن الدائرة المدنية الأولى برئاسة السيد البشير المطوي وعضوية المستشارين السيدة مريم البكوش والسيدة عربية الطويهري بحضور المدعي العام السيد سفيان العرابي وبمساعدة كاتبة الجلسة السيدة كريمة الغزواني.,2019,279,280,,1894,,,,,,digests/txt/2019-081.txt,,,
2019-110,digest,63608,,2019-09-30,2019,09,محكمة التعقيب,تونس,دائرة,1,البشير المطوي,,مريم البكوش؛عربية الطويهري,2,3,عادل بن سالم,كريمة الغزواني,,,تجاري,,,ا-7-3-5ل يمكن القيام ضد الوكيل شخصيا في الدعاوى الموجة ضد الشركة,قرار تعقيبي عدد 63608 بتاريخ 30 سبتمبر 2019 صادرعن الدائرة المدنية الأولى برئاسة السيد البشير المطوي وعضوية المستشارتين السيدتين مريم البكوش وعربية الطويهري وبحضور المدعي العام السيد عادل بن سالم وبمساعدة كاتبة الجلسة السيدة كريمة الغزواني.,2019,333,335,,2462,,,,,,digests/txt/2019-110.txt,,,
2019-053,digest,64426,2018,2019-10-01,2019,10,محكمة التعقيب,تونس,دائرة,32,لمياء الحمامي,,راضية المنتصر؛نفيسة العلاني,2,3,توفيق السبعي,عائدة الحلواني,,,شغل,,,-4-2 عدم وجوبية المرور بمرحلة التسوية الصلحيّة في حوادث الشغل,قرار تعقيبي عدد 64426.2018 بتاريخ 01 أكتوبر 2019 صادر عن الدائرة المدنية الثانية والثلاثين برئاسة السيدة لمياء الحمامي وعضوية المستشارتين السيدتين راضية المنتصر ونفيسة العلاني وبحضور المدعي العام السيد توفيق السبعي وبمساعدة كاتبة الجلسة السيدة عائدة الحلواني.,2019,233,234,,792,,,,,,digests/txt/2019-053.txt,,,
2019-059,digest,63140,2018,2019-10-01,2019,10,محكمة التعقيب,تونس,دائرة,32,لمياء الحمامي,,راضية المنتصر؛نفيسة العلاني,2,3,توفيق السبعي,عائدة الحلواني,,,جزائي,,,2-2-3 البائع المدلّس – حجية الجزائي على المدني,قرار تعقيبي عدد 63140.2018 بتاريخ 1 أكتوبر 2019 صادر عن الدائرة الثانية والثلاثين برئاسة السيدة لمياء الحمامي وعضوية المستشارتين السيدتين راضية المنتصر ونفيسة العلاني وبحضور المدعي العام السيد توفيق السبعي وبمساعدة كاتبة الجلسة السيدة عائدة الحلواني.,2019,240,241,,2038,,,,,,digests/txt/2019-059.txt,,,
2019-061,digest,64219,2018,2019-10-01,2019,10,محكمة التعقيب,تونس,دائرة,2,لمياء الحمامي,,راضية المنتصر؛نفيسة العلاني,2,3,توفيق السبعي,عائدة الحلواني,,,عقاري,,,4-2-3 استحالة التزام الواعد بإبرام عقد البيع النهائي بسبب استحقاق العقار منه,قرار تعقيبي عدد 64219.2018 بتاريخ غرة أكتوبر 2019 صادر عن الدائرة المدنية الثانية برئاسة السيدة لمياء الحمامي وعضوية المستشارتين السيدتين راضية المنتصر ونفيسة العلاني وبحضور المدعي العام السيد توفيق السبعي وبمساعدة كاتبة الجلسة السيدة عائدة الحلواني.,2019,242,244,,2954,,,,,,digests/txt/2019-061.txt,,,
2019-064,digest,63893,2018,2019-10-01,2019,10,محكمة التعقيب,تونس,دائرة,32,لمياء الحمامي,,راضية المنتصر؛نفيسة العلاني,2,3,توفيق السبعي,عائدة الحلواني,,,مدني,,,-4-3البطلان المطلق 1-4-3 سقوط دعوى البطلان المطلق,قرار تعقيبي عدد 63893.2018 بتاريخ غرة أكتوبر 2019 صادر عن الدائرة المدنية الثانية والثلاثين برئاسة السيدة لمياء الحمامي وعضوية المستشارتين السيدتين راضية المنتصر ونفيسة العلاني وبحضور المدعي العام السيد توفيق السبعي وبمساعدة كاتبة الجلسة السيدة عائدة الحلواني.,2019,247,248,,2652,,,,,,digests/txt/2019-064.txt,,,
2019-079,digest,63855,2018,2019-10-01,2019,10,محكمة التعقيب,تونس,دائرة,32,لمياء الحمامي,,راضية المنتصر؛نفيسة العلاني,2,3,توفيق السبعي,عائدة الحلواني,,,مدني,,,تطبيق القانون وخرقت أحكامه مما يجعل حكمها عرضة للنقض لا محالة.» -4 قانون عقاري وتهيئة عمرانية -1-4 التجاوز عن حسن نية إلى جزء يسير بأرض ملاصقة,قرار تعقيبي عدد 63855.2018 بتاريخ 01 اكتوبر 2019 صادر عن الدائرة المدنية الثانية والثلاثين برئاسة السيدة لمياء الحمامي وعضوية المستشارتين السيدتين راضية المنتصر ونفيسة العلاني وبحضور المدعي العام السيد توفيق السبعي ومساعدة كاتبة الجلسة السيدة عائدة الحلواني.,2019,275,276,,2176,,,,,,digests/txt/2019-079.txt,,,
2019-094,digest,63297,2018,2019-10-01,2019,10,محكمة التعقيب,تونس,دائرة,2,لمياء الحمامي,,راضية المنتصر؛نفيسة العلاني,2,3,توفيق السبعي,عائدة الحلواني,,,تجاري,,,-2-2-5 الأشغال التحسينية بالمكرى التجاري,قرار تعقيبي عدد 63297.2018 بتاريخ غرة أكتوبر 2019 صادر عن الدائرة المدنية الثانية برئاسة السيدة لمياء الحمامي وعضوية المستشارتين السيدتين راضية المنتصر ونفيسة العلاني وبحضور المدعي العام السيد توفيق السبعي وبمساعدة كاتبة الجلسة السيدة عائدة الحلواني,2019,309,310,,2840,,,,,,digests/txt/2019-094.txt,,,
2019-123,digest,64191,2018,2019-10-01,2019,10,محكمة التعقيب,تونس,دائرة,32,لمياء الحمامي,,راضية المنتصر؛نفيسة العلاني,2,3,توفيق السبعي,عائدة الحلواني,,,مدني,,,-6 المسؤولية المدنية والتأمين -1-6 المسؤولية المدنية -1-1-6 أركان المسؤولية الشيئية,قرار تعقيبي عدد 64191.2018 بتاريخ 01 أكتوبر 2019 صادر عن الدائرة المدنية الثانية والثلاثين برئاسة السيدة لمياء الحمامي وعضوية المستشارتين السيدتين راضية المنتصر ونفيسة العلاني وبحضور المدعي العام السيد توفيق السبعي وبمساعدة كاتبة الجلسة السيدة عائدة الحلواني.,2019,364,366,,2152,,,,,,digests/txt/2019-123.txt,,,
2019-127,digest,63800,2018,2019-10-01,2019,10,محكمة التعقيب,تونس,دائرة,32,لمياء الحمامي,,راضية المنتصر؛نفيسة العلاني,2,3,توفيق السبعي,عائدة الحلواني,,,مدني,,,-3-2-6 الحكم مباشرة على المكلف العام بنزاعات الدولة – إجراء التسوية الصلحية وخيار المتضرر,قرار تعقيبي عدد 63800.2018 بتاريخ 01 أكتوبر 2019 صادر عن الدائرة المدنية الثانية والثلاثين برئاسة السيدة لمياء الحمامي وعضوية المستشارتين السيدتين راضية المنتصر ونفيسة العلاني وبحضور المدعي العام السيد توفيق السبعي ومساعدة كاتبة الجلسة السيدة عائدة الحلواني.,2019,368,369,,1653,,,,,,digests/txt/2019-127.txt,,,
2019-128,digest,64536,2018,2019-10-01,2019,10,محكمة التعقيب,تونس,دائرة,32,لمياء الحمامي,,راضية المنتصر؛نفيسة العلاني,2,3,توفيق السبعي,عائدة الحلواني,,,مدني,,,-4-2-6 سائق العربة المجرورة بحيوان يُنزّل منزلة المترجّل,قرار تعقيبي عدد 64536.2018 بتاريخ 1 أكتوبر 2019 صادر عن الدائرة المدنية الثانية والثلاثين برئاسة السيدة لمياء الحمامي وعضوية المستشارتين السيدتين راضية المنتصر ونفيسة العلاني وبحضور المدعي العام السيد السيد توفيق السبعي وبمساعدة كاتبة الجلسة السيدة عائدة الحلواني.,2019,369,370,,788,,,,,,digests/txt/2019-128.txt,,,
2019-134,digest,63800,2018,2019-10-01,2019,10,محكمة التعقيب,تونس,دائرة,32,لمياء الحمامي,,راضية المنتصر؛نفيسة العلاني,2,3,توفيق السبعي,عائدة الحلواني,,,مدني,,,,قرار تعقيبي عدد 63800.2018 بتاريخ 01 أكتوبر 2019 صادر عن الدائرة المدنية الثانية والثلاثين برئاسة السيدة لمياء الحمامي وعضوية المستشارتين السيدتين راضية المنتصر ونفيسة العلاني وبحضور المدعي العام السيد توفيق السبعي ومساعدة كاتبة الجلسة السيدة عائدة الحلواني.,2019,376,376,,1317,,,,,,digests/txt/2019-134.txt,,2019-127,repeat_of:2019-127
2019-136,digest,63640,2018,2019-10-01,2019,10,محكمة التعقيب,تونس,دائرة,32,لمياء الحمامي,,راضية المنتصر؛نفيسة العلاني,2,3,توفيق السبعي,عائدة الحلواني,,,مدني,,,-7 إجراءات مدنية وتجارية -1-7 الاعتراض على الأحكام في المادة المدنية -1-1-7شروط الاعتراض على الأحكام في المادة المدنية,قرار تعقيبي عدد 63640.2018 بتاريخ غرة أكتوبر 2019 صادر عن الدائرة المدنية الثانية والثلاثين برئاسة السيدة لمياء الحمامي وعضوية المستشارتين السيدتين راضية المنتصر ونفيسة العلاني وبحضور المدعي العام السيد توفيق السبعي وبمساعدة كاتبة الجلسة السيدة عائدة الحلواني.,2019,378,381,,5375,,,,,,digests/txt/2019-136.txt,,,
2019-154,digest,64426,2018,2019-10-01,2019,10,محكمة التعقيب,تونس,دائرة,32,لمياء الحمامي,,راضية المنتصر؛نفيسة العلاني,2,3,توفيق السبعي,عائدة الحلواني,,,مدني,,,-7-7 إصلاح الأخطاء المادّيّة -1-7-7الخطأ المتسرب لهوية المستأنف بالحكم هو من الأخطاء المادية القابلة للإصلاح,قرار تعقيبي عدد 64426.2018 بتاريخ 01 أكتوبر 2019 صادر عن الدائرة المدنية الثانية والثلاثين برئاسة السيدة لمياء الحمامي وعضوية المستشارتين السيدتين راضية المنتصر ونفيسة العلاني وبحضور المدعي العام السيد توفيق السبعي وبمساعدة كاتبة الجلسة السيدة عائدة الحلواني.,2019,415,415,,988,,,,,,digests/txt/2019-154.txt,,2019-053,repeat_of:2019-053
2019-105,digest,62101,,2019-10-02,2019,10,محكمة التعقيب,تونس,دائرة,,منصف الكشو,,نجلاء المصمودي؛محمد المعز العروسي,2,3,حسن بالحاج عبد االله,عائدة اسكندر,,,تجاري,,,الفصل 104 من م ش ت وهو ما يجعل هذا المطعن حريّا بالقبول.» -2-3-5بطلان إحالة الشريك للحصص دون إعلام الشركاء في الشركة ذات المسؤولية المحدودة ولو كان له صفة وكيل,قرار تعقيبي عدد 62101 بتاريخ 2 أكتوبر 2019 صادر عن الدائرة المدنية والتجارية الرابعة برئاسة السيد منصف الكشو وعضوية المستشارين السيدة نجلاء المصمودي والسيد محمد المعز العروسي وبحضور المدعي العام السيد حسن بالحاج عبد االله وبمساعدة كاتبة الجلسة السيدة عائدة اسكندر.,2019,326,327,,2753,,,,,,digests/txt/2019-105.txt,,,
2019-137,digest,63818,,2019-10-02,2019,10,محكمة التعقيب,تونس,دائرة,7,سارة العياري,,هالة البجار؛ايمان الشرفي,2,3,منية بن علي,,,,,,,-2-1-7الاعتراض على حقوق الأطراف في النزاعات غير القابلة للقسمة,قرار تعقيبي عدد 63818 بتاريخ 02 اكتوبر 2019 صادر عن الدائرة السابعة برئاسة السيدة سارة العياري وعضوية المستشارتين السيدتين هالة البجّار وإيمان الشرفي وبحضور المدعي العام السيدة منية بن علي وبمساعدة كاتبة المحكمة السيدة أمال بن نصر.,2019,381,383,,2583,,,,,,digests/txt/2019-137.txt,,,
2019-155,digest,62246,2018,2019-10-02,2019,10,محكمة التعقيب,تونس,دائرة,4,منصف الكشو,,نجلاء المصمودي؛نجوي الغربي,2,3,حسن بالحاج عبد االله,عائدة اسكندر,,,مدني,,,-2-7-7 شروط إصلاح الخطأ المادي,قرار تعقيبي عدد 62246.2018 بتا رخ 02 أكتوبر 2019 صادر عن الدائرة المدنية الرابعة برئاسة السيد منصف الكشو وعضوية المستشارتين السيدتين نجلاء المصمودي ونجوي الغربي وبحضور المدعي العام السيد حسن بالحاج عبد االله وبمساعدة كاتبة الجلسة السيدة عائدة اسكندر.,2019,415,417,,2356,,,,,,digests/txt/2019-155.txt,,,
2019-169,digest,63347,2018,2019-10-05,2019,10,محكمة التعقيب,تونس,دائرة,4,منصف الكشو,,نجلاء المصمودي؛نجوى الغربي,2,3,حسن بالحاج عبد االله,عائدة اسكندر,,,جزائي,,,-2-16-7 تجاوز إجراء عرض الملف على النيابة طالما لم يترتب عنه ضرر,قرار تعقيبي عدد 63347.2018 بتاريخ 05 أكتوبر 2019 صادر عن الدائرة المدنية الرابعة برئاسة السيد منصف الكشو وعضوية المستشارتين السيدتين نجلاء المصمودي ونجوى الغربي بمحضر المدعي العام السيد حسن بالحاج عبد االله وبمساعدة كاتبة الجلسة السيدة عائدة اسكندر.,2019,434,434,,637,,,,,,digests/txt/2019-169.txt,,,
2019-065,digest,64620,,2019-10-07,2019,10,محكمة التعقيب,تونس,دائرة,1,البشير المطوي,,مريم البكوش؛وليد بن جديدية,2,3,سفيان العرابي,كريمة الغزواني,,,مدني,,,-2-4-3 قطع أمد تقادم دعوى الإبطال المطلق,قرار تعقيبي عدد 64620 بتاريخ 7 أكتوبر 2019 صادر عن الدائرة المدنية الأولى برئاسة السيد البشير المطوي وعضوية المستشارين السيدين مريم البكوش ووليد بن جديدية وبحضور المدعي العام السيد سفيان العرابي وبمساعدة كاتبة الجلسة السيدة كريمة الغزواني.,2019,248,250,,2323,,,,,,digests/txt/2019-065.txt,,,
2019-109,digest,63453,,2019-10-07,2019,10,محكمة التعقيب,تونس,دائرة,1,البشير المطوي,,مريم البكوش؛عربية الطويهري,2,3,سفيان العرابي,كريمة الغزواني,,,تجاري,,,-6-3-5 مسؤولية مُسيّر الشركة عند التملص من دفع دين عمومي,قرار تعقيبي عدد 63453 بتاريخ 07 أكتوبر 2019 صادر عن الدائرة المدنية الأولى برئاسة السيد البشير المطوي وعضوية المستشارتين السيدتين مريم البكوش وعربية الطويهري وبحضور المدعي العام السيدسفيان العرابي وبمساعدة كاتبة الجلسة السيدة كريمة الغزواني.,2019,331,333,,3944,,,,,,digests/txt/2019-109.txt,,,
2019-062,digest,66416,2018,2019-10-08,2019,10,محكمة التعقيب,تونس,دائرة,32,لمياء الحمامي,,راضية المنتصر؛نفيسة العلاني,2,3,توفيق السبعي,عائدة الحلواني,,,مدني,,,5-2-3 الرضا في عقد البيع -غياب إمضاء المشتري لا يبطل العقد,قرار تعقيبي عدد 66416.2018 بتاريخ 08 أكتوبر 2019 صادر عن الدائرة المدنية الثانية والثلاثين برئاسة السيدة لمياء الحمامي وعضوية المستشارتين السيدتين راضية المنتصر ونفيسة العلاني وبحضور المدعي العام السيد توفيق السبعي وبمساعدة كاتبة الجلسة السيدة عائدة الحلواني.,2019,244,245,,1794,,,,,,digests/txt/2019-062.txt,,,
2019-138,digest,65210,2018,2019-10-08,2019,10,محكمة التعقيب,تونس,دائرة,2,لمياء الحمامي,,راضية المنتصر؛نفيسة العلاني,2,3,توفيق السبعي,عائدة الحلواني,,,مدني,,,2-7 سبق النظر في الموضوع 1-2-7 سبق النظر في الموضوع يهم النظام العام,قرار تعقيبي عدد 65210.2018 بتاريخ 08 أكتوبر 2019 صادر عن الدائرة المدنية الثانية برئاسة السيدة لمياء الحمامي وعضوية المستشارتين السيدتين راضية المنتصر ونفيسة العلاني وبحضور المدعي العام السيد توفيق السبعي وبمساعدة كاتبة الجلسة السيدة عائدة الحلواني.,2019,383,384,,1291,,,,,,digests/txt/2019-138.txt,,,
2019-139,digest,65235,2018,2019-10-08,2019,10,محكمة التعقيب,تونس,دائرة,32,لمياء الحمامي,,راضية المنتصر؛نفيسة العلاني,2,3,توفيق السبعي,عائدة الحلواني,,,مدني,,,-2-2-7 سبق النظر يمسّ بالإجراءات الأساسيّة,قرار تعقيبي عدد 65235.2018 بتاريخ 8 أكتوبر 2019 صادر عن الدائرة المدنية الثانية والثلاثين برئاسة السيدة لمياء الحمامي وعضوية المستشارتين السيدتين راضية المنتصر ونفيسة العلاني وبحضور المدعي العام السيد توفيق السبعي وبمساعدة كاتبة الجلسة السيدة عائدة الحلواني.,2019,384,384,,1044,,,,,,digests/txt/2019-139.txt,,,
2019-176,digest,65270,2018,2019-10-08,2019,10,محكمة التعقيب,تونس,دائرة,32,لمياء الحمامي,,راضية المنتصر؛نفيسة العلاني,2,3,توفيق السبعي,عائدة الحلواني,,,مدني,,,-4-1-8عدم قابلية حكم التبتيت للطعن بالتعقيب,قرار تعقيبي عدد 65270.2018 بتاريخ 08 أكتوبر 2019 صادر عن الدائرة المدنية الثانية والثلاثين برئاسة السيدة لمياء الحمامي وعضوية المستشارتين السيدتين راضية المنتصر ونفيسة العلاني وبحضور المدعي العام السيد توفيق السبعي وبمساعدة كاتبة الجلسة السيدة عائدة الحلواني.,2019,447,448,,1862,,,,,,digests/txt/2019-176.txt,,,
2019-049,digest,64685,,2019-10-09,2019,10,محكمة التعقيب,تونس,دائرة,,منصف الكشو,,نجلاء المصمودي؛محمد المعز العروسي,2,3,حسن بالحاج عبد االله,عائدة اسكندر,,,مدني,,,-2-4-1 إجراءات الاعتراض على حجة الوفاة وإبطالها,قرار تعقيبي عدد 64685 بتاريخ 9 أكتوبر 2019 صادر عن الدائرة المدنية والتجارية الرابعة برئاسة السيد منصف الكشو وعضوية المستشارين السيدة نجلاء المصمودي والسيد محمد المعز العروسي وبحضور المدعي العام السيد حسن بالحاج عبد االله وبمساعدة كاتبة الجلسة السيدة عائدة إسكندر.,2019,227,229,,3072,,,,,,digests/txt/2019-049.txt,,,
2019-096,digest,64678,2018,2019-10-09,2019,10,محكمة التعقيب,تونس,دائرة,4,منصف الكشو,,نجلاء المصمودي؛محمد المعز العروسي,2,3,حسين بالحاج عبد االله,عائدة اسكندر,,,مدني,,,-4-2-5 ممارسة حق العدول في الأجل يُعفي من دفع غرامة الحرمان,قرار تعقيبي عدد 64678.2018 بتاريخ 09 أكتوبر 2019 صادر عن الدائرة المدنية الرابعة برئاسة السيد منصف الكشو وعضوية المستشارين السيدة نجلاء المصمودي والسيد محمد المعز العروسي بمحضر المدعي العام السيد حسين بالحاج عبد االله وبمساعدة كاتبة الجلسة السيدة عائدة إسكندر.,2019,312,313,,1918,,,,,,digests/txt/2019-096.txt,,,
2019-160,digest,79619,2019,2019-10-09,2019,10,محكمة التعقيب,تونس,دائرة,4,منصف الكشو,,نجلاء المصمودي؛نجوى الغربي,2,3,حسن بالحاج عبد االله,عائدة اسكندر,,,جزائي,,,2-10-7 الاختصاص الحكمي في قضايا الكراء,قرار تعقيبي عدد 79619.2019 بتاريخ 09 أكتوبر 2019 صادر عن الدائرة المدنية الرابعة برئاسة السيد منصف الكشو وعضوية المستشارتين السيدتين نجلاء المصمودي ونجوى الغربي بمحضر المدعي العام السيد حسن بالحاج عبد االله وبمساعدة كاتبة الجلسة السيدة عائدة اسكندر.,2019,422,423,,1917,,,,,,digests/txt/2019-160.txt,,,
2019-181,digest,64685,2018,2019-10-09,2019,10,محكمة التعقيب,تونس,دائرة,4,منصف الكشو,,نجلاء المصمودي؛نجوى الغربي,2,3,حسن بالحاج عبد االله,عائدة اسكندر,,,مدني,,,-2-9 الأحكام الاستعجالية وقتية ولا تحوز قوّة الأمر المقضي به,قرار تعقيبي عدد 64685.2018 بتاريخ 09 أكتوبر 2019 صادر عن الدائرة المدنية الرابعة برئاسة السيد منصف الكشو وعضوية المستشارتين السيدتين نجلاء المصمودي ونجوى الغربي بمحضر المدعي العام السيد حسن بالحاج عبد االله وبمساعدة كاتبة الجلسة السيدة عائدة اسكندر.,2019,455,456,,2706,,,,,,digests/txt/2019-181.txt,,2019-049,repeat_of:2019-049
2019-167,digest,76750,,2019-10-14,2019,10,محكمة التعقيب,تونس,دائرة,1,البشير المطوي,,مريم البكوش؛ليد بن جديدية,2,3,سفيان العرابي,كريمة الغزواني,,,مدني,,,-15-7 مدى جواز التمسك أمام محكمة الإحالة بدفع من متعلقات النظام العام والإجراءات الأساسية خارج عن أسباب النقض.,قرار تعقيبي عدد 76750 بتاريخ 14 اكتوبر 2019 صادر عن الدائرة المدنية الأولى برئاسة السيد البشير المطوي وعضوية المستشارين السيدة مريم البكوش والسيد وليد بن جديدية وبحضور المدعي العام السيد سفيان العرابي وبمساعدة كاتبة الجلسة السيدة كريمة الغزواني.,2019,431,433,,3206,,,,,,digests/txt/2019-167.txt,,,
2019-083,digest,64322,2018,2019-10-16,2019,10,محكمة التعقيب,تونس,دائرة,4,المنصف الكشو,,نجلاء المصمودي؛نجوى الغربي,2,3,حسن بالحاج عبد االله,عائدة اسكندر,,,عقاري,,,-2-4-4 مفهوم حسن النية في مجلة الحقوق العينية,قرار تعقيبي عدد 64322.2018 بتاريخ 16 أكتوبر 2019 صادر عن الدائرة المدنية الرابعة برئاسة السيد المنصف الكشو وعضوية المستشارتين السيدتين نجلاء المصمودي ونجوى الغربي وبمحضر المدعي العام السيد حسن بالحاج عبد االله وبمساعدة كاتبة الجلسة السيدة عائدة إسكندر.,2019,288,291,,4465,,,,,,digests/txt/2019-083.txt,,,
2019-130,digest,78777/78710,,2019-10-16,2019,10,محكمة التعقيب,تونس,,,,,,0,0,,,,,,,,-6-2-6 استحقاق الفوائض بداية من تحقق الخطر المؤمن عليه,قرار تعقيبي عدد 78777/78710.2019 بتاريخ 16 أكتوبر 2019 صادر,2019,371,372,,1790,,,,,,digests/txt/2019-130.txt,,,
2019-172,digest,75894,2019,2019-10-16,2019,10,محكمة التعقيب,تونس,دائرة,4,المنصف الكشو,,نجوى الغربي؛محمد معز العروسي,2,3,حسن بالحاج عبد االله,عائدة اسكندر,,,مدني,,,-19-7 التنفيذ -1-19-7حجية محاضر عدول التنفيذ,قرار تعقيبي عدد 75894.2019 بتاريخ 16 أكتوبر 2019 صادر عن الدائرة المدنية الرابعة برئاسة السيد المنصف الكشو وعضوية المستشارين السيدة نجوى الغربي والسيد محمد معز العروسي بمحضر المدعي العام السيد حسن بالحاج عبد االله وبمساعدة كاتبة الجلسة السيدة عائدة اسكندر.,2019,436,437,,1914,,,,,,digests/txt/2019-172.txt,,,
2019-122,digest,64698,,2019-10-21,2019,10,محكمة التعقيب,تونس,دائرة,1,البشير المطوي,,مريم البكوش؛وليد بن جديدية,2,3,سفيان العرابي,كريمة الغزواني,,,مدني,,,-7-5 بنكي -1-7-5 تكرّر عمليات السحب المشبوهة يُرتّب مسؤولية البنك عن عدم أخذه الاحتياطات لحماية الحريف.,قرار تعقيبي عدد 64698 بتاريخ 21 أكتوبر 2019 صادر عن الدائرة المدنية الأولى برئاسة السيد البشير المطوي وعضوية المستشارين السيدين مريم البكوش ووليد بن جديدية وبحضور المدعي العام السيد سفيان العرابي وبمساعدة كاتبة الجلسة السيدة كريمة الغزواني.,2019,362,364,,4193,,,,,,digests/txt/2019-122.txt,,,
2019-143,digest,64697,,2019-10-21,2019,10,محكمة التعقيب,تونس,دائرة,1,البشير المطوي,,مريم البكوش؛عربية الطويهري,2,3,سفيان العرابي,كريمة الغزواني,المحكمة الابتدائية بالمهدية,المهدية,مدني,,,الناحية القانونية وتعين لذلك رد هذا المطعن لعدم وجاهته.» -3-7أنواع المقر- تبليغ المؤيدات إلى المدّعى عليه.,قرار تعقيبي عدد64697 بتاريخ 21 أكتوبر 2019 صادر الدائرة المدنية الأولى برئاسة السيد البشير المطوي وعضوية المستشارتين السيدتين مريم البكوش وعربية الطويهري وبحضور المدعي العام السيد سفيان العرابي وبمساعدة كاتبة الجلسة السيدة كريمة الغزواني.,2019,392,395,,5649,,,,,,digests/txt/2019-143.txt,,,
2019-161,digest,64697,,2019-10-21,2019,10,محكمة التعقيب,تونس,دائرة,1,البشير المطوي,,مريم البكوش؛عربية الطويهري,2,3,سفيان العرابي,كريمة الغزواني,المحكمة الابتدائية بالمهدية,المهدية,تجاري,,,-3-10-7 الاختصاص الحكمي للدوائر التجارية,قرار تعقيبي عدد64697 بتاريخ 21 أكتوبر 2019 صادر عن الدّائرة المدنية الأولى برئاسة السيد البشير المطوي وعضوية المستشارتين السيدتين مريم البكوش وعربية الطويهري وبحضور المدعي العام السيد سفيان العرابي ومساعدة كاتبة الجلسة السيدة كريمة الغزواني.,2019,424,424,,870,,,,,,digests/txt/2019-161.txt,,2019-143,repeat_of:2019-143
2019-057,digest,68454,2018,2019-10-22,2019,10,محكمة التعقيب,تونس,دائرة,32,لمياء الحمامي,,راضية المنتصر؛نفيسة العلاني,2,3,توفيق السبعي,عائدة الحلواني,,,تجاري,,,-2-1-3 تدخل القاضي لوضع حدّ لعقد قبل حلول أجله,قرار تعقيبي عدد 68454.2018 بتاريخ 22 أكتوبر 2019 صادر عن الدائرة المدنية الثانية والثلاثين برئاسة السيدة لمياء الحمامي وعضوية المستشارتين السيدتين راضية المنتصر ونفيسة العلاني وبحضور المدعي العام السيد توفيق السبعي وبمساعدة كاتبة الجلسة السيدة عائدة الحلواني.,2019,237,239,,4606,,,,,,digests/txt/2019-057.txt,,,
2019-066,digest,65012,2018,2019-10-22,2019,10,محكمة التعقيب,تونس,دائرة,2,لمياء الحمامي,,راضية المنتصر؛نفيسة العلاني,2,3,توفيق السبعي,عائدة الحلواني,,,تجاري,,,-5-3المسؤولية التعاقدية -1-5-3 أجل سقوط المسؤولية التعاقدية,قرار تعقيبي عدد 65012.2018 بتاريخ 22 أكتوبر 2019 صادر عن الدائرة المدنية الثانية برئاسة السيدة لمياء الحمامي وعضوية المستشارتين السيدتين راضية المنتصر ونفيسة العلاني وبحضور المدعي العام السيد توفيق السبعي وبمساعدة كاتبة الجلسة السيدة عائدة الحلواني.,2019,250,252,,3784,,,,,,digests/txt/2019-066.txt,,,
2019-080,digest,64693,2018,2019-10-22,2019,10,محكمة التعقيب,تونس,دائرة,32,لمياء الحمامي,,راضية المنتصر؛نفيسة العلاني,2,3,توفيق السبعي,عائدة الحلواني,,,عقاري,,,-2-4 التعويض لمن تضررت حقوقه من حكم في التسجيل أو الترسيم -1-2-4شروط التعويض عن الضرر,قرار تعقيبي عدد 64693.2018 بتاريخ 22 أكتوبر 2019 صادر عن الدائرة المدنية الثانية والثلاثين برئاسة السيدة لمياء الحمامي وعضوية المستشارتين السيدتين راضية المنتصر ونفيسة العلاني وبحضور المدعي العام السيد توفيق السبعي وبمساعدة كاتبة الجلسة السيدة عائدة الحلواني.,2019,276,279,,3877,,,,,,digests/txt/2019-080.txt,,,
2019-090,digest,65174,2018,2019-10-22,2019,10,محكمة التعقيب,تونس,دائرة,32,لمياء الحمامي,,راضية المنتصر؛نفيسة العلاني,2,3,توفيق السبعي,عائدة الحلواني,,,مدني,,,هذا المطعن متجها ومن ثمة قبوله.» -2-1-5 دعوى الرجوع على الملتزمين بالكمبيالة,قرار تعقيبي عدد 65174.2018 بتاريخ 22 أكتوبر 2019 صادر عن الدائرة المدنية الثانية والثلاثين برئاسة السيدة لمياء الحمامي وعضوية المستشارتين السيدتين راضية المنتصر ونفيسة العلاني وبحضور المدعي العام السيد توفيق السبعي وبمساعدة كاتبة الجلسة السيدة عائدة الحلواني.,2019,303,304,,2094,,,,,,digests/txt/2019-090.txt,,,
2019-144,digest,79257,,2019-10-22,2019,10,محكمة التعقيب,تونس,دائرة,32,لمياء الحمامي,,راضية المنتصر؛نفيسة العلاني,2,3,توفيق السبعي,عائدة الحلواني,,,عقاري,,,حريا بالقبول.» -4-7 الإجراءات في دعوى كف الشغب -1-4-7 التجريح في الخبير يختلف عن القدح في اختصاصه - دعوى كف الشغب المرفوعة من الشريك,قرار تعقيبي عدد 79257 بتاريخ 22 أكتوبر 2019 صادر عن الدائرة المدنية الثانية والثلاثين برئاسة السيدة لمياء الحمامي وعضوية المستشارتين السيدتين راضية المنتصر ونفيسة العلاني وبحضور المدعي العام السيد توفيق السبعي وبمساعدة كاتبة الجلسة السيدة عائدة الحلواني.,2019,395,398,,4190,,,,,,digests/txt/2019-144.txt,,,
2019-146,digest,64534,2018,2019-10-22,2019,10,محكمة التعقيب,تونس,دائرة,32,لمياء الحمامي,,راضية المنتصر؛نفيسة العلاني,2,3,توفيق السبعي,عائدة الحلواني,,,مدني,,,-5-7 الإجراءات أمام محكمة الاستئناف -1-5-7 إجراءات التبليغ -الخطأ في ذكر اليوم لا يبطل عريضة الاستدعاء,قرار تعقيبي عدد 64534.2018 بتاريخ 22 أكتوبر 2019 صادر عن الدائرة المدنية الثانية والثلاثين برئاسة السيدة لمياء الحمامي وعضوية المستشارتين السيدتين راضية المنتصر ونفيسة العلاني وبحضور المدعي العام السيد توفيق السبعي وبمساعدة كاتبة الجلسة السيدة عائدة الحلواني.,2019,399,402,,4708,,,,,,digests/txt/2019-146.txt,,,
2019-151,digest,64286,2018,2019-10-22,2019,10,محكمة التعقيب,تونس,دائرة,32,لمياء الحمامي,,راضية المنتصر؛نفيسة العلاني,2,3,توفيق السبعي,عائدة الحلواني,,,مدني,,,-6-7الصفة والأهلية في القيام -1-6-7 بطلان القيام ضد ميّت - تعذّر تصحيح الإجراء بإدخال الورثة,قرار تعقيبي عدد 64286.2018 بتاريخ 22 أكتوبر 2019 صادر عن الدائرة المدنية الثانية والثلاثين برئاسة السيدة لمياء الحمامي وعضوية المستشارتين السيدتين راضية المنتصر ونفيسة العلاني وبحضور المدعي العام السيد توفيق السبعي وبمساعدة كاتبة الجلسة السيدة عائدة الحلواني.,2019,410,412,,3933,,,,,,digests/txt/2019-151.txt,,,
2019-158,digest,64913,2018,2019-10-22,2019,10,محكمة التعقيب,تونس,دائرة,32,لمياء الحمامي,,راضية المنتصر؛نفيسة العلاني,2,3,توفيق السبعي,عائدة الحلواني,,,مدني,,,-9-7 مفهوم نسخة الحكم المطعون فيه,قرار تعقيبي عدد 64913.2018 بتاريخ 22 أكتوبر 2019 صادر عن الدائرة المدنية الثانية والثلاثين برئاسة السيدة لمياء الحمامي وعضوية المستشارتين السيدتين راضية المنتصر ونفيسة العلاني وبحضور المدعي العام السيد توفيق السبعي وبمساعدة كاتبة الجلسة السيدة عائدة الحلواني.,2019,420,421,,2397,,,,,,digests/txt/2019-158.txt,,,
2019-054,digest,64166,,2019-10-23,2019,10,محكمة التعقيب,تونس,دائرة,4,منصف الكشو,,نجلاء المصمودي؛نجوى الغربي,2,3,حسن بالحاج عبد االله,عائدة اسكندر,,,شغل,,,-5-2 سقوط الدعوى في الضمان الاجتماعي -1-5-2سقوط الدعوى في حوادث الشغل بعامين من تاريخ البرء النهائي,قرار تعقيبي عدد 64166 بتاريخ 23 أكتوبر 2019 صادر عن الدائرة المدنية الرابعة برئاسة السيد منصف الكشو وعضوية المستشارتين السيدتين نجلاء المصمودي ونجوى الغربي بمحضر المدعي العام السيد حسن بالحاج عبد االله وبمساعدة كاتبة الجلسة السيدة عائدة اسكندر.,2019,234,235,,1332,,,,,,digests/txt/2019-054.txt,,,
2019-068,digest,64388,2018,2019-10-23,2019,10,محكمة التعقيب,تونس,دائرة,7,سارة العياري,,هالة البجار؛ايمان الشرفي,2,3,منية بن علي,,,,,,,-6-3 سماع البينة غير ضروري لإثبات مرض الموت,قرار تعقيبي عدد 64388.2018 بتاريخ 23 اكتوبر 2019 صادر عن الدائرة السابعة برئاسة السيدة سارة العياري وعضوية المستشارتين السيدتين هالة البجار وإيمان الشرفي وبحضور المدعي العام السيدة منية بن علي وبمساعدة كاتبة المحكمة السيدة امال بن نصر.,2019,256,257,,2002,,,,,,digests/txt/2019-068.txt,,,
2019-069,digest,65153,2018,2019-10-23,2019,10,محكمة التعقيب,تونس,دائرة,7,سارة العياري,,هالة البجار؛ايمان الشرفي,2,3,منية بن علي,,,,مدني,,,-7-3 واجب التسليم في عقد الكراء يتعلق بتنفيذ الالتزام وليس بصحته بما يُرتّب فسخه وليس بطلانه,قرار تعقيبي عدد 65153.2018 بتاريخ 23 أكتوبر2019 صادر عن الدائرة السابعة برئاسة السيدة سارة العياري وعضوية المستشارتين السيدتين هالة البجار وإيمان الشرفي وبحضور المدعي العام السيدة منية بن عليّ وبمساعدة كاتبة المحكمة السيدة آمال بن نصر.,2019,257,258,,1938,,,,,,digests/txt/2019-069.txt,,,
2019-071,digest,63697,2018,2019-10-23,2019,10,محكمة التعقيب,تونس,دائرة,4,المنصف الكشو,,نجلاء المصمودي؛نجوى الغربي,2,3,حسن بالحاج عبد االله,عائدة اسكندر,,,مدني,,,-9-3 طبيعة عقد الكراء الرابط بين القباضة المالية وشخص من أشخاص القانون الخاص,قرار تعقيبي عدد 63697.2018 بتاريخ 23 أكتوبر 2019 صادر عن الدائرة المدنية الرابعة برئاسة السيد المنصف الكشو وعضوية المستشارتين السيدتين نجلاء المصمودي ونجوى الغربي وبمحضر المدعي العام السيد حسن بالحاج عبد االله وبمساعدة كاتبة الجلسة السيدة عائدة إسكندر.,2019,260,262,,4294,,,,,,digests/txt/2019-071.txt,,,
2019-077,digest,72796,,2019-10-23,2019,10,محكمة التعقيب,تونس,,,,,,0,0,,,,,مدني,,,لذلك قبول الطعن أصلا.» 2 ـ13ـ3ـ الدعوة البوليانية ـ الدين مستحق الأداء وسابق في الوجود على التصرف المطعون فيه,قرار تعقيبي عدد 72796 بتاريخ 23 أكتوبر 2019,2019,272,273,,2434,,,,,,digests/txt/2019-077.txt,,,
2019-091,digest,62131,,2019-10-23,2019,10,محكمة التعقيب,تونس,دائرة,4,المنصف الكشو,,نجوى الغربي؛معز العروسي,2,3,حسن بالحاج عبد االله,عائدة اسكندر,,,تجاري,,,3-1-5 حرية الإثبات في المادة التجارية,قرار تعقيبي عدد 62131 بتاريخ 23 أكتوبر 2019 صادرعن الدائرة المدنية الرابعة برئاسة السيد المنصف الكشو وعضوية المستشارين السيدة نجوى الغربي والسيد معز العروسي بمحضر المدعي العام السيد حسن بالحاج عبد االله وبمساعدة كاتبة الجلسة السيدة عائدة إسكندر.,2019,304,305,,1269,,,,,,digests/txt/2019-091.txt,,,
2019-099,digest,63864,,2019-10-23,2019,10,محكمة التعقيب,تونس,دائرة,4,منصف الكشو,,نجلاء المصمودي؛نجوى الغربي,2,3,حسن بالحاج عبد االله,عائدة اسكندر,,,تجاري,,,189 مكرر من المجلة التجارية مما يعرض قضاءها للنقض لهذا السبب.» -7-2-5انتفاع الحرفي بقانون 1977 شرط استغلاله لأصل تجاري,قرار تعقيبي عدد 63864 بتاريخ 23 أكتوبر 2019 عن الدائرة المدنية الرابعة برئاسة السيد منصف الكشو وعضوية المستشارتين السيدتين نجلاء المصمودي ونجوى الغربي بمحضر المدعي العام السيد حسن بالحاج عبد االله وبمساعدة كاتبة الجلسة السيدة عائدة إسكندر.,2019,316,317,,2131,,,,,,digests/txt/2019-099.txt,,,
2019-107,digest,61308,2018,2019-10-23,2019,10,محكمة التعقيب,تونس,دائرة,4,منصف الكشو,,نجلاء المصمودي؛محمد المعز العروسي,2,3,حسن بالحاج عبد االله,عائدة اسكندر,,,تجاري,,,-4-3-5 مسؤولية الشركة عن الديون التي يُمضيها وكيلها,قرار تعقيبي عدد 61308.2018 بتاريخ 23 اكتوبر 2019 صادر عن الدائرة المدنية الرابعة برئاسة السيد منصف الكشو وعضوية المستشارين السيدة نجلاء المصمودي والسيد محمد المعز العروسي بمحضر المدعي العام السيد حسن بالحاج عبد االله وبمساعدة كاتبة الجلسة السيدة عائدة اسكندر.,2019,329,330,,1844,,,,,,digests/txt/2019-107.txt,,,
2019-113,digest,72601,2019,2019-10-23,2019,10,محكمة التعقيب,تونس,دائرة,4,المنصف الكشو,,نجوى الغربي؛محمد معز العروسي,2,3,حسن بالحاج عبد االله,عائدة اسكندر,,,تجاري,,,-5-5 ملكية صناعية -1-5-5 معايير تقدير تقليد علامة الصنع والتجارة والخدمات-العلامة المشهورة,قرار تعقيبي عدد 72601.2019 بتاريخ 23 أكتوبر 2019 صادر عن الدائرة المدنية الرابعة برئاسة السيد المنصف الكشو وعضوية المستشارين السيدة نجوى الغربي والسيد محمد معز العروسي وبمحضر المدعي العام السيد حسن بالحاج عبد االله وبمساعدة كاتبة الجلسة السيدة عائدة اسكندر.,2019,340,344,,7647,,,,,,digests/txt/2019-113.txt,,,
2019-120,digest,60976,,2019-10-23,2019,10,محكمة التعقيب,تونس,دائرة,4,منصف الكشو,,نجلاء المصمودي؛نجوى الغربي,2,3,حسن بالحاج عبد االله,عائدة اسكندر,,,مدني,,,5-6-5 إبطال برنامج إنقاذ,قرار تعقيبي عدد 60976 بتاريخ 23 أكتوبر 2019 صادرعن الدائرة المدنية الرابعة برئاسة السيد منصف الكشو وعضوية المستشارتين السيدتين نجلاء المصمودي ونجوى الغربي بمحضر المدعي العام السيد حسن بالحاج عبد االله وبمساعدة كاتبة الجلسة السيدة عائدة اسكندر.,2019,360,361,,1286,,,,,,digests/txt/2019-120.txt,,,
2019-159,digest,64956,2018,2019-10-23,2019,10,محكمة التعقيب,تونس,دائرة,7,سارة العياري,,هالة البجار؛ايمان الشرفي,2,3,منية بن علي,,,,,,,-10-7الاختصاص الحكمي والترابي -1-10-7 مقدار الكراء السنوي كمعيار لتحديد مرجع النظر الحكمي - الكراء لا نزاع فيه - على محكمة الموضوع واجب التحقق من جدّيّة المنازعة,قرار تعقيبي عدد 64956.2018 بتاريخ 23 أكتوبر2019 صادر عن الدائرة السابعة برئاسة السيدة سارة العياري وعضوية المستشارتين السيدتين هالة البجار وإيمان الشرفي وبحضور المدعي العام السيدة منية بن علي وبمساعدة كاتبة المحكمة السيدة أمال بن نصر.,2019,421,422,,2029,,,,,,digests/txt/2019-159.txt,,,
2019-171,digest,63127,2018,2019-10-23,2019,10,محكمة التعقيب,تونس,دائرة,4,منصف الكشو,,نجوى الغربي؛محمد المعز العروسي,2,3,حسن بالحاج عبد االله,عائدة اسكندر,,,مدني,,,-18-7 سلطة المحكمة في تقدير توجيه اليمين الحاسمة,قرار تعقيبي عدد 63127.2018 بتاريخ 23 أكتوبر 2019 صادر عن الدائرة المدنية الرابعة برئاسة السيد منصف الكشو وعضوية المستشارين السيدة نجوى الغربي والسيد محمد المعز العروسي بمحضر المدعي العام السيد حسن بالحاج عبد االله وبمساعدة كاتبة الجلسة السيدة عائدة اسكندر.,2019,436,436,,1081,,,,,,digests/txt/2019-171.txt,,,
2019-093,digest,65483,2018,2019-10-29,2019,10,محكمة التعقيب,تونس,دائرة,32,لمياء الحمامي,,راضية المنتصر؛نفيسة العلاني,2,3,توفيق السبعي,عائدة الحلواني,,,تجاري,,,-2-5 كراء تجاري -1-2-5مرجع نظر دعوى إبطال التنبيه بالخروج - توجيه التنبيه في بحر السنة التسويغية الثانية,قرار تعقيبي عدد 65483.2018 بتاريخ 29 أكتوبر 2019 صادر عن الدائرة المدنية الثانية والثلاثين برئاسة السيدة لمياء الحمامي وعضوية المستشارتين السيدتين راضية المنتصر ونفيسة العلاني وبحضور المدعي العام السيد توفيق السبعي وبمساعدة كاتبة الجلسة السيدة عائدة الحلواني.,2019,307,309,,2922,,,,,,digests/txt/2019-093.txt,,,
2019-126,digest,64475,2018,2019-10-29,2019,10,محكمة التعقيب,تونس,دائرة,32,لمياء الحمامي,,راضية المنتصر؛نفيسة العلاني,2,3,توفيق السبعي,عائدة الحلواني,,,مدني,,,-2-2-6شرط سقوط الحق يجب أن يبرز بشكل ظاهر جدا,قرار تعقيبي عدد 64475.2018 بتاريخ 29 أكتوبر 2019 صادر عن الدائرة المدنية الثانية والثلاثين برئاسة السيدة لمياء الحمامي وعضوية المستشارتين السيدتين راضية المنتصر ونفيسة العلاني وبحضور المدعي العام السيد توفيق السبعي وبمساعدة كاتبة الجلسة السيدة عائدة الحلواني.,2019,367,368,,1419,,,,,,digests/txt/2019-126.txt,,,
2019-129,digest,64407,2018,2019-10-29,2019,10,محكمة التعقيب,تونس,دائرة,32,لمياء الحمامي,,راضية المنتصر؛نفيسة العلاني,2,3,توفيق السبعي,عائدة الحلواني,,,مدني,,,-5-2-6 مفهوم الخطأ الفادح,قرار تعقيبي عدد 64407.2018 بتاريخ 29 أكتوبر 2019 صادر عن الدائرة المدنية الثانية والثلاثين برئاسة السيدة لمياء الحمامي وعضوية المستشارتين السيدتين راضية المنتصر ونفيسة العلاني وبحضور المدعي العام السيد توفيق السبعي وبمساعدة كاتبة الجلسة السيدة عائدة الحلواني.,2019,370,371,,1857,,,,,,digests/txt/2019-129.txt,,,
2019-180,digest,64442,2018,2019-10-29,2019,10,محكمة التعقيب,تونس,دائرة,32,لمياء الحمامي,,راضية المنتصر؛نفيسة العلاني,2,3,توفيق السبعي,عائدة الحلواني,,,تجاري,,,-9 استعجالي -1-9 التثبت من مدى قيام علاقة تسويغية فيه مساس بالأصل,قرار تعقيبي عدد 64442.2018 بتاريخ 29 أكتوبر 2019 صادر عن الدائرة المدنية الثانية والثلاثين برئاسة السيدة لمياء الحمامي وعضوية المستشارتين السيدتين راضية المنتصر ونفيسة العلاني وبحضور المدعي العام السيد توفيق السبعي وبمساعدة كاتبة الجلسة السيدة عائدة الحلواني.,2019,454,455,,1991,,,,,,digests/txt/2019-180.txt,,,
2019-117,digest,65850,2018,2019-10-30,2019,10,محكمة التعقيب,تونس,دائرة,4,المنصف الكشو,,نجلاء المصمودي؛نجوى الغربي,2,3,حسن بالحاج عبد االله,عائدة اسكندر,,,مدني,,,-2-6-5 الحط من الدين في غياب موافقة الدائن - مبدأ المساواة بين الدائنين,قرار تعقيبي عدد 65850.2018 بتاريخ 30 أكتوبر 2019 صادر عن الدائرة المدنية الرابعة برئاسة السيد المنصف الكشو عضوية المستشارتين السيدتين نجلاء المصمودي ونجوى الغربي وبحضور المدعي العام السيد حسن بالحاج عبد االله وبمساعدة كاتبة الجلسة السيدة عائدة اسكندر.,2019,354,356,,3085,,,,,,digests/txt/2019-117.txt,,,
2019-174,digest,65310,,2019-10-30,2019,10,محكمة التعقيب,تونس,دائرة,,منصف الكشو,,نجوى الغربي؛محمد المعز العروسي,2,3,حسن بالحاج عبد االله,,,,تجاري,,,-2-1-8 دعوى إبطال حكم التبتيت مخوَّلة لمن تضرر من حكم التبتيت لأسباب لاحقة له,قرار تعقيبي عدد 65310 بتاريخ 2019/10/30 صادر عن الدائرة المدنية والتجارية الرابعة برئاسة السيد منصف الكشو وعضوية المستشارين السيدة نجوى الغربي والسيد محمد المعز العروسي وبحضور المدعي العام السيد حسن بالحاج عبد االله وبمساعدة الكاتبة السيدة عائدة اسكندر.,2019,443,445,,3761,,,,,,digests/txt/2019-174.txt,,,
2019-070,digest,65426,2018,2019-11-04,2019,11,محكمة التعقيب,تونس,دائرة,1,البشير المطوي,,عربية الطويهري؛ليد بن جديدية,2,3,سفيان العرابي,كريمة الغزواني,المحكمة الابتدائية بسوسة,سوسة,جزائي,,,-8-3 تبنّي القانون التونسي للمعيار النفسي في تقدير أثر الإكراه,قرار تعقيبي عدد 65426.2018 صادر بتاريخ 04 نوفمبر 2019 عن الدائرة المدنية الأولى المتركبة برئاسة السيد البشير المطوي وعضوية المستشارين السيدة عربية الطويهري والسيد وليد بن جديدية وبحضور المدعي العام السيد سفيان العرابي وبمساعدة كاتبة الجلسة السيدة كريمة الغزواني.,2019,258,260,,3256,,,,,,digests/txt/2019-070.txt,,,
2019-152,digest,65422,,2019-11-04,2019,11,محكمة التعقيب,تونس,دائرة,1,البشير المطوي,,مريم البكوش؛عربية الطويهري,2,3,سفيان العرابي,كريمة الغزواني,,,مدني,,,,قرار تعقيبي عدد 65422 بتاريخ 04 نوفمبر 2019 صادر عن الدائرة المدنية الأولى برئاسة السيد البشير المطوي وعضوية المستشارتين السيدتين مريم البكوش وعربية الطويهري وبحضور المدعي العام السيد سفيان العرابي وبمساعدة كاتبة الجلسة السيدة كريمة الغزواني.,2019,412,414,,2784,,,,,,digests/txt/2019-152.txt,,,
2019-165,digest,72631,2019,2019-11-04,2019,11,محكمة التعقيب,تونس,دائرة,1,بشير المطوي,,عربية الطويهري؛ليد بن حديدية,2,3,سفيان العرابي,كريمة الغزواني,,,مدني,,,-13-7الأهلية-الترشّد ببلوغ سن الرشد-الطعن في حكم قابل للتجزئة وفي حكم غير قابل للتجزئة.,قرار تعقيبي عدد 72631.2019 بتاريخ 04 نوفمبر 2019 صادر عن الدائرة المدنية الأولى برئاسة السيد بشير المطوي وعضوية المستشارين السيدة عربية الطويهري والسيّد وليد بن حديديّة بحضور المدعي العام السيد سفيان العرابي وبمساعدة كاتبة الجلسة السيدة كريمة الغزواني.,2019,427,429,,4015,,,,,,digests/txt/2019-165.txt,,,
2019-168,digest,65422,,2019-11-04,2019,11,محكمة التعقيب,تونس,دائرة,1,البشير المطوي,,مريم البكوش؛عربية الطويهري,2,3,سفيان العرابي,كريمة الغزواني,,,جزائي,,,-16-7 عرض الملف على النيابة -1-16-7وجوبية إجراء العرض على النيابة العمومية بالطور الأصلي,قرار تعقيبي عدد 65422 بتاريخ 04 نوفمبر 2019 صادر عن الدائرة المدنية الأولى برئاسة السيد البشير المطوي وعضوية المستشارتين السيدتين مريم البكوش وعربية الطويهري وبحضور المدعي العام السيد سفيان العرابي وبمساعدة كاتبة الجلسة السيدة كريمة الغزواني.,2019,433,434,,1868,,,,,,digests/txt/2019-168.txt,,2019-152,repeat_of:2019-152
2019-111,digest,65755,2018,2019-11-05,2019,11,محكمة التعقيب,تونس,دائرة,32,لمياء الحمامي,,راضية المنتصر؛نفيسة العلاني,2,3,توفيق السبعي,عائدة الحلواني,,,تجاري,,,-4-5 تجارة بحرية -1-4-5 التضامن بين ناقلي البضائع,قرار تعقيبي عدد 65755.2018 بتاريخ 05 نوفمبر 2019 صادر عن الدائرة المدنية الثانية والثلاثين برئاسة السيدة لمياء الحمامي وعضوية المستشارتين السيدتين راضية المنتصر ونفيسة العلاني وبحضور المدعي العام السيد توفيق السبعي وبمساعدة كاتبة الجلسة السيدة عائدة الحلواني.,2019,335,337,,3887,,,,,,digests/txt/2019-111.txt,,,
2019-157,digest,78107,2018,2019-11-05,2019,11,محكمة التعقيب,تونس,دائرة,32,لمياء الحمامي,,راضية المنتصر؛نفيسة العلاني,2,3,توفيق السبعي,عائدة الحلواني,,,مدني,,,موجبا لإعادة النظر فيه.» -8-7 إنذار المدين بالخلاص هو إجراء وجوبي سابق لاستصدار الأمر بالدفع,قرار تعقيبي عدد 78107.2018 بتاريخ 05 نوفمبر 2019 صادر عن الدائرة المدنية الثانية والثلاثين برئاسة السيدة لمياء الحمامي وعضوية المستشارتين السيدتين راضية المنتصر ونفيسة العلاني وبحضور المدعي العام السيد توفيق السبعي وبمساعدة كاتبة الجلسة السيدة عائدة الحلواني.,2019,419,420,,2076,,,,,,digests/txt/2019-157.txt,,,
2019-115,digest,66820,,2019-11-06,2019,11,محكمة التعقيب,تونس,دائرة,,منصف الكشو,,ونجلاء المصمودي؛نجوى الغربي,2,3,حسن بالحاج عبد االله,عائدة اسكندر,,,جزائي,,,-3-5-5حماية الرسوم والنماذج الصّناعيّة,قرار عدد 66820 صادر بتاريخ 6 نوفمبر2019 صادر عن الدائرة المدنية والتجارية الرابعة برئاسة السيد منصف الكشو وعضوية المستشارتين السيدتين ونجلاء المصمودي ونجوى الغربي بحضور المدعي العام السيد حسن بالحاج عبد االله وبمساعدة كاتبة الجلسة السيدة عائدة اسكندر.,2019,348,352,,6524,,,,,,digests/txt/2019-115.txt,,,
2019-133,digest,67494,,2019-11-11,2019,11,محكمة التعقيب,تونس,دائرة,1,البشير المطوي,,مريم البكوش؛وليد بن جديدية,2,3,سفيان العرابي,كريمة الغزواني,,,مدني,,,-9-2-6 تدخّل الصندوق في حالة عدم التأمين المطلق,قرار تعقيبي عدد 67494 بتاريخ 2019/11/11 صادر عن الدائرة المدنية الأولى برئاسة السيد البشير المطوي وعضوية المستشارين السيدين مريم البكوش ووليد بن جديدية وبحضور المدعي العام السيد سفيان العرابي وبمساعدة كاتبة الجلسة السيدة كريمة الغزواني.,2019,374,376,,2054,,,,,,digests/txt/2019-133.txt,,,
2019-170,digest,67493,2018,2019-11-11,2019,11,محكمة التعقيب,تونس,دائرة,1,البشير المطوي,,مريم البكوش؛عربية الطويهري,2,3,سفيان العرابي,كريمة الغزواني,,,عقاري,,,-17-7 إثارة المحكمة لنص قانوني من تلقاء نفسها لا يخرق مبدأ الحياد,قرار تعقيبي عدد 67493.2018 بتاريخ 11 نوفمبر 2019 صادر عن الدائرة المدنية الأولى برئاسة السيد البشير المطوي وعضوية المستشارين السيدتين مريم البكوش وعربية الطويهري وبحضور المدعي العام السيد سفيان العرابي وبمساعدة كاتبة الجلسة السيدة كريمة الغزواني.,2019,435,436,,1949,,,,,,digests/txt/2019-170.txt,,,
2019-045,digest,66968,2018,2019-11-12,2019,11,محكمة التعقيب,تونس,دائرة,32,لمياء الحمامي,,راضية المنتصر؛نفيسة العلاني,2,3,توفيق السبعي,عائدة الحلواني,,,احوال شخصية,,,قرارات الدوائر -1شخصي -1-1مصاريف الولادة هي من المصاريف الضرورية التي تدخل في مفهوم النفقة,قرار تعقيبي عدد 66968.2018 بتاريخ 12 نوفمبر 2019 صادر عن الدائرة المدنية الثانية والثلاثين برئاسة السيدة لمياء الحمامي وعضوية المستشارتين السيدتين راضية المنتصر ونفيسة العلاني وبحضور المدعي العام السيد توفيق السبعي وبمساعدة كاتبة الجلسة السيدة عائدة الحلواني.,2019,221,223,,3518,,,,,,digests/txt/2019-045.txt,,,
2019-082,digest,66741/66765,,2019-11-13,2019,11,محكمة التعقيب,تونس,دائرة,4,المنصف الكشو,,نجوى الغربي؛محمد معز العروسي,2,3,حسن بالحاج عبد االله,عائدة اسكندر,,,عقاري,,,-4-4الدعاوى المتعلقة بالرّسوم العقارية 1-4-4 اختصاص النظر في دعاوى التشطيب والإبطال وإصلاح أخطاء الرسوم العقارية والبحث في شرعيتها,قرار عدد 66741/66765 بتاريخ 13 نوفمبر 2019 صادر عن الدائرة المدنية الرابعة برئاسة السيد المنصف الكشو وعضوية المستشارين السيدة نجوى الغربي والسيد محمد معز العروسي وبمحضر المدعي العام السيد حسن بالحاج عبد االله وبمساعدة كاتبة الجلسة السيدة عائدة إسكندر.,2019,280,288,,14814,,,,,,digests/txt/2019-082.txt,,,
2019-103,digest,80513/80456,,2019-11-13,2019,11,محكمة التعقيب,تونس,دائرة,4,منصف الكشو,,نجلاء المصمودي؛محمد المعز العروسي,2,3,حسن بالحاج عبد االله,عائدة اسكندر,,,تجاري,,,اننبى على تناقض في الأسانيد بما يوجب النقض.» -11-2-5 شهادة التقاييد(الفصل 242 من م ت) تهم النظام العام وتتعلق بكل دعوى تتعلّق بإنهاء الكراء,قرار عدد 80513/80456 بتاريخ 13 نوفمبر 2019 عن الدائرة المدنية الرابعة برئاسة السيد منصف الكشو وعضوية المستشارتين السيدة نجلاء المصمودي والسيد محمد المعز العروسي بمحضر المدعي العام السيد حسن بالحاج عبد االله وبمساعدة كاتبة الجلسة السيدة عائدة اسكندر.,2019,321,324,,5015,,,,,,digests/txt/2019-103.txt,,,
2019-150,digest,66741/66765,,2019-11-13,2019,11,محكمة التعقيب,تونس,دائرة,4,المنصف الكشو,,نجوى الغربي؛محمد معز العروسي,2,3,حسن بالحاج عبد االله,عائدة اسكندر,,,مدني,,,-4-5-7 الدفع الشكلي على معنى الفصل 149 من م. م. م. ت. أمام محكمة الاستئناف,قرار عدد 66741/66765 بتاريخ 13 نوفمبر 2019 صادر عن الدائرة المدنية الرابعة برئاسة السيد المنصف الكشو وعضوية المستشارين السيدة نجوى الغربي والسيد محمد معز العروسي وبمحضر المدعي العام السيد حسن بالحاج عبد االله وبمساعدة كاتبة الجلسة السيدة عائدة اسكندر.,2019,409,410,,1723,,,,,,digests/txt/2019-150.txt,,2019-082,repeat_of:2019-082
2019-179,digest,77477,,2019-11-13,2019,11,محكمة التعقيب,تونس,دائرة,,منصف الكشو,,نجوى الغربي؛محمد المعز العروسي,2,3,حسن بالحاج عبد االله,عائدة اسكندر,,,مدني,,,-4-2-8 عدم أحقية المعقول تحت يده طرح دينه عند التصريح,قرار تعقيبي مدني عدد 77477 صادر بتاريخ 13 نوفمبر 2019 عن الدائرة المدنية والتجارية الرابعة برئاسة السيد منصف الكشو وعضوية المستشارين السيدة نجوى الغربي والسيد محمد المعز العروسي وبحضور المدعي العام السيد حسن بالحاج عبد االله وبمساعدة كاتبة الجلسة السيدة عائدة اسكندر.,2019,452,453,,2210,,,,,,digests/txt/2019-179.txt,,,
2019-145,digest,67238,,2019-11-18,2019,11,محكمة التعقيب,تونس,دائرة,1,البشير المطوي,,مريم البكوش؛عربية الطويهري,2,3,سفيان العرابي,كريمة الغزواني,,,مدني,,,2-4-7 القيام بدعوى الاستحقاق يشترط الإذعان لحكم الحوز,قرار تعقيبي عدد 67238 بتاريخ 18 نوفمبر 2019 صادر عن الدائرة المدنية الأولى برئاسة السيد البشير المطوي وعضوية المستشارتين السيدتين مريم البكوش وعربية الطويهري وبحضور المدعي العام السيد سفيان العرابي وبمساعدة كاتبة الجلسة السيدة كريمة الغزواني.,2019,398,399,,2172,,,,,,digests/txt/2019-145.txt,,,
2019-015,digest,430,,2019-11-21,2019,11,محكمة التعقيب,تونس,الدوائر المجتمعة,,,,,0,0,,,,,تجاري,,,تبليغ مستندات الطعن إلى محل مخابرة ثبت انقطاع العمل به,قرار الدوائر المجتمعة عدد 430 بتاريخ 21 نوفمبر 2019,2019,106,108,,3164,,,,,,digests/txt/2019-015.txt,,,
2019-022,digest,30973,,2019-11-21,2019,11,محكمة التعقيب,تونس,الدوائر المجتمعة,,,,,0,0,,,,,,,,السبب الصحيح الذي ينفي عن الموعود له صفة المماطلة,قرار الدوائر المجتمعة عدد 30973 بتاريخ 21 نوفمبر 2019 «في صحة تعهد الدوائر المجتمعة,2019,130,134,,8016,,,,,,digests/txt/2019-022.txt,,,
2019-028,digest,35099,,2019-11-21,2019,11,محكمة التعقيب,تونس,الدوائر المجتمعة,,,,,0,0,,,,,شغل,,,اجـتـماعـي ال يجوز الاتفاق على قواعد مرجع النظر الترابي الواردة بمجلّة الشغل,قرار الدوائر المجتمعة عدد 35099 بتاريخ 21 نوفمبر 2019 -1«في صحة تعهد الدوائر المجتمعة:,2019,165,167,,4667,,,,,,digests/txt/2019-028.txt,,,
2019-043,digest,12982,,2019-11-21,2019,11,محكمة التعقيب,تونس,الدوائر المجتمعة,,,,,0,0,,,,,جزائي,,,مطلب القيام بالحق الشخصي المقدم في الطور الاستقرائي ل يتواصل إلى الطور الحكمي- ا جواز تقديم كل من المطلب والطلبات في تقرير موحد للمحكمة,قرار الدوائر المجتمعة عدد 12982 بتاريخ 21 نوفمبر 2019 «في صحة تعهد الدوائر المجتمعة :,2019,211,217,,9346,,,,,,digests/txt/2019-043.txt,,,
2019-166,digest,74746,,2019-11-25,2019,11,محكمة التعقيب,تونس,دائرة,1,البشير المطوي,,مريم البكوش؛عربية الطويهري,2,3,سفيان العرابي,كريمة الغزواني,,,جزائي,,,-14-7 قرار النقض والإحالة الصادر عن الدوائر المجتمعة ملزم لمحكمة الإحالة- زور مدني.,قرار تعقيبي عدد 74746 بتاريخ 25 نوفمبر 2019 صادر عن الدائرة المدنية الأولى برئاسة السيد البشير المطوي وعضوية المستشارتين السيدتين مريم البكوش وعربية الطويهري وبحضور المدعي العام السيد سفيان العرابي وبمساعدة كاتبة الجلسة السيدة كريمة الغزواني.,2019,429,431,,3871,,,,,,digests/txt/2019-166.txt,,,
2019-188,digest,65311,,2019-11-25,2019,11,محكمة التعقيب,تونس,دائرة,1,البشير المطوي,,مريم البكوش؛عربية الطويهري,2,3,سفيان العرابي,كريمة الغزواني,,,مدني,,,-2-3-10 الأثر السلبي للشرط التحكيمي-إخراج النزاع عن أنظار القضاء الرسمي-البت في الاختصاص مسألة أولية.,قرار تعقيبي عدد 65311 بتاريخ 25 نوفمبر 2019 صادر عن الدائرة المدنية الأولى برئاسة السيد البشير المطوي وعضوية المستشارتين السيدتين مريم البكوش وعربية الطويهري وبحضور المدعي العام السيد سفيان العرابي وبمساعدة كاتبة الجلسة السيدة كريمة الغزواني.,2019,481,482,,3245,,,,,,digests/txt/2019-188.txt,,,
2019-148,digest,78826,,2019-11-27,2019,11,محكمة التعقيب,تونس,دائرة,4,منصف الكشو,,نجلاء المصمودي؛نجوى الغربي,2,3,حسن بالحاج عبد االله,عائدة اسكندر,,,مدني,,,-2-2-5-7 استدعاء محامي المستأنف للحضور بالجلسة المعينة لها القضية بواسطة عدل تنفيذ,قرار تعقيبي عدد 78826 بتاريخ 27 نوفمبر 2019 صادر عن الدائرة المدنية الرابعة برئاسة السيد منصف الكشو وعضوية المستشارتين السيدتين نجلاء المصمودي ونجوى الغربي بمحضر المدعي العام السيد حسن بالحاج عبد االله وبمساعدة كاتبة الجلسة السيدة عائدة اسكندر.,2019,405,406,,2591,,,,,,digests/txt/2019-148.txt,,,
2019-055,digest,67183,,2019-12-02,2019,12,محكمة التعقيب,تونس,دائرة,1,البشير المطوي,,مريم البكوش؛وليد بن جديدية,2,3,سفيان العرابي,كريمة الغزواني,,,شغل,,,-2-5-2سقوط حق المطالبة بالمساهمات الاجتماعية,قرار تعقيبي عدد 67183 بتاريخ 2 ديسمبر 2019 صادر عن الدائرة المدنية الأولى برئاسة السيد البشير المطوي وعضوية المستشارين السيدين مريم البكوش ووليد بن جديدية وبحضور المدعي العام السيد سفيان العرابي وبمساعدة كاتبة الجلسة السيدة كريمة الغزواني.,2019,235,236,,1605,,,,,,digests/txt/2019-055.txt,,,
2019-097,digest,67112,,2019-12-02,2019,12,محكمة التعقيب,تونس,دائرة,1,البشير المطوي,,مريم البكوش؛عربية الطويهري,2,3,سفيان العرابي,كريمة الغزواني,,,تجاري,,,المثار لعدم وجاهته ورفض مطلب التعقيب أصلا .» 5-2-5 استرجاع المكرى لإنجاز أشغال,قرار تعقيبي عدد 67112 بتاريخ 02 ديسمبر 2019 صادر عن الدائرة المدنية الأولى برئاسة السيد البشير المطوي وعضوية المستشارتين السيدتين مريم البكوش وعربية الطويهري وبحضور المدعي العام السيد سفيان العرابي وبمساعدة كاتبة الجلسة السيدة كريمة الغزواني.,2019,313,315,,2850,,,,,,digests/txt/2019-097.txt,,,
2019-141,digest,78144,,2019-12-02,2019,12,محكمة التعقيب,تونس,دائرة,1,البشير المطوي,,عربية الطويهري؛ليد بن جديدية,2,3,سفيان العرابي,كريمة الغزواني,,,مدني,,,-4-2-7سبق التعهد بقضية استعجالية لا يُعدّ سبق نظر في الموضوع,قرار تعقيبي عدد 78144 بتاريخ 02 ديسمبر 2019 صادر عن الدائرة المدنية الأولى برئاسة السيّد البشير المطوي وعضوية المستشارين السيدة عربية الطويهري والسيد وليد بن جديدية وبحضور المدعي العام السيد سفيان العرابي وبمساعدة كاتبة الجلسة السيدة كريمة الغزواني.,2019,388,389,,1618,,,,,,digests/txt/2019-141.txt,,,
2019-173,digest,78144,,2019-12-02,2019,12,محكمة التعقيب,تونس,دائرة,1,البشير المطوي,,عربية الطويهري؛ليد بن جديدية,2,3,سفيان العرابي,كريمة الغزواني,محكمة الاستئناف بتونس,تونس,تجاري,,,-2-19-7 أعمال التنفيذ تتصل بالنظام العام - التنفيذ لا يكون إلا بطلب من له حق التنفيذ,قرار تعقيبي عدد 78144 بتاريخ 02 ديسمبر 2019 صادر عن الدائرة المدنية الأولى برئاسة السيد البشير المطوي وعضوية المستشارين السيدة عربية الطويهري والسيد وليد بن جديدية بحضور المدعي العام السيد سفيان العرابي وبمساعدة كاتبة الجلسة السيدة كريمة الغزواني.,2019,437,443,,9278,,,,,,digests/txt/2019-173.txt,,2019-141,repeat_of:2019-141
2019-190,digest,66748,,2019-12-02,2019,12,محكمة التعقيب,تونس,دائرة,1,البشير المطوي,,مريم البكوش؛وليد بن جديدية,2,3,سفيان العرابي,كريمة الغزواني,,,مدني,,,-2-11 دعاوى أداء الديون ليست من الدعاوى المُتعلّقة بالتركة في مفهوم القانون الدولي الخاص,قرار تعقيبي عدد 66748 بتاريخ 2 ديسمبر 2019 صادر عن الدائرة المدنية الأولى برئاسة السيد البشير المطوي وعضوية المستشارين السيدين مريم البكوش ووليد بن جديدية وبحضور المدعي العام السيد سفيان العرابي وبمساعدة كاتبة الجلسة السيدة كريمة الغزواني.,2019,486,489,,5142,,,,,,digests/txt/2019-190.txt,,,
2019-085,digest,67284,,2019-12-04,2019,12,محكمة التعقيب,تونس,دائرة,4,منصف الكشو,,نجلاء المصمودي؛نجوى الغربي,2,3,حسن بالحاج عبد االله,عائدة اسكندر,,,تجاري,,,مطلب التعقيب أصلا.» -2-5-4 اختصاص القضاء الإداري للبت في مسؤولية الشركة التونسية للكهرباء والغاز عن إنشاء أشغال بأرض الغير,قرار تعقيبي عدد 67284 بتاريخ 04 ديسمبر 2019 صادرعن الدائرة المدنية الرابعة برئاسة السيد منصف الكشو وعضوية المستشارتين السيدتين نجلاء المصمودي ونجوى الغربي بمحضر المدعي العام السيد حسن بالحاج عبد االله وبمساعدة كاتبة الجلسة السيدة عائدة إسكندر.,2019,294,296,,3244,,,,,,digests/txt/2019-085.txt,,,
2019-101,digest,73913,,2019-12-04,2019,12,محكمة التعقيب,تونس,دائرة,4,منصف الكشو,,نجوى الغربي؛محمد معز العروسي,2,3,حسن الحاج عبد االله,عائدة اسكندر,,,تجاري,,,قضاءها خرقا للقانون موجبا للنقض.» -9-2-5 إجراءات وآجال تعديل معين الكراء التجاري,قرار تعقيبي عدد 73913 بتاريخ 4 ديسمبر 2019 صادرعن الدائرة المدنية الرابعة برئاسة السيد منصف الكشو وعضوية المستشارين السيدة نجوى الغربي والسيد محمد معز العروسي بمحضر المدعي العام السيد حسن الحاج عبد االله وبمساعدة كاتبة الجلسة السيدة عائدة اسكندر.,2019,318,320,,3348,,,,,,digests/txt/2019-101.txt,,,
2019-183,digest,65971,2018,2019-12-04,2019,12,محكمة التعقيب,تونس,دائرة,4,المنصف الكشو,,نجلاء المصمودي؛نجوى الغربي,2,3,,عائدة اسكندر,,,مدني,,,-10 تحكيم -1-10 بداية احتساب أجل البت في الخصومة التحكيمية,قرار تعقيبي عدد 65971.2018 صادر بتاريخ 4 ديسمبر 2019 عن الدائرة المدنية الرابعة برئاسة السيد المنصف الكشو وعضوية المستشارتين السيدتين نجلاء المصمودي ونجوى الغربي وبمحضر المدعى العام السيد حسن بالحاج عبد االله وبمساعدة كاتبة الجلسة السيدة عائدة اسكندر.,2019,458,459,,2155,,,,,,digests/txt/2019-183.txt,,,
2019-185,digest,79920,,2019-12-11,2019,12,محكمة التعقيب,تونس,دائرة,4,منصف الكشو,,نجوى الغربي؛محمد المعز العروسي,2,3,حسن بالحاج عبد االله,عائدة اسكندر,محكمة الاستئناف بتونس,تونس,تجاري,,,-2-2-10 امتداد الشرط التحكيمي في تجمّع الشركات-الاعتراف بالحكم التحكيمي- نطاق الإكساء بالصبغة التنفيذية-الإجراءات الأساسية في التحكيم.,قرار تعقيبي عدد 79920 صادر بتاريخ 2019/12/11 عن الدائرة المدنية الرابعة برئاسة السيد منصف الكشو وعضوية المستشارين السيدة نجوى الغربي والسيد محمد المعز العروسي بحضور المدعي العام السيد حسن بالحاج عبد االله وبمساعدة كاتبة الجلسة السيدة عائدة اسكندر.,2019,465,475,,18664,,,,,,digests/txt/2019-185.txt,,,
2019-203,digest,83731,,2019-12-11,2019,12,محكمة التعقيب,تونس,دائرة,9,عبد المجيد بوريقة,,منذر الهذيلي؛توفيق السويدي,2,3,رياض الغربي,منيرة المانعي,محكمة الاستئناف بقفصة,قفصة,جزائي,,,6ـ2ـ12ـ عدم إمضاء النيابة العمومية أمام كاتب المحكمة على مطلب استئنافه يجعل طعنه مرفوضا شكلا ولا يصحّحه إمضاؤه على ظهر ملف القضية أو بطرة محضر الجلسة,قرار تعقيبي عدد83731 بتاريخ 11 ديسمبر 2019 صادر عن الدائرة التاسعة برئاسة السيد عبد المجيد بوريقة وعضوية المستشارين السيدين منذر الهذيلي وتوفيق السويدي بمحضر المدعي العام السيد رياض الغربي وبمساعدة كاتبة الجلسة السيدة منيرة المانعي.,2019,512,514,,2425,,,,,,digests/txt/2019-203.txt,,,
2019-073,digest,74200,,2019-12-12,2019,12,محكمة التعقيب,تونس,دائرة,1,البشير المطوي,,مريم البكوش؛عربية الطويهري,2,3,سفيان العرابي,كريمة الغزواني,,,مدني,,,الغلط الحسي على معنى الفصل 484 من م. ا. ع.». -12-3 القوة القاهرة وتأثيرها في تنفيذ الالتزام 1-12-3 أحداث الثورة ليست قوة قاهرة,قرار تعقيبي عدد 74200 صادر بتاريخ 12 ديسمبر 2019 عن الدائرة المدنية الأولى برئاسة السيد البشير المطوي وعضوية المستشارتين السيدتين مريم البكوش وعربية الطويهري وبحضور المدعي العام السيد سفيان العرابي وبمساعدة كاتبة الجلسة السيدة كريمة الغزواني.,2019,264,266,,3730,,,,,,digests/txt/2019-073.txt,,,
2019-087,digest,67114,,2019-12-14,2019,12,محكمة التعقيب,تونس,دائرة,4,المنصف الكشو,,نجوى الغربي؛محمد معز العروسي,2,3,حسن بالحاج عبد االله,عائدة اسكندر,,,مدني,,,لذلك رد هذا الفرع من المطعن لعدم وجاهته.» 4-5-4 التناسب في إزالة المضرة,قرار تعقيبي عدد 67114 بتاريخ 14 ديسمبر 2019 صادرعن الدائرة المدنية الرابعة برئاسة السيد المنصف الكشو وعضوية المستشارين السيدة نجوى الغربي والسيد محمد معز العروسي وبمحضر المدعي العام السيد حسن بالحاج عبد االله وبمساعدة كاتبة الجلسة السيدة عائدة إسكندر.,2019,298,298,,1147,,,,,,digests/txt/2019-087.txt,,,
2019-197,digest,66226,,2019-12-17,2019,12,محكمة التعقيب,تونس,دائرة,26,المنجي شلغوم,,عبد القادر غزال؛حمادي الرحماني,2,3,عبد الرحمان بن الحاج جلول,هاجر السلطاني,,,جزائي,,,-6-1-12 التزوج قبل فكّ عصمة الزواج السابق,قرار تعقيبي عدد 66226 بتاريخ 17 ديسمبر 2019 صادر عن الدائرة السادسة والعشرين برئاسة السيد المنجي شلغوم وعضوية مستشاريها السيدين عبد القادر غزال وحمادي الرحماني بمحضر المدعي العام السيد عبد الرحمان بن الحاج جلول وبمساعدة كاتبة الجلسة السيدة هاجر السلطاني.,2019,502,503,,1944,,,,,,digests/txt/2019-197.txt,,,
2019-205,digest,83127,,2019-12-17,2019,12,محكمة التعقيب,تونس,دائرة,26,المنجي شلغوم,,عبد القادر غزال؛حمادي الرحماني,2,3,عبد الرحمان بن الحاج جلول,هاجر السلطاني,محكمة الاستئناف بتونس,تونس,جزائي,,,8ـ2ـ12ـ تعويض قاضي التحقيق المتعهد بغيره من القضاة في حالة الضرورة أو الغياب أو التعذر يجب أن يكون بقرار من رئيس المحكمة.,قرار تعقيبي عدد 83127 بتاريخ 17 ديسمبر 2019 صادر عن الدائرة السادسة والعشرين برئاسة السيد المنجي شلغوم وعضوية مستشاريها السيدين عبد القادر غزال وحمادي الرحماني بمحضر المدعي العام السيد عبد الرحمان بن الحاج جلول وبمساعدة كاتبة الجلسة السيدة هاجر السلطاني.,2019,516,518,,4083,,,,,,digests/txt/2019-205.txt,,,
2019-206,digest,85834/85771,,2019-12-17,2019,12,محكمة التعقيب,تونس,دائرة,26,المنجي شلغوم,,عبد القادر غزال؛حمادي الرحماني,2,3,عبد الرحمان بن الحاج جلول,هاجر السلطاني,محكمة الاستئناف بصفاقس,صفاقس,مدني,رفض؛قبول,,-9-2-12 ضم العقاب لا يشترط التعليل,قرار تعقيبي عدد 85834-85771 بتاريخ 17 ديسمبر 2019 صادر عن الدائرة السادسة والعشرين برئاسة السيد المنجي شلغوم وعضوية مستشاريها السيدين عبد القادر غزال وحمادي الرحماني وبمحضر المدعي العام السيد عبد الرحمان بن الحاج جلول وبمساعدة كاتبة الجلسة السيدة هاجر السلطاني.,2019,518,591,,57790,,,,,,digests/txt/2019-206.txt,,,
2019-088,digest,80538,,2019-12-18,2019,12,محكمة التعقيب,تونس,دائرة,,منصف الكشو,,نجوى الغربي؛محمد المعز العروسي,2,3,كريم المهدي,عائدة اسكندر,,,تجاري,,,الناحية أيضا.» -6-4تعريف الوكيل العقاري-استحقاق الأجرة والاتفاق حولها,قرار عدد 80538 بتاريخ 18 ديسمبر 2019 صادرعن الدائرة المدنية والتجارية الرابعة برئاسة السيد منصف الكشو وعضوية المستشارين السيدة نجوى الغربي والسيد محمد المعز العروسي وبحضور المدعي العام السيد كريم المهدي وبمساعدة كاتبة الجلسة السيدة عائدة إسكندر.,2019,298,301,,3709,,,,,,digests/txt/2019-088.txt,,,
2019-156,digest,78060,,2019-12-18,2019,12,محكمة التعقيب,تونس,دائرة,,منصف الكشو,,نجوى الغربي؛محمد المعز العروسي,2,3,كريم المهدي,عائدة اسكندر,,,تجاري,,,الذي تلاه .» -3-7-7 الطعن في قرارات الشرح وتفسير الأحكام,قرار تعقيبي عدد 78060 بتاريخ 18 ديسمبر 2019 صادر عن الدائرة المدنية والتجارية الرابعة برئاسة السيد منصف الكشو وعضوية المستشارين السيدة نجوى الغربي والسيد محمد المعز العروسي وبحضور المدعي العام السيد كريم المهدي وبمساعدة كاتبة الجلسة السيدة عائدة اسكندر.,2019,417,418,,2741,,,,,,digests/txt/2019-156.txt,,,
2019-163,digest,78060,,2019-12-18,2019,12,محكمة التعقيب,تونس,دائرة,,منصف الكشو,,نجوى الغربي؛محمد المعز العروسي,2,3,كريم المهدي,عائدة اسكندر,,,مدني,,,-2-11-7إثارة قرينة اتصال القضاء,قرار تعقيبي عدد 78060 بتاريخ 18 ديسمبر 2019 صادر عن الدائرة المدنية والتجارية عدد 4 المتركبة من رئيسها السيد منصف الكشو وعضوية المستشارين السيدة نجوى الغربي والسيد محمد المعز العروسي وبحضور المدعي العام السيد كريم المهدي وبمساعدة كاتبة الجلسة السيدة عائدة اسكندر.,2019,425,426,,2331,,,,,,digests/txt/2019-163.txt,,2019-156,repeat_of:2019-156
2019-075,digest,81988,,2019-12-25,2019,12,محكمة التعقيب,تونس,دائرة,4,المنصف الكشو,,نجوى الغربي؛محمد معز العروسي,2,3,,عائدة اسكندر,,,مدني,,,مطلب التعقيب أصلا.» -3-12-3انقطاع التيار الكهربائي قوة قاهرة,قرار تعقيبي عدد 81988 بتاريخ 25 ديسمبر 2019 صادرعن الدائرة المدنية الرابعة برئاسة السيد المنصف الكشو وعضوية المستشارين السيدة نجوى الغربي والسيد محمد معز العروسي وبمحضر المدعى العام السيد حسن بالحاج عبد االله وبمحضر كاتبة الجلسة السيدة عائدة اسكندر.,2019,268,268,,1061,,,,,,digests/txt/2019-075.txt,,,
2019-078,digest,67931,,2019-12-25,2019,12,محكمة التعقيب,تونس,دائرة,,منصف الكشو,,نجوى الغربي؛محمد المعز العروسي,2,3,حسن بالحاج عبد االله,عائدة اسكندر,,,عقاري,,,المطعن واتجه قبول الطعن من هذه الناحية.» 3ـ13ـ3ـ شروط الدعوى الوليانية,قرار تعقيبي عدد 67931 بتاريخ 25 ديسمبر 2019 صادر عن الدائرة المدنية التجارية الرابعة برئاسة السيد منصف الكشو وعضوية المستشارين السيدة نجوى الغربي والسيد محمد المعز العروسي وبحضور المدعي العام السيد حسن بالحاج عبد االله وبمساعدة كاتبة الجلسة السيدة عائدة إسكندر.,2019,274,275,,2674,,,,,,digests/txt/2019-078.txt,,,
2019-102,digest,76395,,2019-12-25,2019,12,محكمة التعقيب,تونس,دائرة,4,منصف الكشو,,نجلاء المصمودي؛نجوى الغربي,2,3,حسن بالحاج عبد االله,عائدة اسكندر,,,تجاري,,,القانون المذكور واتجه لذلك نقض قرارها المطعون فيه مع الإحالة.» -10-2-5 الزيادة الاتفاقية في الأكرية التجارية,قرار تعقيبي عدد 76395 بتاريخ 25 ديسمبر 2019 صادر عن الدائرة المدنية الرابعة برئاسة السيد منصف الكشو وعضوية المستشارين السيدتين نجلاء المصمودي ونجوى الغربي بمحضر المدعي العام السيد حسن بالحاج عبد االله وبمساعدة كاتبة الجلسة السيدة عائدة اسكندر.,2019,320,321,,1635,,,,,,digests/txt/2019-102.txt,,,
2019-135,digest,68432,,2019-12-25,2019,12,محكمة التعقيب,تونس,دائرة,4,منصف الكشو,,نجلاء المصمودي؛نجوى الغربي,2,3,حسن بالحاج عبد االله,عائدة اسكندر,,,مدني,,,-10-2-6 الخطر طبق الشروط العامة والخاصة لعقد التأمين,قرار تعقيبي عدد 68432 بتاريخ 25 ديسمبر 2019 صادر عن الدائرة المدنية الرابعة برئاسة السيد منصف الكشو وعضوية المستشارتين السيدتين نجلاء المصمودي ونجوى الغربي بمحضر المدعي العام السيد حسن بالحاج عبد االله وبمساعدة كاتبة الجلسة السيدة عائدة اسكندر.,2019,377,378,,2492,,,,,,digests/txt/2019-135.txt,,,
2019-153,digest,81988,,2019-12-25,2019,12,محكمة التعقيب,تونس,دائرة,4,المنصف الكشو,,نجوى الغربي؛محمد معز العروسي,2,3,,عائدة اسكندر,,,مدني,,,-2-6-7 التمسك بالصّفة في القيام بالطّور التعقيبي إخلال بالنزاهة في التقاضي,قرار تعقيبي عدد 81988 بتاريخ 25 ديسمبر 2019 صادرعن الدائرة المدنية الرابعة برئاسة السيد المنصف الكشو وعضوية المستشارين السيدة نجوى الغربي والسيد محمد معز العروسي وبمحضر المدعى العام السيد حسن بالحاج عبد االله وبمحضر كاتبة الجلسة السيدة عائدة اسكندر.,2019,414,415,,1540,,,,,,digests/txt/2019-153.txt,,2019-075,repeat_of:2019-075
2019-184,digest,67386,2018,2019-12-25,2019,12,محكمة التعقيب,تونس,دائرة,4,منصف الكشو,,نجلاء المصمودي؛محمد معز العروسي,2,3,حسن بالحاج عبد االله,عائدة اسكندر,محكمة الاستئناف بتونس,تونس,تجاري,,,-2-10 امتداد الشرط التحكيمي 1-2-10 امتداد الشرط التحكيمي إلى الغير–التكييف-تدويل التحكيم,قرار تعقيبي عدد 67386.2018 صادر بتاريخ 2019/12/25 عن الدائرة المدنية الرابعة برئاسة السيد منصف الكشو وعضوية المستشارين السيدة نجلاء المصمودي والسيد محمد معز العروسي بحضور المدعي العام السيد حسن بالحاج عبد االله وبمساعدة كاتبة الجلسة السيدة عائدة اسكندر.,2019,459,465,,11227,,,,,,digests/txt/2019-184.txt,,,
2019-204,digest,84720,,2019-12-25,2019,12,محكمة التعقيب,تونس,دائرة,9,عبد المجيد بوريقة,,منذر الهذيلي؛توفيق السويدي,2,3,رياض الغربي,منيرة المانعي,,,جزائي,,,7ـ2ـ12ـ عدم جواز قبول القيام بالحق الشخصي عند تعهد قلم التحقيق بموجب الفصل 31 من م. إ. ج.,قرار تعقيبي عدد 84720 بتاريخ 25 ديسمبر 2019 صادر عن الدائرة التاسعة برئاسة السيد عبد المجيد بوريقة وعضوية المستشارين السيدين منذر الهذيلي وتوفيق السويدي وبمحضر المدعي العام السيد رياض الغربي وبمساعدة كاتبة الجلسة السيدة منيرة المانعي.,2019,514,516,,3271,,,,,,digests/txt/2019-204.txt,,,
2019-198,digest,,,2019-12-31,2019,12,محكمة التعقيب,تونس,دائرة,26,المنجي شلغوم,,ابراهيم الحرباوي؛حمادي الرحماني,2,3,عبد الرحمان بن الحاج جلول,هاجر السلطاني,,,جزائي,,,-7-1-12 التحريض على التكفير أو الدعوة إليه,قرار تعقيبي عدد بتاريخ 31 ديسمبر 2019 صادر عن الدائرة السادسة والعشرين برئاسة السيد المنجي شلغوم وعضوية مستشاريها السيدين إبراهيم الحرباوي وحمادي الرحماني بمحضر المدعي العام السيد عبد الرحمان بن الحاج جلول وبمساعدة كاتبة الجلسة السيدة هاجر السلطاني.,2019,503,505,,4176,,,,,,digests/txt/2019-198.txt,,,
2020-058,digest,67362,,2020-01-06,2020,01,محكمة التعقيب,تونس,دائرة,1,مريم البكوش,,وليد بن جديدية؛عربية الطويهري,2,3,سفيان العرابي,كريمة الغزواني,,,مدني,,,2-4-7 إعادة النشر ونطاق تعهد محكمة الإحالة,قرار تعقيبي عدد 67362 بتاريخ 6 جانفي 2020 صادر عن الدائرة المدنية الأولى برئاسة السيدة مريم البكوش وعضوية المستشارين السيد وليد بن جديدية والسيدة عربية الطويهري وبحضور المدعي العام السيد سفيان العرابي وبمساعدة كاتبة الجلسة السيدة كريمة الغزواني .,2020,252,253,,2316,,,,,,digests/txt/2020-058.txt,,,
2020-112,digest,80911,,2020-01-08,2020,01,محكمة التعقيب,تونس,دائرة,9,عبد المجيد بوريقة,,منذر الهذيلي؛توفيق السويدي,2,3,رياض الغربي,منيرة المانعي,,,جزائي,,,2-3-2-11 مفهوم إثارة الدعوى العمومية ومفهوم ممارستها- إنقضاء الدعوى العامة الجرائم الديوانية بمرور الزمن,قرار تعقيبي عدد 80911 بتاريخ 8 جانفي 2020 صادر عن الدائرة التاسعة برئاسة السيد عبد المجيد بوريقة وعضوية المستشارين السيدين منذر الهذيلي وتوفيق السويدي بمحضر المدعي العام السيد رياض الغربي وبمساعدة كاتبة الجلسة السيدة منيرة المانعي.,2020,340,342,,3641,,,,,,digests/txt/2020-112.txt,,,
2020-145,digest,90801,,2020-01-10,2020,01,محكمة التعقيب,تونس,دائرة,29,رياض الامام,,سامية العابد؛سامي الداهش,2,3,كريم المهدي,جلال الدين العنتير,,,جزائي,,,,قرار تعقيبي عدد90801 بتاريخ 10 جانفي 2020 صادر عن الدائرة التاسعة والعشرون برئاسة السـيد رياض الإمام وعضوية المستشارين السيدة سامية العابد والسيد سـامي الـداهـش وبحضور المدعي العمومي السيد كريم المهدي ومساعدة كاتب الجلسة السيد جلال الدين العنتير.,2020,382,382,,554,,,,,,digests/txt/2020-145.txt,,,
2020-013,digest,68551,,2020-01-13,2020,01,محكمة التعقيب,تونس,دائرة,39,وجدي الهذيلي,,رجاء بوسمة؛محمد الورهاني,2,3,رجاء الخضراوي,منيرة المانعي,,,مدني,,,2-2-2-3 غياب شرط التلاوة سببا لإبطال العقد الممضى من الأمي,قرار تعقيبي عدد 68551 بتاريخ 13 جانفي 2020 صادر عن الدائرة التاسعة والثلاثين برئاسة السيد وجدي الهذيلي وعضوية المستشارين السيدين رجاء بوسمة ومحمد الورهاني وبحضور المدعي العام السيدة رجاء الخضراوي، وبمساعدة كاتبة الجلسة السيدة منيرة المانعي.,2020,124,126,,2581,,,,,,digests/txt/2020-013.txt,,,
2020-028,digest,67975,,2020-01-13,2020,01,محكمة التعقيب,تونس,دائرة,39,وجدي الهذيلي,,رجاء بوسمة؛محمد الورهاني,2,3,رجاء الخضراوي,منيرة المانعي,,,,,,- 4 قانون عقاري وتهيئة عمرانية 1-4 تقدير غرامة الانتزاع من أجل المصلحة العمومية,قرار تعقيبي عدد 67975 بتاريخ 13 جانفي 2020 صادر عن الدائرة التاسعة والثلاثين برئاسة السيد وجدي الهذيلي وعضوية المستشارين السيدين رجاء بوسمة ومحمد الورهاني وبحضور المدعي العام السيدة رجاء الخضراوي، وبمساعدة كاتبة الجلسة السيدة منيرة المانعي.,2020,154,156,,3334,,,,,,digests/txt/2020-028.txt,,,
2020-029,digest,67975,,2020-01-13,2020,01,محكمة التعقيب,تونس,دائرة,,هاجر المحرزي,,رؤوف الملكي؛ماجدة الرياحي,2,3,رؤوف الملكي,احمد عبيد,محكمة الاستئناف بتونس,تونس,عقاري,,,2-4 مفهوم الغير حسن النية في المادة العقارية-التشطيب على الترسيم لا تأثير له على ابطال عقد البيع,قرار تعقيبي عدد 67975 بتاريخ 13 جانفي 2020 صادر عن الدائرة الثمانية عشر برئاسة السيدة هاجر المحرزي وعضوية المستشارين السيدين رؤوف الملكي وماجدة الرياحي وبحضور ممثل الادعاء العام السيد رؤوف الملكي وبمساعدة كاتب الجلسة السيد أحمد عبيد.,2020,156,157,,2677,,,,,,digests/txt/2020-029.txt,,2020-028,repeat_of:2020-028
2020-115,digest,94331,,2020-01-15,2020,01,محكمة التعقيب,تونس,دائرة,9,عبد المجيد بوريقة,,منذر الهذيلي؛توفيق السويدي,2,3,رياض الغربي,منيرة المانعي,,,جزائي,,,4-2-11 الطور الإستقرائي 1-4-2-11 عدم بت قاضي التحقيق في مطلب القيام بالحق الشخصي بالقبول أو بالرفض-عدم اكتساب الشاكين الصفة في الطعن,قرار تعقيبي عدد 94331 بتاريخ 15 جانفي 2020 صادر عن الدائرة التاسعة برئاسة السيد عبد المجيد بوريقة وعضوية المستشارين السيدين منذر الهذيلي وتوفيق السويدي وبمحضر المدعي العام السيد رياض الغربي وبمساعدة كاتبة الجلسة السيدة منيرة المانعي.,2020,345,345,,1554,,,,,,digests/txt/2020-115.txt,,,
2020-170,digest,94631,,2020-01-15,2020,01,محكمة التعقيب,تونس,دائرة,9,عبد المجيد بوريقة,,منذر الهذيلي؛توفيق السويدي,2,3,رياض الغربي,منيرة المانعي,,,جزائي,,,2-33-2-11 طلب وكيل الجمهورية من حاكم التحقيق إجراء أعمال لازمة لكشف الحقيقة-عدم إجراء الأعمال يكون بقرار معلل في ظرف ثلاثة أيام-أجل يهم النظام العام,قرار تعقيبي عدد 94631 بتاريخ 15 جانفي 2020 صادر عن الدائرة التاسعة برئاسة السيد عبد المجيد بوريقة وعضوية المستشارين السيدين منذر الهذيلي وتوفيق السويدي بمحضر المدعي العام السيد رياض الغربي وبمساعدة كاتبة الجلسة السيدة منيرة المانعي.,2020,408,410,,4363,,,,,,digests/txt/2020-170.txt,,,
2020-100,digest,82198/82230,,2020-01-17,2020,01,محكمة التعقيب,تونس,دائرة,29,رياض الامام,,شكري كمون؛سامية العابد,2,3,كريم المهدي,جلال العنتير,,,جزائي,,,22-1-11 إصدار شيك بدون رصيد 1-22-1-11 غياب الصك الأصلي يُفتقد معه الركن المادي للجريمة ولو أكد الاختبار بناءً على النّسخة ثبوت التدليس,قرار تعقيبي عدد 82198/82230 بتاريخ 17 جانفي 2020 صادر عن الدائرة التاسعة والعشرين برئاسة السيد رياض الامام وعضوية المستشارين السيد شكري كمون والسيدة سامية العابد بحضور المدعي العام السيد كريم المهدي وبمساعدة كاتب الجلسة السيد جلال العنتير.,2020,324,325,,1044,,,,,,digests/txt/2020-100.txt,,,
2020-143,digest,82198/82230,,2020-01-17,2020,01,محكمة التعقيب,تونس,دائرة,29,رياض الامام,,شكري كمون؛سامية العابد,2,3,كريم المهدي,جلال العنتير,,,جزائي,,,21-2-11 محاكمة المواطن التونسي الذي ارتكب جريمة خارج التراب التونسي- مجرّد التتبع في البلد المرتكبة فيه الجريمة لا ينزع الاختصاص عن المحاكم التونسية,قرار تعقيبي عدد 82198/82230 بتاريخ 17 جانفي 2020 صادر عن الدائرة التاسعة والعشرين برئاسة السيد رياض الامام وعضوية المستشارين السيد شكري كمون والسيدة سامية العابد بحضور المدعي العام السيد كريم المهدي وبمساعدة كاتب الجلسة السيد جلال العنتير.,2020,381,381,,1073,,,,,,digests/txt/2020-143.txt,,2020-100,repeat_of:2020-100
2020-146,digest,,,2020-01-17,2020,01,محكمة التعقيب,تونس,دائرة,29,رياض الامام,,شكري كمون؛سامية العابد,2,3,كريم المهدي,جلال الدين العنتير,,,جزائي,,,,قرار تعقيبي عدد -89668 81681 بتاريخ 17 جانفي 2020 صادر عن الدائرة التاسعة والعشرون برئاسة السـيد رياض الإمام وعضوية المستشارين السيد شكري كمون والسيدة سامية العابد وبحضور المدعي العمومي السيد كريم المهدي ومساعدة كاتب الجلسة السيد جلال الدين العنتير.,2020,382,383,,647,,,,,,digests/txt/2020-146.txt,,,
2020-017,digest,68902,,2020-01-20,2020,01,محكمة التعقيب,تونس,,,مريم البكوش,,وليد بن جديدية؛عربية الطويهري,2,3,سفيان العرابي,كريمة الغزواني,,,مدني,,,4 - 3 هبة 1-4-3 ابطال عقد هبة لأسبقية الدين طبق الفصل 306 من م. إ ع.,قرار تعقيبي عدد 68902 بتاريخ 20 جانفي 2020 برئاسة السيدة مريم البكوش وعضوية المستشارين السيد وليد بن جديدية والسيدة عربية الطويهري وبحضور المدعي العام السيد سفيان العرابي وبمساعدة كاتبة الجلسة السيدة كريمة الغزواني.,2020,133,134,,2978,,,,,,digests/txt/2020-017.txt,,,
2020-018,digest,68902,,2020-01-20,2020,01,محكمة التعقيب,تونس,,,مريم البكوش,,وليد بن جديدية؛عربية الطويهري,2,3,سفيان العرابي,كريمة الغزواني,,,مدني,,,2-4-3 الهبة في مرض الموت,قرار تعقيبي عدد 68902 بتاريخ 20 جانفي 2020 برئاسة السيدة مريم البكوش وعضوية المستشارين السيد وليد بن جديدية والسيدة عربية الطويهري وبحضور المدعي العام السيد سفيان العرابي وبمساعدة كاتبة الجلسة السيدة كريمة الغزواني.,2020,135,136,,2895,,,,,,digests/txt/2020-018.txt,,2020-017,repeat_of:2020-017
2020-102,digest,82472,,2020-01-22,2020,01,محكمة التعقيب,تونس,دائرة,4,محمد عماد بن عبد الجليل,,العقيد قاضي نورة الامام؛كمال بوكثير,2,3,عادل الغالي,,,,جزائي,,,23-1-11 التّزوّج بثانية والتّزوج على خلاف الصّيغ القانونية 1-23-1-11 قرائن إثبات التّزوّج على خلاف الصيغ القانونية,قرار تعقيبي عدد 82472 بتاريخ 22 جانفي 2020 صادر عن الدائرة الرابعة برئاسة السيد محمد عماد بن عبد الجليل وعضوية المستشارين السيدين العقيد قاضي نورة الامام وكمال بوكثير وبمحضر المدعي العمومي السيد عادل الغالي وبمساعدة كاتبة المحكمة السيدة هاجر السلطاني.,2020,326,327,,1723,,,,,,digests/txt/2020-102.txt,,,
2020-114,digest,90840,,2020-01-22,2020,01,محكمة التعقيب,تونس,دائرة,14,محمد عماد بن عبد الجليل,,العقيد قاضي نورة الامام؛كمال بوكثير,2,3,عادل الغالي,,,,جزائي,,,5-3-2-11 قرار الرجوع في الحفظ من النيابة العمومية يجب أن يكون صريحا ومعللا,قرار تعقيبي عدد 90840 بتاريخ 22 جانفي 2020 صادر عن الدائرة الرابعة عشر برئاسة السيد محمد عماد بن عبد الجليل وعضوية المستشارين السيدين العقيد قاضي نورة الامام وكمال بوكثير وبمحضر المدعي العمومي السيد عادل الغالي وبمساعدة كاتبة المحكمة السيدة هاجر السلطاني.,2020,344,344,,1398,,,,,,digests/txt/2020-114.txt,,,
2020-172,digest,89000,,2020-01-22,2020,01,محكمة التعقيب,تونس,دائرة,9,عبد المجيد بوريقة,,منذر الهذيلي؛توفيق السويدي,2,3,رياض الغربي,منيرة المانعي,,,جزائي,,,35-2-11 مسك مادة مخدرة جريمة مستمرة يُعد مرتكبها متلبسا ولا حاجة للحصول على إذن كتابي من النيابة العمومية,قرار تعقيبي عدد 89000 بتاريخ 22 جانفي 2020 صادر عن الدائرة التاسعة برئاسة السيد عبد المجيد بوريقة وعضوية المستشارين السيدين منذر الهذيلي وتوفيق السويدي وبمحضر المدعي العام السيد رياض الغربي وبمساعدة كاتبة الجلسة السيدة منيرة المانعي.,2020,411,413,,2392,,,,,,digests/txt/2020-172.txt,,,
2020-010,digest,75785,2020,2020-01-27,2020,01,محكمة التعقيب,تونس,دائرة,2,محمد العسكري,,مكرم الخذري؛مشكاة سلامة,2,3,فيروز العباسي,راضية همادي,,,جزائي,,,- 3مدني عام 1 - 3 في العقود 1-1-3 مبادئ التعاقد 1-1-1-3 مبدأ الأمانة في التعاقد,قرار تعقيبي عدد75785.2020 بتاريخ 27 جانفي2020 صادر عن الدائرة المدنية الثانية برئاسة السيد محمد العسكري وعضوية المستشارين السيدين مكرم الخذري ومشكاة سلامة وبمحضر المدعي العام السيدة فيروز العباسي وبمساعدة كاتبة الجلسة السيدة راضية همادي.,2020,119,120,,2127,,,,,,digests/txt/2020-010.txt,,,
2020-032,digest,23793,2020,2020-01-27,2020,01,محكمة التعقيب,تونس,دائرة,2,محمد العسكري,,مكرم الخذري؛مشكاة سلامة,2,3,فيروز العباسي,راضية همادي,,,عقاري,,,7-4 قسمة المهاياة لا ترقى سببا لمنع الورثة من ممارسة الحق في القسمة القضائية أو تسمية مصفي,قرار تعقيبي عدد 23793.2020 بتاريخ 27 جانفي 2020 صادر عن الدائرة المدنية الثانية برئاسة السيد محمد العسكري وعضوية المستشارين السيدين مكرم الخذري ومشكاة سلامة وبمحضر المدعي العام السيدة فيروز العباسي وبمساعدة كاتبة الجلسة السيدة راضية همادي.,2020,163,169,,9353,,,,,,digests/txt/2020-032.txt,,,
2020-059,digest,66270,,2020-01-27,2020,01,محكمة التعقيب,تونس,دائرة,1,البشير المطوي,,مريم البكوش؛ليد بن جديدية,2,3,سفيان العرابي,كريمة الغزواني,,,مدني,,,5-7 توزيع أموال - جميع الدائنين لهم حق التحاصص,قرار تعقيبي عدد 66270 بتاريخ 27 جانفي 2020 صادر عن الدائرة المدنية الأولى المتركبة من رئيسها السيد البشير المطوي وعضوية المستشارين السيدة مريم البكوش والسيد وليد بن جديدية وبحضور المدعي العام السيد سفيان العرابي وبمساعدة كاتبة الجلسة السيدة كريمة الغزواني.,2020,253,255,,2662,,,,,,digests/txt/2020-059.txt,,,
2020-025,digest,68400,2020,2020-01-28,2020,01,محكمة التعقيب,تونس,دائرة,,نجوى الملولي,,مكرم الخذري؛مشكاة سلامة,2,3,فيروز العباسي,عائدة الهمامي,,,مدني,,,2-8-3 المسؤولية التعاقدية 1-2-8-3 المسؤولية التعاقدية للناقل الجوي,قرار تعقيبي عدد68400.2020بتاريخ28جانفي2020صادر عن الدائرة المدنية برئاسة السيدة نجوى الملولي وعضوية المستشارين السيدين مكرم الخذري ومشكاة سلامة وبمحضر المدعي العام السيدة فيروز العباسي وبمساعدة كاتبة الجلسة السيدة عائدة الهمامي .,2020,147,149,,4116,,,,,,digests/txt/2020-025.txt,,,
2020-110,digest,86255,,2020-01-29,2020,01,محكمة التعقيب,تونس,دائرة,14,محمد عماد بن عبد الجليل,,كمال بوكثير,1,2,عادل الغالي,,,,جزائي,,,2-2-11 جرح ووفاة برصاص عون أمن أثناء الثورة- انتهاك جسيم من اختصاص الدوائر الجنائية المختصة في العدالة الانتقالية,قرار تعقيبي عدد 86255 بتاريخ 29 جانفي 2020 صادر عن الدائرة الرابعة عشر برئاسة السيد محمد عماد بن عبد الجليل وعضوية المستشارين السيد ين المقدم قاضي منير بن عبد الله وكمال بوكثير وبمحضر المدعي العمومي السيد عادل الغالي وبمساعدة كاتب المحكمة السيد علي العمراوي.,2020,335,339,,5110,,,,,,digests/txt/2020-110.txt,,,
2020-140,digest,01201,,2020-01-29,2020,01,محكمة التعقيب,تونس,دائرة,14,,,,0,0,عادل الغالي,علي العمراوي,المحكمة الابتدائية بباجة,باجة,جزائي,,,18-2-11 اختصاص القضاء العسكري في جرائم الحق العام المرتكبة ضد العسكريين أثناء مباشرتهم للخدمة أو بمناسبتها,قرار تعقيبي عدد 01201 بتاريخ 29 جانفي 2020 صادر عن الدائرة الرابعة عشر برئاسة السيد محمد عماد بن عبد الجليل ومستشاريها السيدين العقيد قاضي نورة الامام وكمال بوكثير وبمحضر المدعي العام السيد عادل الغالي ومساعدة كاتب الجلسة السيد علي العمراوي.,2020,378,379,,2528,,,,,,digests/txt/2020-140.txt,,,
2020-133,digest,89988,,2020-02-05,2020,02,محكمة التعقيب,تونس,دائرة,9,عبد المجيد بوريقة,,ماهر كنو؛توفيق السويدي,2,3,رياض الغربي,منيرة المانعي,,,جزائي,,,12-2-11 سقوط العقاب بمرور الزمن في جنحة إستهلاك مادة مخدرة مدرجة هوعشرة سنوات,قرار تعقيبي عدد 89988 بتاريخ 5 فيفري 2020 صادر عن الدائرة التاسعة برئاسة السيد عبد المجيد بوريقة وعضوية المستشارين السيدين ماهر كنو وتوفيق السويدي بمحضر المدعي العام السيد رياض الغربي وبمساعدة كاتب الجلسة السيدة منيرة المانعي.,2020,369,370,,1471,,,,,,digests/txt/2020-133.txt,,,
2020-166,digest,87542,,2020-02-05,2020,02,محكمة التعقيب,تونس,دائرة,14,محمد عماد بن عبد الجليل,,العقيد قاضي نورة الامام؛كمال بوكثير,2,3,عادل الغالي,,,,جزائي,,,4-31-2-11 اختصاص قاضي الأطفال بالنظر في الجرائم المرتكبة من الطفل ولو كانت ضد العسكريين,قرار تعقيبي عدد87542 بتاريخ 5 فيفري 2020 صادر عن عن الدائرة الرابعة عشر برئاسة السيد محمد عماد بن عبد الجليل وعضوية المستشارين السيدين العقيد قاضي نورة الامام وكمال بوكثير وبمحضر المدعي العمومي السيد عادل الغالي وبمساعدة كاتبة المحكمة السيدة هاجر السلطاني.,2020,403,404,,2470,,,,,,digests/txt/2020-166.txt,,,
2020-090,digest,91255,,2020-02-07,2020,02,محكمة التعقيب,تونس,دائرة,29,رياض الامام,,سامية العابد؛سامي الداهش,2,3,كريم المهدي,جلال العنتير,,,جزائي,,,15-1-11 المشاركة في وفاق بقصد التحضير للإعتداء على الأملاك,قرار تعقيبي عدد 91255 بتاريخ 7 فيفري 2020 صادر عن الدائرة التاسعة والعشرين برئاسة السيد رياض الامام وعضوية المستشارين السيدة سامية العابد والسيد سامي الداهش بحضور المدعي العام السيد كريم المهدي وبمساعدة كاتبة الجلسة السيد جلال العنتير.,2020,313,314,,1922,,,,,,digests/txt/2020-090.txt,,,
2020-047,digest,83495/83376,,2020-02-10,2020,02,محكمة التعقيب,تونس,دائرة,1,مريم البكوش,,وليد بن جديدية؛عربية الطويهري,2,3,سفيان العرابي,كريمة الغزواني,,,تجاري,,,5-6-5 انطلاق أجل التقادم من صدور الحكم المصرح بالتسوية القضائية أو بالفلسة بقطع النظر على وقوع الطعن فيه من عدمه.,قرار تعقيبي عدد 83495/83376 بتاريخ 10 فيفري2020 صادر عن الدائرة المدنية الأولى برئاسة السيدة مريم البكوش وعضوية المستشارين السيد وليد بن جديدية والسيدة عربية الطويهري وبحضور المدعي العام السيد سفيان العرابي وبمساعدة كاتبة الجلسة السيدة كريمة الغزواني .,2020,228,231,,5347,,,,,,digests/txt/2020-047.txt,,,
2020-027,digest,2020,,2020-02-11,2020,02,محكمة التعقيب,تونس,دائرة,,نجوى الملولي,,مكرم الخذري؛مشكاة سلامة,2,3,فيروز العباسي,عائدة الهمامي,محكمة الاستئناف بتونس,تونس,مدني,,,2-2-8-3 المسؤولية التعاقدية للبائع عن التأخير في التسليم وعيوب الصنع,قرار تعقيبي عدد2020.ـ68021ـ بتاريخ11فيفري2020صادر عن الدائرة المدنية برئاسة السيدة نجوى الملولي وعضوية المستشارين السيدين مكرم الخذري ومشكاة سلامة وبمحضر المدعي العام السيدة فيروز العباسي وبمساعدة كاتبة الجلسة السيدة عائدة الهمامي .,2020,151,154,,4948,,,,,,digests/txt/2020-027.txt,,,
2020-003,digest,80441,2019,2020-02-12,2020,02,محكمة التعقيب,تونس,دائرة,8,مفيدة الشوالي,,بسمة بودن؛هاجر الشريف,2,3,محمد الزواوي,,,,احوال شخصية,,,قرارات الدوائر -1شخصي 1-1 استقرار الزوجة بعيدا عن زوجها في إطار نقلة عملها لا يعتبر إخلالا منها بواجب المساكنة.,قرار تعقيبي عدد 80441.2019 بتاريخ 12 فيفري 2020 صادر عن الدائرة المدنية الثامنة برئاسة السيدة مفيدة الشوالي وعضوية المستشارتين السيدتين بسمة بودن وهاجر الشريف وبحضور المدعي العام السيد محمد الزواوي ومساعدة كاتب المحكمة السيد توفيق المناصري.,2020,85,86,,1652,,,,,,digests/txt/2020-003.txt,,,
2020-043,digest,82663,2019,2020-02-12,2020,02,محكمة التعقيب,تونس,دائرة,4,منصف الكشو,,نجوى الغربي؛محمد معز العروسي,2,3,حسن بالحاج عبد الله,عائدة اسكندر,,,تجاري,,,6-5 إجراءات جماعية. 1-6-5 الطبيعة القانونية للتسوية-نفاذ القانون الجديد-التوقف عن الدفع- سحب الفلسة.,قرار تعقيبي عدد 82663.2019ـ بتاريخ 12 فيفري 2020 صادر عن الدائرة المدنية الرابعة برئاسة السيد السيد منصف الكشو وعضوية المستشارين السيدة نجوى الغربي والسيد محمد معز العروسي وبمحضر المدعي العام السيد حسن بالحاج عبد الله وبمساعدة كاتبة الجلسة السيدة عائدة اسكندر.,2020,211,219,,14331,,,,,,digests/txt/2020-043.txt,,,
2020-031,digest,67984,,2020-02-17,2020,02,محكمة التعقيب,تونس,دائرة,1,نازك كادة,,يوسف رمضان؛رجاء الجزيري,2,3,لطفي البدوي,عائدة البرقاوي,,,مدني,,,5-4 آجال سقوط دعوى الشفعة,قرار تعقيبي مدني عدد 67984 بتاريخ 17 فيفري 2020 صادر عن الدائرة المدنية الأولى برئاسة السيدة نازك كادة وعضوية المستشارين السيد يوسف رمضان والسيدة رجاء الجزيري وبمحضر المدعي العام السيد لطفي البدوي وبمساعدة كاتبة الجلسة السيدة عائدة البرقاوي.,2020,160,163,,5823,,,,,,digests/txt/2020-031.txt,,,
2020-141,digest,82525,,2020-02-18,2020,02,محكمة التعقيب,تونس,دائرة,,المنذر اللومي,,عادل بوصفارة؛هناء سحنون,2,3,لمياء بن اسماعيل,جلال العنتير,,,جزائي,,,19-2-11 عدم الإعلام بالحكم المعتبر حضوري يجعل أجل الإستئناف مفتوحا,قرار تعقيبي عدد 82525 بتاريخ 18 فيفري 2020 صادر عن الدائرة العشرين برئاسة السيد المنذر اللومي والمستشارين السيدين عادل بوصفارة وهناء سحنون بمحضر المدعي العام السيدة لمياء بن اسماعيل وبمساعدة كاتب الجلسة السيد جلال العنتير.,2020,379,380,,689,,,,,,digests/txt/2020-141.txt,,,
2020-144,digest,82078,,2020-02-18,2020,02,محكمة التعقيب,تونس,دائرة,,المنذر اللومي,,عادل بوصفارة؛هناء سحنون,2,3,لمياء بن اسماعيل,جلال العنتير,,,جزائي,,,22-2-11 نسخة الحكم 1-22-2-11 خلو نسخة الحكم من حرفة المتهم والسوابق العدلية وموضوع التهمة,قرار تعقيبي عدد 82078 بتاريخ 18 فيفري 2020 صادر عن الدائرة العشرين برئاسة السيد المنذر اللومي وعضويّة المستشارين السيدين عادل بوصفارة وهناء سحنون بمحضر المدعي العام السيدة لمياء بن اسماعيل وبمساعدة كاتب الجلسة السيد جلال العنتير.,2020,381,382,,1150,,,,,,digests/txt/2020-144.txt,,,
2020-019,digest,69259,,2020-02-19,2020,02,محكمة التعقيب,تونس,دائرة,3,نعيمة رحيم,,عبير الخليفي؛نورة نوري,2,3,,عبير الحلواني,,,عقاري,,,5-3 الوصية 1-5-3 إبطال وصية,قرار تعقيبي عدد 69259 بتاريخ 19 فيفري 2020 صادر عن الدائرة المدنية الثالثة برئاسة السيدة نعيمة رحيم وعضوية المستشارتين السيدة عبير الخليفي والسيدة نورة نوري وبمحضر ممثل الادعاء العمومي السيد كريم المهدي وبمساعدة كاتبة الجلسة السيدة عبير الحلواني.,2020,136,138,,3011,,,,,,digests/txt/2020-019.txt,,,
2020-021,digest,69381,,2020-02-19,2020,02,محكمة التعقيب,تونس,دائرة,37,نازك كادة,,هندة العلاقي؛رجاء الجزيري,2,3,لطفي البدوي,عائدة البرقاوي,,,مدني,,,2-6-3 شروط اجراء المقاصة,قرار تعقيبي عدد 69381 بتاريخ 19 فيفري 2020 صادر الدائرة المدنية السابعة والثلاثين المتركبة من رئيستها السيدة نازك كادة وعضوية المستشارتين السيدتين هندة العلاقي ورجاء الجزيري وبحضور المدعي العام السيد لطفي البدوي وبمساعدة كاتبة الجلسة السيدة عائدة البرقاوي.,2020,140,141,,2610,,,,,,digests/txt/2020-021.txt,,,
2020-022,digest,69381,,2020-02-19,2020,02,محكمة التعقيب,تونس,دائرة,3,نعيمة رحيم,,عبير الخليفي؛نورة نوري,2,3,,عبير الحلواني,,,مدني,,,7 - 3 البطلان المطلق 1-7-3 البطلان المطلق للعقد لغياب المحل,قرار تعقيبي عدد 69381 بتاريخ 19 فيفري 2020 صادر عن الدائرة المدنية الثالثة برئاسة السيدة نعيمة رحيم وعضوية المستشارتين السيدة عبير الخليفي والسيدة نورة نوري وبمحضر ممثل الادعاء العمومي السيد كريم المهدي وبمساعدة كاتبة الجلسة السيدة عبير الحلواني.,2020,141,143,,2701,,,,,,digests/txt/2020-022.txt,,2020-021,repeat_of:2020-021
2020-060,digest,2020/80219,,2020-02-21,2020,02,محكمة التعقيب,تونس,دائرة,19,حياة البصلي,,الانور الكعلي؛هاجر الخالدي,2,3,لطفي بن سليمان,هاجر السلطاني,,,مدني,,,6- 7 أنواع المقر - شروط الاستدعاء في القضايا الشغلية,قرار تعقيبي عدد2020/80219 بتاريخ صادر21 فيفري 2020 عن الدائرة التاسعة عشر برئاسة السيدة حياة البصلي وعضوية المستشارين السيد الأنور الكعلي والسيدة هاجر الخالدي وبمحضر المدعي العام السيد لطفي بن سليمان ومساعدة كاتبة الجلسة السيدة هاجر السلطاني.,2020,255,258,,6203,,,,,,digests/txt/2020-060.txt,,,
2020-004,digest,82073,2019,2020-02-26,2020,02,محكمة التعقيب,تونس,دائرة,8,مفيدة الشوالي,,بسمة بودن؛هاجر الشريف,2,3,محمد الزواوي,,,,جزائي,,,2- 1 ربط الزوجة لعلاقة غرامية مع شخص غير زوجها عبر شبكة التواصل الاجتماعي يمثل ضررا محققا.,قرار تعقيبي عدد82073.2019 بتاريخ 26 فيفري 2020 صادر عن الدائرة المدنية الثامنة برئاسة السيدة مفيدة الشوالي وعضوية المستشارتين السيدتين بسمة بودن وهاجر الشريف وبحضور المدعي العام السيد محمد الزواوي ومساعدة كاتب المحكمة السيد توفيق المناصري.,2020,86,87,,2806,,,,,,digests/txt/2020-004.txt,,,
2020-135,digest,0889,,2020-02-26,2020,02,محكمة التعقيب,تونس,دائرة,9,عبد المجيد بوريقة,,منذر الهذيلي؛توفيق السويدي,2,3,رياض الغربي,منيرة المانعي,المحكمة الابتدائية ببنزرت,بنزرت,جزائي,,,1-13-2-11 تعريف الشبهة الجائزة,قرار تعقيبي عدد 0889 بتاريخ 26 فيفري 2020 صادر عن الدائرة التاسعة برئاسة السيد عبد المجيد بوريقة وعضوية المستشارين السيدين منذر الهذيلي وتوفيق السويدي بمحضر المدعي العام السيد رياض الغربي وبمساعدة كاتبة الجلسة السيدة منيرة المانعي.,2020,371,372,,2210,,,,,,digests/txt/2020-135.txt,,,
2020-154,digest,92620,,2020-02-28,2020,02,محكمة التعقيب,تونس,دائرة,29,رياض الامام,,سامية العابد؛سامي الداهش,2,3,كريم المهدي,جلال العنتير,,,جزائي,,,26-2-11 مجال نظر محكمة الإحالة,قرار تعقيبي عدد 92620 بتاريخ 28 فيفري 2020 صادر عن الدائرة التاسعة والعشرين برئاسة السيد رياض الامام وعضوية المستشارين السيدة سامية العابد والسيد سامي الداهش وبحضور المدعي العام السيد كريم المهدي وبمساعدة كاتب الجلسة السيد جلال العنتير.,2020,389,391,,3511,,,,,,digests/txt/2020-154.txt,,,
2020-162,digest,92494,,2020-02-28,2020,02,محكمة التعقيب,تونس,دائرة,29,رياض الامام,,سامية العابد؛سامي الداهش,2,3,كريم المهدي,جلال العنتير,,,جزائي,,,3-30-2-11 الشهادة الطبية دليل لاثبات القوة القاهرة التي تحول دون حضور المعترض بالجلسة,قرار تعقيبي عدد 92494 بتاريخ 28 فيفري 2020 صادر عن الدائرة التاسعة والعشرين برئاسة السيد رياض الامام وعضوية المستشارين السيدة سامية العابد والسيد سامي الداهش وبمحضر المدعي العام السيد كريم المهدي وبمساعدة كاتب الجلسة السيد جلال العنتير.,2020,399,400,,1061,,,,,,digests/txt/2020-162.txt,,,
2020-076,digest,82586,,2020-03-02,2020,03,محكمة التعقيب,تونس,دائرة,11,ماجدة بن غربية,,محمد العفيف الجعيدي؛عماد الدغاري,2,3,فوزية قمري,امال بن نصر,,,احوال شخصية,,,3-1-11 عدم دفع مال النفقة - الفترة السابقة للإعلام يبقى دينا مدنيا – تعريف حالة العسر,قرار تعقيبي عدد 82586 بتاريخ 2 مارس 2020 صادر عن الدائرة الحادية عشرة برئاسة السيدة ماجدة بن غربية وعضوية المستشارين السيدين محمد العفيف الجعيدي وعماد الدغاري وبمحضر المدعي العام السيدة فوزية قمري وبمساعدة كاتبة الجلسة السيدة أمال بن نصر.,2020,290,293,,4624,,,,,,digests/txt/2020-076.txt,,,
2020-168,digest,91451/91446,,2020-03-02,2020,03,محكمة التعقيب,تونس,دائرة,11,ماجدة بن غربية,,عيسى ساسي؛محمد العفيف الجعيدي,2,3,فوزية القمري,امال بن نصر,,,جزائي,,,32--2-11 سقوط الدعوى بمرور الزمن في جنحتي إقامة صك نص فيه على أمور غير حقيقية بصفة مادية واستعماله,قرار تعقيبي عدد 91451-91446-91445 بتاريخ 2 مارس 2020 صادر الدائرة الحادية عشر برئاسة السيدة ماجدة بن غربية وعضوية المستشارين السيدين عيسى ساسي ومحمد العفيف الجعيدي بمحضر المدعي العام السيدة فوزية القمري وبمساعدة كاتبة الجلسة السيدة أمال بن نصر.,2020,406,407,,1690,,,,,,digests/txt/2020-168.txt,,,
2020-062,digest,81803,2020,2020-03-03,2020,03,محكمة التعقيب,تونس,دائرة,,نجوى الملولي,,مكرم الخذري؛مشكاة سلامة,2,3,فيروز العباسي,عائدة الهمامي,,,مدني,,,8-7 بطلان القيام ضد ميت لفقدانه لأهلية التقاضي,قرار تعقيبي عدد 81803.2020 بتاريخ 3 مارس 2020 صادر عن الدائرة المدنية برئاسة السيدة نجوى الملولي وعضوية المستشارين السيدين مكرم الخذري ومشكاة سلامة وبمحضر المدعي العام السيدة فيروز العباسي وبمساعدة كاتبة الجلسة السيدة عائدة الهمامي.,2020,260,262,,2775,,,,,,digests/txt/2020-062.txt,,,
2020-120,digest,96200,,2020-03-03,2020,03,محكمة التعقيب,تونس,دائرة,28,المنصف بلحاج علي,,صلاح الشيحاوي؛محمد رؤوف اليوسفي,2,3,بديع الحكيم,احمد عبيد,,,جزائي,,,6-4-2-11 المفعول التطهيري لقرار دائرة الاتهام,قرار تعقيبي عدد 96200 بتاريخ 3 مارس 2020 صادر عن الدائرة الجزائية الثامنة والعشرون برئاسة السيد المنصف بلحاج علي وعضوية المستشارين السيدين صلاح الشيحاوي ومحمد رؤوف اليوسفي وبمحضر ممثل الإدعاء العام السيد بديع الحكيم وبمساعدة كاتب الجلسة السيد أحمد عبيد.,2020,351,352,,881,,,,,,digests/txt/2020-120.txt,,,
2020-137,digest,83187,,2020-03-03,2020,03,محكمة التعقيب,تونس,دائرة,,المنذر اللومي,,عادل بوصفارة؛هناء سحنون,2,3,لمياء بن اسماعيل,جلال العنتير,المحكمة الابتدائية بجندوبة,جندوبة,جزائي,,,15-2-11 حالات الإختصاص الترابي وردت على وجه الحصر دون ترتيب ولا أولوية,قرار تعقيبي عدد 83187 بتاريخ 3 مارس 2020 صادر عن الدائرة العشرين برئاسة السيد المنذر اللومي والمستشارين السيدين عادل بوصفارة وهناء سحنون بمحضر المدعي العام السيدة لمياء بن إسماعيل وبمساعدة كاتب الجلسة السيد جلال العنتير.,2020,375,376,,1901,,,,,,digests/txt/2020-137.txt,,,
2020-147,digest,83828,,2020-03-03,2020,03,محكمة التعقيب,تونس,دائرة,,المنذر اللومي,,عادل بوصفارة؛هناء سحنون,2,3,لمياء بن اسماعيل,جلال العنتير,,,جزائي,,,,قرار تعقيبي عدد 83828 بتاريخ 3 مارس 2020 صادر عن الدائرة العشرين برئاسة السيد المنذر اللومي والمستشارين السيدين عادل بوصفارة وهناء سحنون بمحضر المدعي العام السيدة لمياء بن إسماعيل وبمساعدة كاتب الجلسة السيد جلال العنتير.,2020,383,383,,1251,,,,,,digests/txt/2020-147.txt,,,
2020-156,digest,1214,,2020-03-03,2020,03,محكمة التعقيب,تونس,دائرة,12,محمد بن منصور,,سلوى التميمي؛صباح يحي,2,3,ليلى االشابي,توفيق المناصري,محكمة الاستئناف بتونس,تونس,جزائي,,,28-2-11 تعديل بين الحكام,قرار تعقيبي عدد 1214 بتاريخ 3 مارس 2020 صادر عن الدائرة الثانية عشر برئاسة السّيد محمد بن منصور وعضوية المستشارتين السيدتين سلوى التميمي وصباح يحي بحضور المدعي العام السّيدة ليلى االشابي وبمساعدة كاتب الجلسة السّيد توفيق المناصري.,2020,392,394,,4169,,,,,,digests/txt/2020-156.txt,,,
2020-086,digest,90332,,2020-03-06,2020,03,محكمة التعقيب,تونس,دائرة,29,رياض الامام,,شكري كمون,1,2,سميرة القرماني,جلال العنتير,,,جزائي,,,2-12-1-11 أركان القتل العمد مع سابقية القصد,قرار تعقيبي عدد 90332 بتاريخ 6 مارس2020 صادر عن الدائرة التاسعة والعشرين برئاسة السيد رياض الامام وعضوية المستشارين السيد شكري كمون والسيدة سامية بحضور المدعي العام السيدة سميرة القرماني وبمساعدة كاتب الجلسة السيد جلال العنتير.,2020,304,307,,4556,,,,,,digests/txt/2020-086.txt,,,
2020-051,digest,81140/80857,,2020-03-09,2020,03,محكمة التعقيب,تونس,دائرة,1,مريم البكوش,,وليد بن جديدية؛عربية الطويهري,2,3,سفيان العرابي,كريمة الغزواني,,,مدني,,,- 6 المسؤولية المدنية والتأمين 1-6 المسؤولية المدنية 1-1-6 عناصر التعويض في المسؤولية المدنية,قرار تعقيبي عدد 81140/80857 بتاريخ 9 مارس 2020 صادر عن الدائرة المدنية الأولى برئاسة السيدة مريم البكوش وعضوية المستشارين السيد وليد بن جديدية والسيدة عربية الطويهري وبحضور المدعي العام السيد سفيان العرابي وبمساعدة كاتبة الجلسة السيدة كريمة الغزواني.,2020,241,242,,2138,,,,,,digests/txt/2020-051.txt,,,
2020-054,digest,81140/80857,,2020-03-09,2020,03,محكمة التعقيب,تونس,دائرة,1,مريم البكوش,,وليد بن جديدية؛عربية الطويهري,2,3,سفيان العرابي,كريمة الغزواني,,,مدني,,,2-2-6 التجديد الضمني لعقد التأمين,قرار تعقيبي عدد 81140/80857 بتاريخ 9 مارس 2020 صادر عن الدائرة المدنية الأولى برئاسة السيدة مريم البكوش وعضوية المستشارين السيد وليد بن جديدية والسيدة عربية الطويهري وبحضور المدعي العام السيد سفيان العرابي وبمساعدة كاتبة الجلسة السيدة كريمة الغزواني .,2020,244,245,,2282,,,,,,digests/txt/2020-054.txt,,2020-051,repeat_of:2020-051
2020-061,digest,68585,,2020-03-09,2020,03,محكمة التعقيب,تونس,دائرة,1,مريم البكوش,,وليد بن جديدية؛عربية الطويهري,2,3,سفيان العرابي,كريمة الغزواني,,,مدني,,,7-7 شروط استصدار الأمر بالدفع,قرار تعقيبي عدد 68585 بتاريخ 9 مارس 2020 صادر عن الدائرة المدنية الأولى برئاسة السيدة مريم البكوش وعضوية المستشارين السيد وليد بن جديدية والسيدة عربية الطويهري وبحضور المدعي العام السيد سفيان العرابي وبمساعدة كاتبة الجلسة السيدة كريمة الغزواني.,2020,258,260,,2953,,,,,,digests/txt/2020-061.txt,,,
2020-089,digest,83274,,2020-03-09,2020,03,محكمة التعقيب,تونس,دائرة,36,زكية الماجري,,عادل الاخضر؛فيصل بن عامر,2,3,لطيفة العرفاوي,علي العمراوي,,,جزائي,,,14-1-11 البت في المسألة الأوّلية,قرار تعقيبي عدد 83274 بتاريخ 9 مارس 2020 صادر عن الدائرة السادسة والثلاثين برئاسة السيدة زكية الماجري وعضوية المستشارين السيدين عادل الأخضر وفيصل بن عامر بمحضر المدعي العام السيدة لطيفة العرفاوي وبمساعدة كاتب الجلسة السيد علي العمراوي.,2020,311,313,,2735,,,,,,digests/txt/2020-089.txt,,,
2020-092,digest,99317,,2020-03-09,2020,03,محكمة التعقيب,تونس,دائرة,36,زكية الماجري,,عادل الاخضر؛سامي الهاني,2,3,لطيفة العرفاوي,علي العمراوي,,,جزائي,,,,قرار تعقيبي عدد 99317 بتاريخ 9 مارس 2020 صادر عن عن الدائرة السادسة والثلاثين برئاسة السيدة زكية الماجري وعضوية مستشاريها السيدين عادل الأخضر وسامي الهاني بمحضر المدعي العام السيدة لطيفة العرفاوي وبمساعدة كاتب الجلسة السيد علي العمراوي.,2020,314,315,,302,,,,,,digests/txt/2020-092.txt,,,
2020-118,digest,84859,,2020-03-09,2020,03,محكمة التعقيب,تونس,دائرة,36,زكية الماجري,,عادل الاخضر؛فيصل بن عامر,2,3,لطيفة العرفاوي,علي العمراوي,,,جزائي,,,الفصل 85 م إ ج.». 4-4-2-11 إعلام المظنون فيه بقرار ختم البحث يقتصر على الجنايات- التمسك بقواعد الدستور بمناسبة قضية جزائية,قرار تعقيبي عدد 84859 بتاريخ 9 مارس 2020 صادر الدائرة السادسة والثلاثين برئاسة السيدة زكية الماجري وعضوية المستشارين السيدين عادل الأخضر وفيصل بن عامر وبمحضر المدعي العام السيدة لطيفة العرفاوي وبمساعدة كاتب الجلسة السيد علي العمراوي.,2020,348,350,,3656,,,,,,digests/txt/2020-118.txt,,,
2020-149,digest,84556,,2020-03-09,2020,03,محكمة التعقيب,تونس,دائرة,11,ماجدة بن غربية,,,0,1,فوزية قمري,امال بن نصر,,,جزائي,,,23-2-11 تعليل الأحكام,قرار تعقيبي عدد 84556 بتاريخ 9 مارس 2020 صادر عن الدائرة الحادية عشر برئاسة السيدة ماجدة بن غربية وعضوية السيدين محمد العفيف الجعيدي وعماد الدغاري وبمحضر المدعي العام السيدة فوزية قمري وبمساعدة كاتبة الجلسة السيدة أمال بن نصر.,2020,384,385,,2250,,,,,,digests/txt/2020-149.txt,,,
2020-079,digest,79769,,2020-03-10,2020,03,محكمة التعقيب,تونس,دائرة,26,منجي شلغوم,,عبد القادر غزال؛حمادي الرحماني,2,3,عبد الرحمان بن الحاج جلول,هاجر السلطاني,,,جزائي,,,2-7-1-11 تفصيل العبارات التي تفوه بها المتهم لتقدير فحواها وتكييفها,قرار تعقيبي عدد 79769 بتاريخ 10 مارس 2020 صادر عن عن الدائرة السادسة والعشرون برئاسة السيد منجي شلغوم وعضوية مستشاريها السيدين عبد القادر غزال وحمادي الرحماني وبمحضر المدعي العام السيد عبد الرحمان بن الحاج جلول وبمساعدة كاتبة الجلسة السيدة هاجر السلطاني.,2020,296,297,,947,,,,,,digests/txt/2020-079.txt,,,
2020-116,digest,96853,,2020-03-10,2020,03,محكمة التعقيب,تونس,دائرة,25,محمد العسكري,,نبيهة العويني؛محمد علي يمن,2,3,نور الدين الزياتي,علي العمراوي,محكمة الاستئناف بالقيروان,القيروان,جزائي,,,2-4-2-11 إعادة إستنطاق المتهم من قلم التحقيق إذا ما قرر تفكيك القضية,قرار تعقيبي عدد 96853 بتاريخ 10 مارس 2020 صادر عن الدائرة الخامسة والعشرين برئاسة السيد محمد العسكري وعضوية مستشاريها السيدين نبيهة العويني ومحمد علي يمن بمحضر المدعي العام السيد نور الدين الزياتي وبمساعدة كاتب الجلسة السيد علي العمراوي.,2020,346,346,,1527,,,,,,digests/txt/2020-116.txt,,,
2020-119,digest,91968,,2020-03-10,2020,03,محكمة التعقيب,تونس,دائرة,5,جلال الدين بوكتيف,,عدنان الهاني؛امال عاشور,2,3,,,,,جزائي,,,5-4-2-11 جواز تبنّي قرار دائرة الاتهام للحيثيات الواقعية لقرار ختم البحث,قرار تعقيبي عدد 91968 بتاريخ 10 مارس 2020 صادر عن الدائرة الخامسة برئاسة السيد جلال الدين بوكتيف وعضوية المستشارين السيدين عدنان الهاني وأمال عاشور وبمحضر المدعي العام السيد أنيس ضيف الله وكاتبة المحكمة السيدة عائدة البرقاوي.,2020,350,351,,1361,,,,,,digests/txt/2020-119.txt,,,
2020-123,digest,91195,,2020-03-10,2020,03,محكمة التعقيب,تونس,دائرة,25,محمد العسكري,,نجوى الشريف؛محمد علي يمن,2,3,نور الدين الزياتي,علي العمراوي,,,جزائي,,,2-6-2-11 حق الدفاع لا يجب أن يكون مطية لتأخير القضية على خلاف ما يقتضيه سيرها العادي,قرار تعقيبي عدد 91195 بتاريخ 10 مارس 2020 صادر عن الدائرة الخامسة والعشرين برئاسة السيد محمد العسكري وعضوية المستشارين السيدين نجوى الشريف ومحمد علي يمن وبمحضر المدعي العمومي السيد نور الدين الزياتي وبمساعدة كاتب الجلسة السيد علي العمراوي.,2020,355,356,,1581,,,,,,digests/txt/2020-123.txt,,,
2020-124,digest,90566,,2020-03-10,2020,03,محكمة التعقيب,تونس,دائرة,15,جلال الدين بوكتيف,,عدنان الهاني؛منية عمار,2,3,انيس ضيف الله,نجلاء الهمامي,,,جزائي,,,7-2-11 مشاركة القاضي في القرار الغيابي المعترض عليه,قرار تعقيبي عدد 90566 بتاريخ 10 مارس 2020 صادر عن عن الدائرة الخامسة عشر برئاسة السيد جلال الدين بوكتيف وعضوية المستشارين السيدين عدنان الهاني ومنية عمار وبمحضر المدعي العام السيد أنيس ضيف الله وبمساعدة كاتبة الجلسة السيدة نجلاء الهمامي.,2020,356,357,,1790,,,,,,digests/txt/2020-124.txt,,,
2020-130,digest,83682,,2020-03-10,2020,03,محكمة التعقيب,تونس,دائرة,28,المنصف الحاج علي,,محمد رؤوف اليوسفي؛ريم دفدوف,2,3,بديع الحكيم,احمد عبيد,,,جزائي,,,3-11-2-11 عدم جواز الطعن بالتعقيب في الأحكام الصادرة بالإدانة غيابيا,قرار تعقيبي عدد 83682 بتاريخ 10 مارس 2020 صادر عن الدائرة الثامنة والعشرون برئاسة السيد المنصف الحاج علي وعضوية المستشارين السيدين محمد رؤوف اليوسفي وريم دفدوف وبمحضر المدعي العام السيد بديع الحكيم وبمساعدة كاتب الجلسة السيد أحمد عبيد.,2020,366,367,,1449,,,,,,digests/txt/2020-130.txt,,,
2020-131,digest,83696,,2020-03-10,2020,03,محكمة التعقيب,تونس,دائرة,28,المنصف الحاج علي,,محمد رؤوف اليوسفي؛ريم دفدوف,2,3,بديع الحكيم,احمد عبيد,,,جزائي,,,,قرار تعقيبي عدد 83696 بتاريخ 10 مارس 2020 صادر عن الدائرة الثامنة والعشرون برئاسة السيد المنصف الحاج علي وعضوية المستشارين السيدين محمد رؤوف اليوسفي وريم دفدوف وبمحضر المدعي العام السيد بديع الحكيم وبمساعدة كاتب الجلسة السيد أحمد عبيد.,2020,367,367,,1380,,,,,,digests/txt/2020-131.txt,,,
2020-132,digest,84177,,2020-03-10,2020,03,محكمة التعقيب,تونس,دائرة,28,المنصف الحاج علي,,صلاح الشيحاوي؛محمد رؤوف اليوسفي,2,3,بديع الحكيم,احمد عبيد,,,جزائي,,,4-11-2-11 تعقيب الوكيل العام - إعلام المعقب ضده بوقوع الطعن بالتعقيب,قرار تعقيبي عدد 84177 بتاريخ 10 مارس 2020 صادر عن الدائرة الثامنة والعشرون برئاسة السيد المنصف الحاج علي وعضوية المستشارين السيدين صلاح الشيحاوي ومحمد رؤوف اليوسفي وبمحضر ممثل الإدعاء العام السيد بديع الحكيم وبمساعدة كاتب الجلسة السيد أحمد عبيد.,2020,368,369,,3069,,,,,,digests/txt/2020-132.txt,,,
2020-139,digest,90885,,2020-03-10,2020,03,محكمة التعقيب,تونس,دائرة,27,عادل الاندلسي,,بلقاسم كعوان؛محمد بن مفتاح,2,3,هندة الكتاري,,,,جزائي,,,17-2-11 مفهوم المستندات الواقعية والقانونية للحكم,قرار تعقيبي عدد 90885 بتاريخ 10 مارس 2020 صادر عن عن الدائرة السابعة والعشرون برئاسة السيد عادل الأندلسي وعضوية المستشارين السيدين بلقاسم كعوان ومحمد بن مفتاح وبمحضر المدعي العام السيدة هندة الكتاري وبمساعدة كاتبة المحكمة السيدة سميرة بوشوشة.,2020,377,378,,1760,,,,,,digests/txt/2020-139.txt,,,
2020-164,digest,91556,,2020-03-10,2020,03,محكمة التعقيب,تونس,دائرة,27,عادل الاندلسي,,بلقاسم كعوان؛محمد بن مفتاح,2,3,هندة الكتاري,,,,تجاري,,,2-31-2-11 مستشاريْ الطفولة لا يكتسبان صفة القاضي ولا تنسحب عليهما أسباب التجريح,قرار تعقيبي عدد 91556 بتاريخ 10 مارس 2020 صادر عن الدائرة السابعة والعشرون برئاسة السيد عادل الأندلسي وعضوية المستشارين السيدين بلقاسم كعوان ومحمد بن مفتاح وبمحضر المدعي العام السيدة هندة الكتاري وبمساعدة كاتبة المحكمة السيدة سميرة بوشوشة.,2020,401,401,,1195,,,,,,digests/txt/2020-164.txt,,,
2020-045,digest,77190/75203,,2020-03-11,2020,03,محكمة التعقيب,تونس,دائرة,4,منصف الكشو,,نجوى الغربي؛محمد معز العروسي,2,3,حسن بالحاج عبد الله,,,,تجاري,,,3-6-5 الطعن بالاستئناف في حكم التسوية-تاريخ التوقف عن الدفع-المنع من التسيير,قرار تعقيبي عدد ـ77190/75203/75195/75194/75193.2019 بتاريخ 11 مارس 2020 صادر عن الدائرة المدنية الرابعة برئاسة السيد السيد منصف الكشو وعضوية المستشارين السيدة نجوى الغربي والسيد محمد معز العروسي وبمحضر المدعي العام السيد حسن بالحاج عبد الله وبمساعدة كاتبة,2020,221,227,,10687,,,,,,digests/txt/2020-045.txt,,,
2020-167,digest,01210,,2020-03-11,2020,03,محكمة التعقيب,تونس,دائرة,14,محمد عماد بن عبد الجليل,,العقيد قاضي نورة الامام؛كمال بوكثير,2,3,عادل الغالي,,المحكمة الابتدائية ببنزرت,بنزرت,جزائي,,,,قرار تعقيبي عدد01210 بتاريخ 11 مارس 2020 صادر عن عن الدائرة الرابعة عشر برئاسة السيد محمد عماد بن عبد الجليل وعضوية المستشارين السيدين العقيد قاضي نورة الامام وكمال بوكثير وبمحضر المدعي العمومي السيد عادل الغالي وبمساعدة كاتبة المحكمة السيدة سميرة بوشوشة,2020,404,406,,3221,,,,,,digests/txt/2020-167.txt,,,
2020-169,digest,91239/91114,,2020-03-11,2020,03,محكمة التعقيب,تونس,,,,,,0,0,,,,,جزائي,,,1-33-2-11 قرار فتح البحث على كل من عسى أن يكشف عنه البحث يُطلق يد حاكم التحقيق في استنطاق كل من تكشف عنه الأبحاث دون رجوع إلى النيابة,قرار تعقيبي عدد 91239-91114-91110 بتاريخ 11 مارس 2020 صادر,2020,407,408,,989,,,,,,digests/txt/2020-169.txt,,,
2020-084,digest,,,2020-03-13,2020,03,محكمة التعقيب,تونس,دائرة,17,,,,0,0,عادل الدريسي,سميرة بوشوشة,,,تجاري,,,11-1-11 عقد الشركة ليس من عقود الأمانة - انطباق مجلة الشركات التجارية,قرار تعقيبي عدد بتاريخ 13 مارس 2020 صادر عن عن الدائرة السابعة عشر برئاسة السيدة روضة أوبيش ومستشاريها السيدتين مفيدة المداني ونائلة العباسي وبمحضر المدعي العام السيد عادل الدريسي وبمساعدة كاتبة الجلسة السيدة سميرة بوشوشة.,2020,302,303,,1290,,,,,,digests/txt/2020-084.txt,,,
2020-085,digest,87205,,2020-03-13,2020,03,محكمة التعقيب,تونس,دائرة,15,جلال الدين بوكتيف,,عدنان الهاني؛امال عاشور,2,3,انيس ضيف الله,نجلاء الهمامي,,,جزائي,,,12-1-11جريمة القتل 1-12-1-11 قتل نفس بشرية عمدا مع سابقية القصد - القصد الجنائي العام والقصد الجنائي الخاص,قرار تعقيبي عدد 87205 بتاريخ 13 مارس 2020 صادر عن عن الدائرة الخامسة عشر برئاسة السيد جلال الدين بوكتيف وعضوية المستشارين السيدين عدنان الهاني وأمال عاشور وبمحضر المدعي العام السيد أنيس ضيف الله وبمساعدة كاتبة الجلسة السيدة نجلاء الهمامي.,2020,303,304,,2045,,,,,,digests/txt/2020-085.txt,,,
2020-159,digest,92455,,2020-03-13,2020,03,محكمة التعقيب,تونس,دائرة,,,,,0,0,,قضية ذات صبغة ارهابية,,,جزائي,,,3-29-2-11 تضمين الضابطة العدلية بالمحضر تكييفا للإفعال غير ملزم ولا تأثير له على سلامة المحضر,قرار تعقيبي عدد 92455 بتاريخ 13 مارس 2020 صادر عن عن الدائرة ... برئاسة السيد ... وعضوية المستشارتين السيدتين ... بحضور المدعي العام السيد .. وبمساعدة كاتبة الجلسة السيدة ... (قضية ذات صبغة إرهابية).,2020,396,397,,1232,,,,,,digests/txt/2020-159.txt,,,
2020-111,digest,40149/10482,,2020-03-18,2020,03,محكمة التعقيب,تونس,,,,,,0,0,,,,,جزائي,,,3-2-11 الدعوى العمومية 1-3-2-11 مفهوم إثارة الدعوى العمومية,قرار تعقيبي عدد 40149-10482-10021 بتاريخ 18 مارس 2020 صادر,2020,339,340,,1742,,,,,,digests/txt/2020-111.txt,,,
2020-117,digest,84956,,2020-03-18,2020,03,محكمة التعقيب,تونس,دائرة,14,محمد عماد بن عبد الجليل,,البشير العياري,1,2,سفيان بوزيد,عائدة الهمامي,,,جزائي,,,3-4-2-11 تجاوز المدة القصوى للإيقاف التحفظي يحتم الإفراج الوجوبي,قرار تعقيبي عدد 84956 بتاريخ 18 مارس 2020 صادر عن الدائرة الرابعة عشر برئاسة السيد محمد عماد بن عبد الجليل وعضوية مستشاريها السيدين القاضي مقدم رفيق بن إبراهيم والبشير العياري وبمحضر المدعي العام السيد سفيان بوزيد ومساعدة كاتبة الجلسة السيدة عائدة الهمامي.,2020,347,348,,2617,,,,,,digests/txt/2020-117.txt,,,
2020-127,digest,93259,,2020-03-18,2020,03,محكمة التعقيب,تونس,دائرة,9,عبد المجيد بوريقة,,منذر الهذيلي؛توفيق السويدي,2,3,رياض الغربي,جلال الدين العنتير,,,جزائي,,,11-2-11 الطعن بالتعقيب 1-11-2-11 التنصيص المنسوب لممثل النيابة العمومية على ظهر الملف في إشارة إلى تعقيب الحكم لا يمثل طعنا قانونيا طالما لم يقع تلقيه من كاتب المحكمة-قرار الضمّ غير قابل للتعقيب,قرار تعقيبي عدد 93259 بتاريخ 18 مارس 2020 صادر عن عن الدائرة التاسعة برئاسة السيد عبد المجيد بوريقة وعضوية المستشارين السيدين منذر الهذيلي وتوفيق السويدي بمحضر المدعي العام السيد رياض الغربي وبمساعدة كاتب الجلسة السيد جلال الدين العنتير.,2020,361,363,,3249,,,,,,digests/txt/2020-127.txt,,,
2020-160,digest,92303,,2020-03-27,2020,03,محكمة التعقيب,تونس,دائرة,17,,,,0,0,عبد الحميد بن غانم,عائدة الهمامي,,,جزائي,,,30-2-11 الإعتراض على الحكم الغيابي 1-30-2-11 قبول الإعتراض شكلا دون التوقف على الإدلاء ببطاقة التعريف الوطنية,قرار تعقيبي عدد 92303 بتاريخ 27 مارس 2020 صادر عن الدائرة السابعة عشر برئاسة السيدة روضة أوبيش ومستشاريها السيدين مفيدة المداني ومروان التليلي وبمحضر المدعي العام السيد عبد الحميد بن غانم وبمساعدة كاتبة الجلسة السيدة عائدة الهمامي.,2020,397,398,,1562,,,,,,digests/txt/2020-160.txt,,,
2020-048,digest,2020,2075,2020-05-05,2020,05,محكمة التعقيب,تونس,دائرة,,نجوى الملولي,,مكرم الخذري؛مشكاة سلامة,2,3,فيروز العباسي,عائدة الهمامي,محكمة الاستئناف بنابل,نابل,جزائي,,,6-6-5 إبطال برنامج الإنقاذ يفتح إمكانية إحالة المؤسسة للغير,قرار تعقيبي عدد2020. 20759 بتاريخ 05 ماي 2020 صادر عن الدائرة المدنية برئاسة السيدة نجوى الملولي وعضوية المستشارين السيدين مكرم الخذري ومشكاة سلامة وبمحضر المدعي العام السيدة فيروز العباسي وبمساعدة كاتبة الجلسة السيدة عائدة الهمامي.,2020,231,234,,5006,,,,,,digests/txt/2020-048.txt,,,
2020-155,digest,90712,,2020-05-08,2020,05,محكمة التعقيب,تونس,دائرة,11,ماجدة بن غربية,,عماد الدغاري؛محمد العفيف الجعيدي,2,3,فوزية القمري,امال بن نصر,,,جزائي,,,2-27-2-11 تمايز المسار الإجرائي للقضيتين يحول دون ضمهما,قرار تعقيبي عدد 90712 بتاريخ 8 ماي 2020 صادر عن الدائرة الحادية عشر برئاسة السيدة ماجدة بن غربية وعضوية المستشارين السيدين عماد الدغاري ومحمد العفيف الجعيدي بمحضر المدعي العام السيدة فوزية القمري وبمساعدة كاتبة الجلسة السيدة آمال بن نصر.,2020,391,392,,1077,,,,,,digests/txt/2020-155.txt,,,
2020-171,digest,95323,,2020-05-08,2020,05,محكمة التعقيب,تونس,دائرة,34,كمال دويك,,اسيا الفرشيشي؛زينب لغلوغ,2,3,محمد الزواوي,عائدة برقاوي,,,جزائي,,,3-33-2-11 صيغة تسجيل استئناف النيابة العمومية لقرار ختم البحث,قرار تعقيبي عدد 95323 بتاريخ 8 ماي 2020 صادر عن الدائرة الرابعة والثلاثون برئاسة السيد كمال دويك وعضوية المستشارين السيدين آسيا الفرشيشي وزينب لغلوغ بحضور المدعي العام السيد محمد الزواوي وبمساعدة كاتبة الجلسة السيدة عائدة برقاوي.,2020,410,411,,1249,,,,,,digests/txt/2020-171.txt,,,
2020-071,digest,21073,,2020-05-09,2020,05,محكمة التعقيب,تونس,دائرة,,نجوى الملولي,,مكرم الخذري؛مشكاة سلامة,2,3,فيروز العباسي,عائدة الهمامي,,,مدني,,,2-9 المطالبة إستعجاليا بحق مرور يحول دون انطباق الفصل 13 من مرسوم 1964 المتعلق بإختصاص المحكمة العقارية لتعلقه بالنزاعات الأصلية دون الاستعجالية,قرار تعقيبي عدد 21073 بتاريخ 09 ماي 2020 صادر عن الدائرة المدنية برئاسة السيدة نجوى الملولي وعضوية المستشارين السيدين مكرم الخذري ومشكاة سلامة وبمحضر المدعي العام السيدة فيروز العباسي وبمساعدة كاتبة الجلسة السيدة عائدة الهمامي .,2020,281,283,,3847,,,,,,digests/txt/2020-071.txt,,,
2020-150,digest,85163,,2020-05-18,2020,05,محكمة التعقيب,تونس,دائرة,11,ماجدة ين غربية,,محمد العفيف الجعيدي؛عادل الدغاري,2,3,حسن بالحاج عبد الله,امال بنصر,,,جزائي,,,,قرار تعقيبي عدد 85163 بتاريخ 18 ماي 2020 صادر عن الدائرة الحادية عشر برئاسة السيدة ماجدة ين غربية وعضوية المستشارين السيدين محمد العفيف الجعيدي وعادل الدغاري، ومحضر المدعي العام حسن بالحاج عبد الله وبمساعدة كاتبة الجلسة السيدة آمال بنصر.,2020,385,386,,1735,,,,,,digests/txt/2020-150.txt,,,
2020-151,digest,85399,,2020-05-18,2020,05,محكمة التعقيب,تونس,دائرة,11,ماجدة بن غريبة,,,0,1,حسن بن الحاج عبد الله,امال بن نصر,,,جزائي,,,24-2-11 وصف الحكم غلطا بكونه نهائي,قرار تعقيبي عدد 85399 بتاريخ 18 ماي 2020 صادر عن الدائرة الحادية عشر برئاسة السيّدة ماجدة بن غريبة وعضوية مستشارين السيّدين محمد العفيف الجعيدي وعماد الدغاري بمحضر المدّعي العام السيّد حسن بن الحاج عبد الله وبمساعدة كاتبة الجلسة السيّدة أمال بن نصر.,2020,386,387,,1428,,,,,,digests/txt/2020-151.txt,,,
2020-014,digest,70752,,2020-05-19,2020,05,محكمة التعقيب,تونس,دائرة,32,لمياء الحمامي,,راضية المنتصر؛نفيسة العلاني,2,3,توفيق السبعي,عائدة الحلواني,محكمة الاستئناف بالمنستير,المنستير,جزائي,,,3-1-3 الحط من حجة رسمية إلى حجة غير رسمية الكتب المحرر والممضى من عدل إشهاد واحد دون جليس,قرار تعقيبي مدني عدد 70752 بتاريخ 19 ماي 2020 صادر عن الدائرة المدنية الثانية والثلاثين برئاسة السيدة لمياء الحمامي وعضوية المستشارتين السيدتين راضية المنتصر ونفيسة العلاني وبحضور المدعي العام السيد توفيق السبعي وبمساعدة كاتبة الجلسة السيدة عائدة الحلواني.,2020,126,130,,6866,,,,,,digests/txt/2020-014.txt,,,
2020-015,digest,70752,,2020-05-19,2020,05,محكمة التعقيب,تونس,دائرة,16,وسيلة التليلي,,اسيا العياري؛عربية الطويهري,2,3,لطيفة العرفاوي,ليلى الرياحي,,,مدني,,,3 - 3 البيع 1-3-3الفرق بين انتقال الملكية وتسليم المبيع-ضمان الاستحقاق الجزئي,قرار تعقيبي مدني عدد 70752 بتاريخ 19 ماي 2020 صادر عن الدائرة المدنية السادسة عشر برئاسة السيدة وسيلة التليلي وعضوية المستشارتين السيدتين آسيا العياري وعربية الطويهري وبحضور المدعي العام السيدة لطيفة العرفاوي وبمساعدة كاتبة الجلسة السيدة ليلى الرياحي.,2020,130,131,,2496,,,,,,digests/txt/2020-015.txt,,2020-014,repeat_of:2020-014
2020-161,digest,11934,,2020-05-19,2020,05,محكمة التعقيب,تونس,دائرة,5,جلال الدين بوكتيف,,عدنان الهاني؛امال عاشور,2,3,,,,,جزائي,,,2-30-2-11 امكانية تقديم مطلب الإعتراض من المحامي وإعلام موكله بتاريخ الجلسة الإعتراضية,قرار تعقيبي عدد 11934 بتاريخ 19 ماي 2020 صادر عن عن الدائرة الخامسة برئاسة السيد جلال الدين بوكتيف وعضوية المستشارين السيدين عدنان الهاني وآمال عاشور وبمحضر المدعي العام السيد أنيس ضيف الله وكاتبة المحكمة السيدة منيرة المانعي.,2020,398,399,,1698,,,,,,digests/txt/2020-161.txt,,,
2020-165,digest,177,,2020-05-19,2020,05,محكمة التعقيب,تونس,دائرة,12,منيرة النحالي,,محمد بن منصور؛سلوى التميمي,2,3,نبيل غرس الله,توفيق المناصري,,,جزائي,,,3-31-2-11 طعن لمصلحة القانون - حرمان الطفل من مقتضيات مجلة حماية الطفل,قرار تعقيبي عدد 177 بتاريخ 19 ماي 2020 صادر عن عن الدائرة الثانية عشر برئاسة السيدة منيرة النحالي وعضوية المستشارين السيدين محمد بن منصور وسلوى التميمي بحضور المدعي العام السيد نبيل غرس الله وبمساعدة كاتب الجلسة السيد توفيق المناصري.,2020,402,402,,1566,,,,,,digests/txt/2020-165.txt,,,
2020-012,digest,71369,,2020-05-26,2020,05,محكمة التعقيب,تونس,دائرة,32,لمياء الحمامي,,راضية المنتصر؛نفيسة العلاني,2,3,توفيق السبعي,عائدة الحلواني,,,مدني,,,2-2-3 إلتزام الأمي 1-2-2-3 تحرير محضر تلاوة على معنى الفصل 378 من مجلة الحقوق العينية,قرار تعقيبي مدني عدد 71369 بتاريخ 26 ماي 2020 صادر عن الدائرة المدنية الثانية والثلاثين برئاسة السيدة لمياء الحمامي وعضوية المستشارتين السيدتين راضية المنتصر ونفيسة العلاني وبحضور المدعي العام السيد توفيق السبعي وبمساعدة كاتبة الجلسة السيدة عائدة الحلواني.,2020,121,124,,4589,,,,,,digests/txt/2020-012.txt,,,
2020-070,digest,22331,,2020-05-26,2020,05,محكمة التعقيب,تونس,دائرة,,نجوى الملولي,,مكرم الخذري؛مشكاة سلامة,2,3,فيروز العباسي,عائدة الهمامي,محكمة الاستئناف بنابل,نابل,مدني,,,- 9 إستعجالي 1-9 خروج المطالبة بالزيادة الإتفاقية لمعينات الكراء عن إختصاص القاضي الإستعجالي,قرار تعقيبي عدد 22331 بتاريخ 26 ماي 2020 صادر عن الدائرة المدنية برئاسة السيدة نجوى الملولي وعضوية المستشارين السيدين مكرم الخذري ومشكاة سلامة وبمحضر المدعي العام السيدة فيروز العباسي وبمساعدة كاتبة الجلسة السيدة عائدة الهمامي.,2020,279,281,,3697,,,,,,digests/txt/2020-070.txt,,,
2020-101,digest,79965,,2020-06-01,2020,06,محكمة التعقيب,تونس,دائرة,13,روضة اوبيش,,زهير الحسني؛شفيقة الحجلاوي,2,3,,هاجر السلطاني,,,جزائي,,,2-22-1-11 إصدار صك بدون رصيد جريمة شكلية لا تحجب الحق في محاكمة عادلة,قرار تعقيبي عدد 79965 بتاريخ 1 جوان 2020 صادر عن الدائرة الثالثة عشر برئاسة السيدة روضة أوبيش وعضوية المستشارين السيد زهير الحسني والسيدة شفيقة الحجلاوي وبحضور ممثل النيابة العمومية السيد عبد الحميد غانم وبمساعدة كاتبة الجلسة السيدة هاجر السلطاني.,2020,325,326,,1533,,,,,,digests/txt/2020-101.txt,,,
2020-040,digest,71328,,2020-06-02,2020,06,محكمة التعقيب,تونس,دائرة,32,لمياء الحمامي,,راضية المنتصر؛نفيسة العلاني,2,3,توفيق السبعي,عائدة الحلواني,,,مدني,,,4-5 تجارة بحرية 1-4-5 الخطأ غير المغتفر لربان السفينة في المجال البحري,قرار تعقيبي مدني عدد 71328 بتاريخ 02 جوان 2020 صادر عن الدائرة المدنية الثانية والثلاثين برئاسة السيدة لمياء الحمامي وعضوية المستشارتين السيدتين راضية المنتصر ونفيسة العلاني وبحضور المدعي العام السيد توفيق السبعي وبمساعدة كاتبة الجلسة السيدة عائدة الحلواني.,2020,188,191,,6034,,,,,,digests/txt/2020-040.txt,,,
2020-077,digest,84595,,2020-06-02,2020,06,محكمة التعقيب,تونس,دائرة,28,المنصف بلحاج,,صلاح الشيحاوي؛ريم دفدوف,2,3,,احمد عبيد,,,جزائي,,,4-1-11 عدم الإمتثال لما أمرت به القوانين الصادرة ممن له النظر,قرار تعقيبي عدد 84595 بتاريخ 02 جوان 2020 عن الدائرة الجزائية الثامنة والعشرون برئاسة السيد المنصف بلحاج وعضوية المستشارين السيدين صلاح الشيحاوي وريم دفدوف وبمحضر الادعاء العام السيد بديع الحكيم وبمساعدة كاتب الجلسة السيد أحمد عبيد.,2020,293,293,,944,,,,,,digests/txt/2020-077.txt,,,
2020-078,digest,84903/84902,,2020-06-02,2020,06,محكمة التعقيب,تونس,دائرة,26,منجي شلغوم,,عبد القادر غزال؛حمادي الرحماني,2,3,,هاجر السلطاني,,,جزائي,,,5-1-11 جريمة تعطيل المرفق القضائي لا تقتضي أن يثير القاضي أي تتبع جزائي,قرار تعقيبي عدد84903-84902 بتاريخ 02 جوان 2020 صادر عن الدائرة السادسة والعشرون برئاسة السيد منجي شلغوم وعضوية المستشارين السيدين عبد القادر غزال وحمادي الرحماني وبمحضر الادعاء العام السيد عبد الرحمان ببن الحاج جلول وبمساعدة كاتبة الجلسة السيدة هاجر السلطاني.,2020,293,296,,4897,,,,,,digests/txt/2020-078.txt,,,
2020-113,digest,84301,,2020-06-02,2020,06,محكمة التعقيب,تونس,دائرة,28,المنصف بلحاج,,صلاح الشيحاوي؛ريم دفدوف,2,3,,احمد عبيد,,,جزائي,,,3-3-2-11 تاريخ إحالة إدارة الديوانة لمحضر البحث المصحوب بطلباتها المالية هو تاريخ إثارة الدعوى العمومية وليس تاريخ قرار إحالة النيابة العمومية.,قرار تعقيبي عدد 84301 بتاريخ 02 جوان 2020 صادر عن الدائرة الجزائية الثامنة والعشرون برئاسة السيد المنصف بلحاج وعضوية المستشارين السيدين صلاح الشيحاوي وريم دفدوف وبمحضر الادعاء العام السيد بديع الحكيم وبمساعدة كاتب الجلسة السيد أحمد عبيد.,2020,342,344,,3189,,,,,,digests/txt/2020-113.txt,,,
2020-157,digest,85545,,2020-06-02,2020,06,محكمة التعقيب,تونس,دائرة,35,ليلى الذويبي,,كوثر الشريفي؛نورة البكوش,2,3,سفيان بوزيد,امال بن نصر,,,جزائي,,,29-2-11 البطلان الإجرائي 1-29-2-11 بطلان محضر الإحتفاظ لا يشمل آثاره باقي الأعمال,قرار تعقيبي عدد 85545 بتاريخ 2 جوان 2020 صادر عن الدائرة الجزائية الخامسة والثلاثين برئاسة السيدة ليلى الذويبي وعضوية مستشاريها السيدتين كوثر الشريفي ونورة البكوش وبمحضر المدعي العام السيد سفيان بوزيد وبمساعدة كاتبة الجلسة السيدة أمال بن نصر.,2020,395,395,,1361,,,,,,digests/txt/2020-157.txt,,,
2020-158,digest,85541,,2020-06-02,2020,06,محكمة التعقيب,تونس,دائرة,35,ليلى الذويبي,,كوثر الشريفي؛مرزقة جماعة,2,3,سفيان بوزيد,امال بن نصر,,,جزائي,,,2-29-2-11 تصحيح محكمة الإستئناف للبطلان والحكم في الأصل,قرار تعقيبي عدد 85541 بتاريخ 2 جوان 2020 صادر عن الدائرة الخامسة والثلاثين برئاسة السيدة ليلى الذويبي وعضوية مستشاريها السيدتين كوثر الشريفي ومرزقة جماعة وبمحضر المدعي العام السيد سفيان بوزيد وبمساعدة كاتبة الجلسة السيدة أمال بن نصر.,2020,395,396,,1581,,,,,,digests/txt/2020-158.txt,,,
2020-107,digest,95683,,2020-06-03,2020,06,محكمة التعقيب,تونس,دائرة,14,محمد عماد بن عبد الجليل,,العقيد قاضي نورة الامام؛كمال بوكثير,2,3,عادل الغالي,,,,جزائي,,,27-1-11 التّدوينة بشبكة التواصل الاجتماعي لا يُخوّل للعموم الاطلاع عليها,قرار تعقيبي عدد 95683 بتاريخ 3 جوان 2020 صادر عن الدّائرة الرابعة عشر برئاسة السيد محمد عماد بن عبد الجليل وعضوية المستشارين السيدين العقيد قاضي نورة الامام وكمال بوكثير وبمحضر المدعي العام السيد عادل الغالي ومساعدة كاتبة المحكمة السيدة سميرة بوشوشة.,2020,331,332,,1420,,,,,,digests/txt/2020-107.txt,,,
2020-109,digest,97577,,2020-06-03,2020,06,محكمة التعقيب,تونس,دائرة,9,عبد المجيد بوريقة,,منذر الهذيلي؛توفيق السويدي,2,3,رياض الغربي,منيرة المانعي,,,جزائي,,,2-11 إجراءات جزائيّة 1-2-11 النقل الحرفي لأسانيد الحكم الإبتدائي يُخلّ بمبدأ التقاضي على درجتين وبمبدأ المحاكمة العادلة,قرار تعقيبي عدد 97577 بتاريخ 3 جوان 2020 صادر عن الدائرة التاسعة برئاسة السيد عبد المجيد بوريقة وعضوية المستشارين السيدين منذر الهذيلي وتوفيق السويدي بمحضر المدعي العام السيد رياض الغربي وبمساعدة كاتبة الجلسة السيدة منيرة المانعي.,2020,333,335,,3672,,,,,,digests/txt/2020-109.txt,,,
2020-128,digest,93260,,2020-06-03,2020,06,محكمة التعقيب,تونس,دائرة,9,عبد المجيد بوريقة,,منذر الهذيلي؛توفيق السويدي,2,3,رياض الغربي,جلال الدين العنتير,,,جزائي,,,,قرار تعقيبي عدد 93260 بتاريخ 3 جوان 2020 صادر عن عن الدائرة التاسعة برئاسة السيد عبد المجيد بوريقة وعضوية المستشارين السيدين منذر الهذيلي وتوفيق السويدي بمحضر المدعي العام السيد رياض الغربي وبمساعدة كاتب الجلسة السيد جلال الدين العنتير.,2020,363,364,,3088,,,,,,digests/txt/2020-128.txt,,,
2020-097,digest,84742,,2020-06-08,2020,06,محكمة التعقيب,تونس,دائرة,11,ماجدة بن غربية,,محمد العفيف الجعيدي؛عماد الدغاري,2,3,فوزية قمري,امال بن نصر,,,جزائي,,,19-1-11 جريمة الإستيلاء عن سوء قصد على شيء وصل إليه غلطا أو بالمصادفة - الفرق بينها وبين الإستيلاء على لقطة,قرار تعقيبي عدد 84742 بتاريخ 8 جوان 2020 صادر عن الدائرة الحادية عشرة برئاسة السيدة ماجدة بن غربية وعضوية المستشارين السيدين محمد العفيف الجعيدي وعماد الدغاري وبمحضر المدعي العام السيدة فوزية قمري وبمساعدة كاتبة الجلسة السيدة أمال بن نصر.,2020,319,321,,3839,,,,,,digests/txt/2020-097.txt,,,
2020-068,digest,69931,,2020-06-09,2020,06,محكمة التعقيب,تونس,دائرة,32,لمياء الحمامي,,راضية المنتصر؛نفيسة العلاني,2,3,توفيق السبعي,عائدة الحلواني,,,مدني,,,- 8 الـعقـل 1-8 العقلة العقارية 1-1-8 امكانية تسجيل اعتراض من جديد في بتة جديدة بموجب النكول,قرار تعقيبي مدني عدد 69931 بتاريخ 9 جوان 2020 صادر عن الدائرة المدنية الثانية والثلاثين برئاسة السيدة لمياء الحمامي وعضوية المستشارتين السيدتين راضية المنتصر ونفيسة العلاني وبحضور المدعي العام السيد توفيق السبعي وبمساعدة كاتبة الجلسة السيدة عائدة الحلواني.,2020,275,277,,2436,,,,,,digests/txt/2020-068.txt,,,
2020-094,digest,10752,,2020-06-09,2020,06,محكمة التعقيب,تونس,,,,,,0,0,,,,,جزائي,,,17-1-11 تعاطي تجارة المشروبات الكحولية المعدة للحمل بدون رخصة 1-17-1-11 الحجز الفعلي يشمل البضاعة فقط دون وسيلة النقل,قرار تعقيبي عدد 10752 بتاريخ 9 جوان 2020 صادر عن بتاريخ 2020/06/09,2020,316,317,,1542,,,,,,digests/txt/2020-094.txt,,,
2020-096,digest,97964,,2020-06-09,2020,06,محكمة التعقيب,تونس,دائرة,35,ليلى الذويبي,,كوثر الشريفي؛نورة البكوش,2,3,سفيان بوزيد,امال بن نصر,,,جزائي,,,18-1-11 جريمة الإدعاء بالباطل,قرار تعقيبي عدد 97964 بتاريخ 9 جوان 2020 صادر عن الدائرة الجزائية الخامسة والثلاثين برئاسة السيدة ليلى الذويبي وعضوية مستشاريها السيدتين كوثر الشريفي ونورة البكوش وبمحضر المدعي العام السيد سفيان بوزيد وبمساعدة كاتبة الجلسة السيدة أمال بن نصر.,2020,318,319,,1997,,,,,,digests/txt/2020-096.txt,,,
2020-044,digest,2019,,2020-06-10,2020,06,محكمة التعقيب,تونس,دائرة,4,منصف الكشو,,نجوى الغربي؛محمد معز العروسي,2,3,حسن بالحاج عبد الله,عائدة اسكندر,,,تجاري,,,2-6-5 جواز أن يكون ممثل الدائنين مراقبا للتنفيذ,قرار تعقيبي عدد 2019.82353 بتاريخ 10 جوان 2020 صادر عن الدائرة المدنية الرابعة برئاسة السيد السيد منصف الكشو وعضوية المستشارين السيدة نجوى الغربي والسيد محمد معز العروسي وبمحضر المدعي العام السيد حسن بالحاج عبد الله وبمساعدة كاتبة الجلسة السيدة عائدة اسكندر.,2020,220,221,,2046,,,,,,digests/txt/2020-044.txt,,,
2020-046,digest,2019,,2020-06-10,2020,06,محكمة التعقيب,تونس,دائرة,4,منصف الكشو,,نجوى الغربي؛محمد معز العروسي,2,3,حسن بالحاج عبد الله,عائدة اسكندر,,,مدني,,,4-6-5 جواز تعديل الفوائض المشطة للتوازن بين الإلتزامات المحمولة على المؤسسة المدنية الخاضعة للتسوية,قرار تعقيبي عدد 2019.82353 بتاريخ 10 جوان 2020 صادر عن الدائرة المدنية الرابعة برئاسة السيد السيد منصف الكشو وعضوية المستشارين السيدة نجوى الغربي والسيد محمد معز العروسي وبمحضر المدعي العام السيد حسن بالحاج عبد الله وبمساعدة كاتبة الجلسة السيدة عائدة اسكندر.,2020,227,228,,1975,,,,,,digests/txt/2020-046.txt,,2020-044,repeat_of:2020-044
2020-042,digest,20120,2020,2020-06-16,2020,06,محكمة التعقيب,تونس,دائرة,,نجوى الملولي,,مكرم الخذري؛مشكاة سلامة,2,3,فيروز العباسي,عائدة الهمامي,,,مدني,,,2-5-5 الكف والمنع عن استعمال وإستغلال علامة تجارية- مدة إستغلال العلامة,قرار تعقيبي عدد20120.2020 بتاريخ 16 جوان 2020 صادر عن الدائرة المدنية برئاسة السيدة نجوى الملولي وعضوية المستشارين السيدين مكرم الخذري ومشكاة سلامة وبمحضر المدعي العام السيدة فيروز العباسي وبمساعدة كاتبة الجلسة السيدة عائدة الهمامي .,2020,204,211,,13173,,,,,,digests/txt/2020-042.txt,,,
2020-036,digest,20140,2020,2020-06-23,2020,06,محكمة التعقيب,تونس,دائرة,,نجوى الملولي,,مكرم الخذري؛مشكاة سلامة,2,3,فيروز العباسي,عائدة الهمامي,محكمة الاستئناف بتونس,تونس,تجاري,,,2-5 كراء تجاري.............................................................. 1-2-5 امتداد دعوى الخروج ان لم يدفع للمكرى التجاري دون الحاجة لتنبيه تجاري على معنى الفصل 23 من قانون 1977,قرار تعقيبي عدد 20140.2020 بتاريخ 23 جوان2020 صادر عن الدائرة المدنية برئاسة السيدة نجوى الملولي وعضوية المستشارين السيدين مكرم الخذري ومشكاة سلامة وبمحضر المدعي العام السيدة فيروز العباسي وبمساعدة كاتبة الجلسة السيدة عائدة الهمامي .,2020,177,181,,8265,,,,,,digests/txt/2020-036.txt,,,
2020-049,digest,20140,2020,2020-06-23,2020,06,محكمة التعقيب,تونس,دائرة,,نجوى الملولي,,مكرم الخذري؛مشكاة سلامة,2,3,فيروز العباسي,عائدة الهمامي,,,مدني,,,7 - 5 بنكي 1--5-7 تأويل وتكييف شروط انقضاء الضمان البنكي يخرج النزاع عن أنظار القاضي الاستعجالي,قرار تعقيبي عدد 20140.2020 بتاريخ 23 جوان2020 صادر عن الدائرة المدنية برئاسة السيدة نجوى الملولي وعضوية المستشارين السيدين مكرم الخذري ومشكاة سلامة وبمحضر المدعي العام السيدة فيروز العباسي وبمساعدة كاتبة الجلسة السيدة عائدة الهمامي.,2020,234,237,,5466,,,,,,digests/txt/2020-049.txt,,2020-036,repeat_of:2020-036
87861,full_text,87861,,2020-06-23,2020,06,محكمة التعقيب,تونس,دائرة,26,المنجي شلغوم,,ابراهيم الحرباوي؛حمادي الرحماني,2,3,عبد الرحمان بن الحاج جلول,هاجر السلطانى,المحكمة الابتدائية بالمنستير,المنستير,جزائي,نقض؛إحالة؛قبول,قرار تعقيبي عدد 87861 بتاريخ 23-06-2020عدم دفع مال النفقة-الإعلام بحكم النفقة يجب أن يكون قانونيا لا فعليا,,,,,,2,4410,ocr,0.438,http://www.cassation.tn/fileadmin/user_upload/87861.pdf,83ecda20f4e2da9c791b42f5d57c3ae5e300b17746879eb95073709320bc22a9,decisions/pdf/87861.pdf,decisions/txt/87861.txt,,,
2020-136,digest,97846,,2020-06-24,2020,06,محكمة التعقيب,تونس,دائرة,9,عبد المجيد بوريقة,,منذر الهذيلي؛توفيق السويدي,2,3,رياض الغربي,منيرة المانعي,,,جزائي,,,14-2-11 التمييز بين محضر الحجز ومحضر ضبط الوزن وبيان نوع المادة المحجوزة,قرار تعقيبي عدد 97846 بتاريخ 24 جوان 2020 صادر عن عن الدائرة التاسعة برئاسة السيد عبد المجيد بوريقة وعضوية المستشارين السيدين منذر الهذيلي وتوفيق السويدي بمحضر المدعي العام السيد رياض الغربي وبمساعدة كاتبة الجلسة السيدة منيرة المانعي.,2020,373,375,,4058,,,,,,digests/txt/2020-136.txt,,,
2020-007,digest,75417,,2020-06-29,2020,06,محكمة التعقيب,تونس,دائرة,1,البشير المطوي,,مريم البكوش؛عربية الطويهري,2,3,رفيق الحداد,سنية عبداوي,محكمة الاستئناف بالكاف,الكاف,شغل,,,5-1 التمييز بين مؤسستي الحضانة والتقديم على القاصر,قرار تعقيبي عدد 75417 بتاريخ 29 جوان 2020 صادر عن الدائرة المدنية الأولى برئاسة السيد البشير المطوي وعضوية المستشارين السيدين مريم البكوش وعربية الطويهري وبمحضر المدعي العام السيد رفيق الحداد وبمساعدة كاتبة الجلسة السيدة سنية عبداوي.,2020,91,116,,43435,,,,,,digests/txt/2020-007.txt,,,
2020-152,digest,90420,,2020-06-30,2020,06,محكمة التعقيب,تونس,دائرة,,,,عادل بوصفارة؛هناء سحنون,2,2,لمياء بن اسماعيل,جلال العنتير,,,جزائي,,,25-2-11 رجوع في التعقيب 1-25-2-11 طلب الرجوع في مطلب الرجوع في التّعقيب,قرار تعقيبي عدد 90420 بتاريخ 30 جوان 2020 صادر عن الدائرة العشرين برئاسة السيد المنذر اللومي المستشارين السيدين عادل بوصفارة وهناء سحنون بمحضر المدعي العام السيدة لمياء بن اسماعيل وبمساعدة كاتب الجلسة السيد جلال العنتير.,2020,387,388,,2279,,,,,,digests/txt/2020-152.txt,,,
86968,full_text,86968,,2020-06-30,2020,06,محكمة التعقيب,تونس,دائرة,26,المنجي شلغوم,,عبد القادر غزال,1,2,عبد الرحمان بن الحاج جلول,هاجر السلطاني,محكمة الاستئناف بنابل,نابل,جزائي,رفض؛قبول,قرار تعقيبي عدد 86968 بتاريخ 30-06-2020ركن الإضمار في جريمة الإعتداء بالعنف الشديد المضمر,,,,,,3,5324,ocr,0.523,http://www.cassation.tn/fileadmin/user_upload/86968.pdf,60b501766f99da2682b864db529218609904f71e454e0d9dedd2bf751cd6bc2b,decisions/pdf/86968.pdf,decisions/txt/86968.txt,,,
88085,full_text,88085,,2020-06-30,2020,06,محكمة التعقيب,تونس,دائرة,26,المنجي شلغوم,,عبد القادر غزال؛حمادي الرحماني,2,3,عبد الرحمان بن الحاج جلول,هاجر السلطاني,محكمة الاستئناف بالكاف,الكاف,جزائي,نقض؛إحالة؛قبول,قرار تعقيبي عدد 88085 بتاريخ 30-06-2020الإثبات الحر في المادة الجزائية مشروط بموازنة جميع قرائن الإدانة والبراءة,,,,,,2,3609,ocr,0.619,http://www.cassation.tn/fileadmin/user_upload/88085.pdf,75c111dc3b6a1bbbba8f046ab7343cea8085c6541b61edc7d1690bb941eb66d6,decisions/pdf/88085.pdf,decisions/txt/88085.txt,,,
90873,full_text,90873,,2020-06-30,2020,06,محكمة التعقيب,تونس,دائرة,26,المنجي شلغوم,,عبد القادر غزال؛حمادي الرحماني,2,3,عبد الرحمان بن الحاج جلول,هاجر السلطاني,محكمة الاستئناف بتونس,تونس,جزائي,نقض؛إحالة؛قبول,قرار تعقيبي عدد 90873 بتاريخ 30-06-2020 خلوّ وصف الحكم الإعتراضي بكونه اعتراضي لا تأثير له على صحّته,,,,,,3,5628,ocr,0.531,http://www.cassation.tn/fileadmin/user_upload/90873.pdf,a07967b5b42c63452d84784b9d65fc27522c8d5889ca480b0abd862d9ca364a1,decisions/pdf/90873.pdf,decisions/txt/90873.txt,,,
2019-191,digest,77286,,2020-07-01,2020,07,محكمة التعقيب,تونس,دائرة,,منصف الكشو,,نجلاء المصمودي؛محمد المعز العروسي,2,3,حسن بالحاج عبد االله,عائدة اسكندر,,,تجاري,,,-3-11 طبيعة الاختصاص الدولي للمحاكم التونسية-الاختصاص الممكن في القانون الدولي الخاص-الاختصاص الدولي في عقود التوزيع,قرار تعقيبي عدد 77286 مؤرخ في 2020/07/01 صادر عن الدائرة المدنية والتجارية الرابعة برئاسة السيد منصف الكشو وعضوية المستشارين السيدة نجلاء المصمودي والسيد محمد المعز العروسي وبحضور المدعي العام السيد حسن بالحاج عبد االله وبمساعدة كاتبة الجلسة السيدة عائدة اسكندر.,2019,489,494,,8916,,,,,,digests/txt/2019-191.txt,,,
2020-072,digest,74523,,2020-07-01,2020,07,محكمة التعقيب,تونس,دائرة,4,منصف الكشو,,نجلاء المصمودي؛نجوى الغربي,2,3,حسن بالحاج عبد الله,عائدة اسكندر,محكمة الاستئناف بتونس,تونس,مدني,,,- 10 تحكيم 1-10 عدم التصريح بالحياد والاستقلالية يؤسسان لطلب التجريح في المُحكّم,قرار تعقيبي عدد 74523 بتاريخ 1 جويلية 2020 صادر عن الدائرة المدنية الرابعة برئاسة السيد السيد منصف الكشو وعضوية المستشارين السيدة نجلاء المصمودي والسيدة نجوى الغربي وبمحضر المدعي العام السيد حسن بالحاج عبد الله وبمساعدة كاتبة الجلسة السيدة عائدة اسكندر.,2020,283,286,,4671,,,,,,digests/txt/2020-072.txt,,,
2020-142,digest,99369,,2020-07-01,2020,07,محكمة التعقيب,تونس,دائرة,9,عبد المجيد بوريقة,,منذر الهذيلي؛توفيق السويدي,2,3,رياض الغربي,منيرة المانعي,,,جزائي,,,20-2-11 يجب أن يكون الحكم مكتفيا بذاته لا يضطر من يطّلع عليه إلى الإعتماد على أية وثيقة أخرى خارجة عنه لفهم النزاع ووجه الفصل فيه,قرار تعقيبي عدد 99369 بتاريخ 1 جويلية 2020 صادر عن الدائرة التاسعة برئاسة السيد عبد المجيد بوريقة وعضوية المستشارين السيدين منذر الهذيلي وتوفيق السويدي بمحضر المدعي العام السيد رياض الغربي وبمساعدة كاتب الجلسة السيدة منيرة المانعي.,2020,380,381,,1708,,,,,,digests/txt/2020-142.txt,,,
2020-034,digest,23093,,2020-07-04,2020,07,محكمة التعقيب,تونس,دائرة,32,لمياء الحمامي,,راضية المنتصر؛نفيسة العلاني,2,3,توفيق السبعي,عائدة الحلواني,,,مدني,,,10-4 رفع مضرّة 1-10-4 التطور التشريعي في معالجة مضار الجوار- ثبوت الكشف ولو بفاصل ممر عام لا ينفي المضرة,قرار تعقيبي مدني عدد 23093 بتاريخ 4 جويلية 2020 صادر عن الدائرة المدنية الثانية والثلاثين برئاسة السيدة لمياء الحمامي وعضوية المستشارتين السيدتين راضية المنتصر ونفيسة العلاني وبحضور المدعي العام السيد توفيق السبعي وبمساعدة كاتبة الجلسة السيدة عائدة الحلواني.,2020,171,174,,5658,,,,,,digests/txt/2020-034.txt,,,
2020-035,digest,2088,,2020-07-06,2020,07,محكمة التعقيب,تونس,دائرة,1,البشير المطوي,,مريم البكوش؛عربية الطويهري,2,3,رفيق الحداد,سنية عبداوي,,,مدني,,,- 5 تجاري 1-5 ديون تجارية 1-1-5 حق الدائن في تتبع الكفيل الشخصي المتضامن دون التوقف على ضرورة تتبع مكاسب المدين الأصلي,قرار تعقيبي عدد 2088 بتاريخ 6 جويلية 2020 صادر عن الدائرة المدنية الأولى برئاسة السيد البشير المطوي وعضوية المستشارين السيدين مريم البكوش وعربية الطويهري وبمحضر المدعي العام السيد رفيق الحداد وبمساعدة كاتبة الجلسة السيدة سنية عبداوي .,2020,175,176,,2758,,,,,,digests/txt/2020-035.txt,,,
2020-037,digest,75590,,2020-07-06,2020,07,محكمة التعقيب,تونس,دائرة,4,منصف الكشو,,نجلاء المصمودي؛نجوى الغربي,2,3,حسن بالحاج عبد الله,عائدة اسكندر,,,تجاري,,,2-2-5 اكتساب الحلاق لحق الملكية التجارية بصفته حرفي بقطع النظر عن ممارسته لنشاط تجاري إضافي بالمكرى,قرار تعقيبي عدد 75590 بتاريخ 6 جويلية 2020 صادر عن الدائرة المدنية الرابعة برئاسة السيد السيد منصف الكشو وعضوية المستشارين السيدة نجلاء المصمودي والسيدة نجوى الغربي وبمحضر المدعي العام السيد حسن بالحاج عبد الله وبمساعدة كاتبة الجلسة السيدة عائدة اسكندر.,2020,181,183,,3712,,,,,,digests/txt/2020-037.txt,,,
2020-038,digest,2088,,2020-07-06,2020,07,محكمة التعقيب,تونس,دائرة,1,البشير المطوي,,مريم البكوش؛عربية الطويهري,2,3,رفيق الحداد,سنية عبداوي,,,مدني,,,3-5 شركات تجارية .......................................................... 1-3-5 فقدان الذات المعنوية لكل وجود مادي فهي مجرد افتراض قانوني,قرار تعقيبي عدد 2088 بتاريخ 6 جويلية 2020 صادر عن الدائرة المدنية الأولى برئاسة السيد البشير المطوي وعضوية المستشارين السيدين مريم البكوش وعربية الطويهري وبمحضر المدعي العام السيد رفيق الحداد وبمساعدة كاتبة الجلسة السيدة سنية عبداوي .,2020,183,184,,2054,,,,,,digests/txt/2020-038.txt,,2020-035,repeat_of:2020-035
2020-039,digest,75590,,2020-07-06,2020,07,محكمة التعقيب,تونس,دائرة,4,منصف الكشو,,نجوى الغربي؛محمد معز العروسي,2,3,حسن بالحاج عبد الله,عائدة اسكندر,,,مدني,,,2--3-5 تقنيات خصخصة المؤسسات والمساهمات العمومية التي يمكن للسلطة العمومية إتّباعها إذا ما رغبت في إعادة هيكلة المؤسسة.,قرار تعقيبي عدد 75590 بتاريخ 6 جويلية 2020 صادر عن الدائرة المدنية الرابعة برئاسة السيد السيد منصف الكشو وعضوية المستشارين السيدة نجوى الغربي والسيد محمد معز العروسي وبمحضر المدعي العام السيد حسن بالحاج عبد الله وبمساعدة كاتبة الجلسة السيدة عائدة اسكندر.,2020,185,188,,5651,,,,,,digests/txt/2020-039.txt,,2020-037,repeat_of:2020-037
2020-024,digest,74684,2020,2020-07-07,2020,07,محكمة التعقيب,تونس,دائرة,,نجوى الملولي,,مكرم الخذري؛مشكاة سلامة,2,3,فيروز العباسي,عائدة الهمامي,,,جزائي,,,2-1-8-3 أركان المسؤولية التقصيرية,قرار تعقيبي عدد 74684.2020 بتاريخ 7 جويلية 2020 صادر عن الدائرة المدنية برئاسة السيدة نجوى الملولي وعضوية المستشارين السيدين مكرم الخذري ومشكاة سلامة وبمحضر المدعي العام السيدة فيروز العباسي وبمساعدة كاتبة الجلسة السيدة عائدة الهمامي .,2020,144,147,,4485,,,,,,digests/txt/2020-024.txt,,,
2020-081,digest,,,2020-07-08,2020,07,محكمة التعقيب,تونس,دائرة,14,محمد عماد بن عبد الجليل,,العميد قاضي نورة الامام؛كمال بوكثير,2,3,عادل الغالي,,,,جزائي,,,4-7-1-11 توارد جريمة الاعتداء على الاخلاق الحميدة مع جريمة هضم جانب موظف عمومي بالقول,قرار تعقيبي عدد بتاريخ 8 جويلية 2020 صادر عن الدائرة الرابعة عشر برئاسة السيد محمد عماد بن عبد الجليل وعضوية المستشارين السيدين العميد قاضي نورة الامام وكمال بوكثير وبمحضر المدعي العام السيد عادل الغالي وبمساعدة كاتبة المحكمة السيدة سميرة بوشوشة.,2020,298,299,,1479,,,,,,digests/txt/2020-081.txt,,,
2020-098,digest,94123,,2020-07-08,2020,07,محكمة التعقيب,تونس,دائرة,9,عبد المجيد بوريقة,,منذر الهذيلي؛توفيق السويدي,2,3,رياض الغربي,منيرة المانعي,,,جزائي,,,20-1-11 الإختلاس في السرقة-الإستيلاء على المعطيات المخزنة بالحواسيب يُشكل اختلاسا,قرار تعقيبي عدد 94123 بتاريخ 8 جويلية 2020 صادر عن عن الدائرة التاسعة برئاسة السيد عبد المجيد بوريقة وعضوية المستشارين السيدين منذر الهذيلي وتوفيق السويدي بمحضر المدعي العام السيد رياض الغربي وبمساعدة كاتبة الجلسة السيدة منيرة المانعي.,2020,321,323,,3999,,,,,,digests/txt/2020-098.txt,,,
2020-099,digest,83628,,2020-07-08,2020,07,محكمة التعقيب,تونس,دائرة,14,محمد عماد بن عبد الجليل,,العقيد قاضي ظافر الشتيوي؛كمال بوكثير,2,3,عادل الغالي,,,,جزائي,,,21-1-11 أداء الخدمة الوطنية لا يُحمل إلا على الشبان من جنس الذكور,قرار تعقيبي عدد 83628 بتاريخ 8 جويلية 2020 صادر عن الدائرة الرابعة عشر برئاسة السيد محمد عماد بن عبد الجليل وعضوية المستشارين السيدين العقيد قاضي ظافر الشتيوي وكمال بوكثير بمحضر المدعي العام السيد عادل الغالي ومساعدة كاتبة المحكمة السيدة سميرة بوشوشة.,2020,323,324,,1624,,,,,,digests/txt/2020-099.txt,,,
2020-108,digest,98228,,2020-07-08,2020,07,محكمة التعقيب,تونس,دائرة,4,محمد عماد بن عبد الجليل,,كمال بوكثير,1,2,عادل الغالي,,,,جزائي,,,28-1-11 عدم تسوية الوضعية إزاء قانون الخدمة الوطنية - التقدم التلقائي,قرار تعقيبي عدد 98228 بتاريخ 8 جويلية 2020 صادر عن الدائرة الرابعة برئاسة السيد محمد عماد بن عبد الجليل وعضوية المستشارين السيد ين العميد قاضي نورة الإمام وكمال بوكثير وبمحضر المدعي العام السيد عادل الغالي وبمساعدة كاتبة المحكمة السيدة سميرة بوشوشة .,2020,332,333,,1884,,,,,,digests/txt/2020-108.txt,,,
2020-064,digest,20567,,2020-07-13,2020,07,محكمة التعقيب,تونس,دائرة,1,البشير المطوي,,مريم البكوش؛ليد بن جديدية,2,3,سفيان العرابي,كريمة الغزواني,,,مدني,,,10-7 الاختصاص الترابي النوعي يهم النظام العام,قرار تعقيبي عدد 20567 بتاريخ 13 جويلية 2020 صادر عن الدائرة المدنية الأولى المتركبة من رئيسها السيد البشير المطوي وعضوية المستشارين السيدة مريم البكوش والسيد وليد بن جديدية وبحضور المدعي العام السيد سفيان العرابي وبمساعدة كاتبة الجلسة السيدة كريمة الغزواني.,2020,263,265,,4244,,,,,,digests/txt/2020-064.txt,,,
2020-121,digest,99114,,2020-07-14,2020,07,محكمة التعقيب,تونس,دائرة,,المنذر اللومي,,عادل بوصفارة؛هناء سحنون,2,3,لمياء بن اسماعيل,جلال العنتير,,,جزائي,,,5-2-11 التصريح بالحكم الجنائي في كتابة المحكمة وفي غياب لائحة الحكم اجراء غير وجوبي,قرار تعقيبي عدد 99114 بتاريخ 14 جويلية 2020 صادر الدائرة العشرون برئاسة السيد المنذر اللومي وعضوية المستشارين السيد عادل بوصفارة والسيدة هناء سحنون بمحضر المدعي العام السيدة لمياء بن اسماعيل وبمساعدة كاتب الجلسة السيد جلال العنتير.,2020,352,352,,728,,,,,,digests/txt/2020-121.txt,,,
87942,full_text,87942,,2020-07-14,2020,07,محكمة التعقيب,تونس,دائرة,26,المنجي شلغوم,,عبد القادر غزال؛حمادي الرحماني,2,3,عبد الرحمان بن الحاج جلول,هاجر السلطاني,محكمة الاستئناف بالمنستير,المنستير,جزائي,نقض؛إحالة؛قبول,قرار تعقيبي عدد 87942 بتاريخ 14-07-2020تعطيل حرية الشغل-طريقة التعطيل,,,,,,3,5369,ocr,0.526,http://www.cassation.tn/fileadmin/user_upload/87942.pdf,99459e8a52abd59447f93ad90e4062169d68ebe23e4c7c44df6f8ea202fb0c6f,decisions/pdf/87942.pdf,decisions/txt/87942.txt,,,
2020-122,digest,98618,,2020-07-15,2020,07,محكمة التعقيب,تونس,دائرة,9,عبد المجيد بوريقة,,منذر الهذيلي؛توفيق السويدي,2,3,رياض الغربي,منيرة المانعي,,,جزائي,,,6-2-11 حق الدفاع 1-6-2-11 حق الدفاع في مرحلتي التحقيق والمحاكمة يهم مصلحة المتهم الشرعية وله مرتبة دستورية,قرار تعقيبي عدد 98618 بتاريخ 15 جويلية 2020 صادر عن الدائرة التاسعة برئاسة السيد عبد المجيد بوريقة وعضوية المستشارين السيدين منذر الهذيلي وتوفيق السويدي وبمحضر المدعي العام السيد رياض الغربي وبمساعدة كاتبة الجلسة السيدة منيرة المانعي.,2020,352,355,,4990,,,,,,digests/txt/2020-122.txt,,,
2020-125,digest,10023,,2020-07-24,2020,07,محكمة التعقيب,تونس,دائرة,,منيرة النحالي,,سامية العابد؛سلوى التميمي,2,3,ومساعدة كاتب الجلسة السيد توفيق,توفيق المناصري,,,جزائي,رفض,,8-2-11 تأخير القضية مكتبيا لجلسة غير معينة يستوجب إعادة الاستدعاء,قرار تعقيبي عدد 10023 بتاريخ 24 جويلية 2020 صادر عن عن الدائرة الجزائية الصيفية برئاسة السـيدة منيرة النحالي وعضوية المستشارين السيدة سامية العابد والسيدة سلوى التميمي بحضور المدعي العمومي السيد ومساعدة كاتب الجلسة السيد توفيق المناصري.,2020,357,360,,4471,,,,,,digests/txt/2020-125.txt,,,
2020-005,digest,20113,2020,2020-08-10,2020,08,محكمة التعقيب,تونس,دائرة,,بسمة العبساوي,,مكرم الخذري؛يوسف رمضان,2,3,,احمد عبيد,,,احوال شخصية,,,3-1 تأويل عبارة «في ظل الحياة الزوجية» الواردة بالفصل 31 م أ ش في تقدير التعويض عن الطلاق,قرار تعقيبي عدد 20113.2020بتاريخ 10 أوت 2020 صادر عن الدائرة المدنية برئاسة السيدة بسمة العبساوي وعضوية المستشارين السيد مكرم الخذري والسيد يوسف رمضان وبحضور ممثلة الادعاء العام السيد شاكر التواتي وبمساعدة كاتبة الجلسة السيد احمد عبيد.,2020,87,89,,3656,,,,,,digests/txt/2020-005.txt,,,
2020-065,digest,22294,,2020-08-17,2020,08,محكمة التعقيب,تونس,,,بسمة العبساوي,,يوسف رمضان؛مكرم الخذري,2,3,نوفل البطي,احمد عبيد,,,مدني,,,11-7 ضم القضايا اجراء إداري خلافا للقانون الفرنسي,قرار تعقيبي مدني عدد 22294 بتاريخ 17 أوت 2020 صادر برئاسة السيدة بسمة العبساوي وعضوية المستشارين السيدين يوسف رمضان ومكرم الخذري وبحضور المدعي العام السيد نوفل البطي وبمساعدة كاتب الجلسة السيد أحمد عبيد.,2020,265,266,,1203,,,,,,digests/txt/2020-065.txt,,,
2020-067,digest,24475,2020,2020-08-24,2020,08,محكمة التعقيب,تونس,,,بسمة العبساوي,,يوسف رمضان؛مكرم الخذري,2,3,نوفل البطي,احمد عبيد,محكمة الاستئناف بتونس,تونس,تجاري,,,2-12-7عوارض التنفيذ - تعارض الأحكام القضائية,قرار تعقيبي مدني عدد 24475.2020 بتاريخ 24 أوت 2020 صادر برئاسة السيدة بسمة العبساوي وعضوية المستشارين السيدين يوسف رمضان ومكرم الخذري وبحضور المدعي العام السيد نوفل البطي وبمساعدة كاتب الجلسة السيد أحمد عبيد.,2020,270,275,,9474,,,,,,digests/txt/2020-067.txt,,,
2020-134,digest,767,,2020-08-31,2020,08,محكمة التعقيب,تونس,دائرة,,عبد المجيد بوريقة,,ماهر كنو؛توفيق سويدي,2,3,لطفي البدوي,منيرة المانعي,,,جزائي,,,13-2-11 استجلاب القضية 1-13-2-11 الإستجلاب هو إجراء استثنائي لا يُتوسّع في تطبيقه,قرار تعقيبي عدد 767 بتاريخ 31 أوت 2020 صادر عن عن الدائرة الصيفية برئاسة السيد عبد المجيد بوريقة وعضوية المستشارين السيدين ماهر كنو وتوفيق سويدي بحضور المدعي العام السيد لطفي البدوي وبمساعدة كاتبة الجلسة السيدة منيرة المانعي.,2020,370,371,,1625,,,,,,digests/txt/2020-134.txt,,,
2020-006,digest,23704,,2020-09-23,2020,09,محكمة التعقيب,تونس,دائرة,3,نعيمة رحيم,,عبير الخليفي؛نورة نوري,2,3,,سنية عبداوي,,,احوال شخصية,,,4-1 نفي النسب بناء على التحليل الجيني-الحجية القاطعة للتحليل الجيني,قرار تعقيبي عدد 23704 بتاريخ 23 سبتمبر 2020 صادر عن الدائرة المدنية الثالثة برئاسة السيدة نعيمة رحيم وعضوية المستشارتين السيدة عبير الخليفي والسيدة نورة نوري وبمحضر ممثل الادعاء العمومي السيد كريم المهدي وبمساعدة كاتبة الجلسة السيدة سنية عبداوي.,2020,89,90,,1827,,,,,,digests/txt/2020-006.txt,,,
2020-009,digest,75902/2019,,2020-09-23,2020,09,محكمة التعقيب,تونس,دائرة,4,منصف الكشو,,نجلاء المصمودي؛نجوى الغربي,2,3,حسن بالحاج عبد الله,عائدة اسكندر,,,شغل,,,4-2-2 سقوط حق المطالبة بالأضرار الناجمة عن حوادث الشغل والأمراض المهنية لا يقبل التعليق ولا القطع ما لم يتمسك بالصبغة الشغلية للحادث أو المهنية للضرر.,قرار تعقيبي عدد 75902 / 2019 بتاريخ 23 سبتمبر 2020 صادر عن الدائرة المدنية الرابعة برئاسة السيد السيد منصف الكشو وعضوية المستشارين السيدة نجلاء المصمودي والسيدة نجوى الغربي وبمحضر المدعي العام السيد حسن بالحاج عبد الله وبمساعدة كاتبة الجلسة السيدة عائدة اسكندر.,2020,118,119,,2182,,,,,,digests/txt/2020-009.txt,,,
2020-020,digest,83111/2019,,2020-09-23,2020,09,محكمة التعقيب,تونس,دائرة,4,منصف الكشو,,نجلاء المصمودي؛نجوى الغربي,2,3,حسن بالحاج عبد الله,عائدة اسكندر,,,مدني,,,6-3 المقاصة 1-6-3 تعريف المقاصة وعلاقتها بالمماطلة,قرار تعقيبي عدد 83111 / 2019 بتاريخ 23 سبتمبر 2020 صادر عن الدائرة المدنية الرابعة برئاسة السيد السيد منصف الكشو وعضوية المستشارين السيدة نجلاء المصمودي والسيدة نجوى الغربي وبمحضر المدعي العام السيد حسن بالحاج عبد الله وبمساعدة كاتبة الجلسة السيدة عائدة اسكندر.,2020,138,139,,2090,,,,,,digests/txt/2020-020.txt,,,
2020-069,digest,76762,2019,2020-09-23,2020,09,محكمة التعقيب,تونس,دائرة,3,نعيمة رحيم,,عبير الخليفي نورة نوري,1,2,,سنية عبداوي,,,مدني,,,2-8 العقلة التوقيفية 1-2-8 اجراء العقلة التوقيفية بين يدي المستشفيات لدى المحتسب المكلف بالتصرف وإلا عُدّت باطلة,قرار تعقيبي عدد 76762.2019بتاريخ 23 سبتمبر 2020 صادر عن الدائرة المدنية الثالثة برئاسة السيدة نعيمة رحيم وعضوية المستشارتين السيدتين عبير الخليفي نورة نوري وبمحضر ممثل الادعاء العمومي السيد كريم المهدي وبمساعدة كاتبة الجلسة السيدة سنية عبداوي.,2020,277,278,,2991,,,,,,digests/txt/2020-069.txt,,,
2020-091,digest,10624,,2020-09-28,2020,09,محكمة التعقيب,تونس,دائرة,22,رضا العرعوري,,منيرة حبيب؛كمال بوكثير,2,3,محمد القمودي,,,,جزائي,,,,قرار تعقيبي عدد 10624 بتاريخ 28 سبتمبر 2020 صادر عن الدائرة الجزائية الثانية والعشرون برئاسة السيد رضا العرعوري وعضوية المستشارين السيدين منيرة حبيب وكمال بوكثير وبمحضر المدعي العام السيد محمد القمودي وبمساعدة كاتبة المحكمة السيدة سنية العبداوي.,2020,314,314,,950,,,,,,digests/txt/2020-091.txt,,,
13844,full_text,13844,,2020-09-29,2020,09,محكمة التعقيب,تونس,دائرة,26,المنجي شلغوم,,ابراهيم الحرباوي؛حمادي الرحماني,2,3,عبد الرحمان بن الحاج جلول,هاجر السلطاني,المحكمة الابتدائية بالمنستير,المنستير,جزائي,رفض؛قبول,قرار تعقيبي عدد 13844 بتاريخ 29-09-2020الإتجار في المشروبات الكحولية بدون رخصة-سلطات الضابطة العدلية في حالة التلبّس,,,,,,3,7572,ocr,0.497,http://www.cassation.tn/fileadmin/user_upload/13844.pdf,9747059415a59f6d5e95211654b9b05d5cb7612d01add4516731a53e516031bc,decisions/pdf/13844.pdf,decisions/txt/13844.txt,,,
2020-026,digest,80700,,2020-09-29,2020,09,محكمة التعقيب,تونس,دائرة,32,لمياء الحمامي,,راضية المنتصر؛نفيسة العلاني,2,3,توفيق السبعي,عائدة الحلواني,,,مدني,,,2-2-8-3 المسؤولية التعاقدية المكرسة بمجلة الموانئ البحرية,قرار تعقيبي مدني عدد 80700 بتاريخ 29 سبتمبر 2020 صادر عن الدائرة المدنية الثانية والثلاثين برئاسة السيدة لمياء الحمامي وعضوية المستشارتين السيدتين راضية المنتصر ونفيسة العلاني وبحضور المدعي العام السيد توفيق السبعي وبمساعدة كاتبة الجلسة السيدة عائدة الحلواني.,2020,149,151,,2491,,,,,,digests/txt/2020-026.txt,,,
86710,full_text,86710,,2020-09-29,2020,09,محكمة التعقيب,تونس,دائرة,26,المنجي شلغوم,,ابراهيم الحرباوي؛حمادي الرحماني,2,3,عبد الرحمان بن الحاج جلول,هاجر السلطاني,محكمة الاستئناف بالمنستير,المنستير,جزائي,نقض؛إحالة؛قبول,قرار تعقيبي عدد 86710 بتاريخ 29-09-2020مجال نظر محكمة الاستئناف عند تعهدها بطعن القائم بالحق الشخصي وحده,,,,,,2,3286,ocr,0.51,http://www.cassation.tn/fileadmin/user_upload/86710.pdf,592cd259d3d2fa0fc35a5acbe4b15d0ba10f126f809e71fcb514ea1a7027b141,decisions/pdf/86710.pdf,decisions/txt/86710.txt,,,
87465,full_text,87465,,2020-09-29,2020,09,محكمة التعقيب,تونس,دائرة,26,المنجي شلغوم,,ابراهيم الحرباوي؛حمادي الرحماني,2,3,عبد الرحمان بن الحاج جلول,هاجر السلطانى,المحكمة الابتدائية بتونس,تونس,جزائي,نقض؛إحالة؛قبول,قرارا تعقيبي عدد 87465 بتاريخ 29-09-2020يجب أن يكون الحكم دالا على ثبوت الجريمة أو نفيها بدلالات قاطعة مستمدة مما له أصل ثابت بالملف,,,,,,2,4465,ocr,0.46,http://www.cassation.tn/fileadmin/user_upload/87465.pdf,eb4d09cf9690517986ac2bde7e6ed0a4b753462fd22ce7d93588debd195260ac,decisions/pdf/87465.pdf,decisions/txt/87465.txt,,,
2020-011,digest,70947/2018,,2020-09-30,2020,09,محكمة التعقيب,تونس,دائرة,4,منصف الكشو,,نجوى الغربي؛محمد معز العروسي,2,3,حسن بالحاج عبد الله,عائدة اسكندر,,,مدني,,,2-1-1-3 تعريف العقد-أركان التعاقد-التوافق والتقاء ارادتين في تكوين العقد,قرار تعقيبي عدد 70947/ 2018 بتاريخ 30 سبتمبر 2020 صادر عن الدائرة المدنية الرابعة برئاسة السيد السيد منصف الكشو وعضوية المستشارين السيدة نجوى الغربي والسيد محمد معز العروسي وبمحضر المدعي العام السيد حسن بالحاج عبد الله وبمساعدة كاتبة الجلسة السيدة عائدة اسكندر.,2020,120,121,,2102,,,,,,digests/txt/2020-011.txt,,,
2020-033,digest,21196,,2020-09-30,2020,09,محكمة التعقيب,تونس,دائرة,3,نعيمة رحيم,,عبير الخليفي؛نورة نوري,2,3,,سنية عبداوي,,,مدني,,,9-4 أسباب اكتساب ملكية العقار-الفصل 22 من م. ح. ع.,قرار تعقيبي عدد 21196 بتاريخ 30 سبتمبر 2020 صادر عن الدائرة المدنية الثالثة برئاسة السيدة نعيمة رحيم وعضوية المستشارتين السيدة عبير الخليفي والسيدة نورة نوري وبمحضر ممثل الادعاء العمومي السيد كريم المهدي وبمساعدة كاتبة الجلسة السيدة سنية عبداوي.,2020,169,171,,3761,,,,,,digests/txt/2020-033.txt,,,
2020-053,digest,22013/2020,,2020-09-30,2020,09,محكمة التعقيب,تونس,دائرة,4,منصف الكشو,,نجوى الغربي؛محمد معز العروسي,2,3,حسن بالحاج عبد الله,عائدة اسكندر,,,مدني,,,2-6 التأمين 1-2-6 سقوط الدعوى بمرور الزمن للقيام خارج أجل العامين المنصوص عليه بالفصل 14 من مجلة التأمين,قرار تعقيبي عدد 22013 / 2020 بتاريخ 30 سبتمبر 2020 صادر عن الدائرة المدنية الرابعة برئاسة السيد السيد منصف الكشو وعضوية المستشارين السيدة نجوى الغربي والسيد محمد معز العروسي وبمحضر المدعي العام السيد حسن بالحاج عبد الله وبمساعدة كاتبة الجلسة السيدة عائدة اسكندر.,2020,244,244,,1165,,,,,,digests/txt/2020-053.txt,,,
2020-055,digest,24228/2020,,2020-09-30,2020,09,محكمة التعقيب,تونس,دائرة,4,منصف الكشو,,نجوى الغربي؛محمد معز العروسي,2,3,حسن بالحاج عبد الله,عائدة اسكندر,,,مدني,,,وجاهتها.» - 7 إجراءات مدنية وتجارية 1-7 الإخلال بالنزاهة في إجراءات التقاضي عند التمسك بالصفة بالطور التعقيبي,قرار تعقيبي عدد 24228 / 2020 بتاريخ 30 سبتمبر 2020 صادر عن الدائرة المدنية الرابعة برئاسة السيد السيد منصف الكشو وعضوية المستشارين السيدة نجوى الغربي والسيد محمد معز العروسي وبمحضر المدعي العام السيد حسن بالحاج عبد الله وبمساعدة كاتبة الجلسة السيدة عائدة اسكندر.,2020,246,248,,3438,,,,,,digests/txt/2020-055.txt,,,
2020-057,digest,71919/2019,,2020-09-30,2020,09,محكمة التعقيب,تونس,دائرة,4,منصف الكشو,,نجوى الغربي؛محمد معز العروسي,2,3,حسن بالحاج عبد الله,عائدة اسكندر,,,مدني,,,4-7 إعادة النشر 1-4-7 إجراءات إعادة النشر والمراكز القانونية للأطراف,قرار تعقيبي عدد ـ71919 / 2019 بتاريخ 30 سبتمبر 2020 صادر عن الدائرة المدنية الرابعة برئاسة السيد السيد منصف الكشو وعضوية المستشارين السيدة نجوى الغربي والسيد محمد معز العروسي وبمحضر المدعي العام السيد حسن بالحاج عبد الله وبمساعدة كاتبة الجلسة السيدة عائدة اسكندر.,2020,251,252,,2253,,,,,,digests/txt/2020-057.txt,,,
2020-073,digest,80379,,2020-09-30,2020,09,محكمة التعقيب,تونس,دائرة,4,منصف الكشو,,نجلاء المصمودي؛نجوى الغربي,2,3,حسن بالحاج عبد الله,عائدة اسكندر,,,مدني,,,2-10 التجريح في المُحكّم ينزع عنه كل ولاية إلى حين البت في مآل التجريح,قرار تعقيبي عدد 80379 بتاريخ 30 سبتمبر 2020 صادر عن الدائرة المدنية الرابعة برئاسة السيد السيد منصف الكشو وعضوية المستشارين السيدة نجلاء المصمودي والسيدة نجوى الغربي وبمحضر المدعي العام السيد حسن بالحاج عبد الله وبمساعدة كاتبة الجلسة السيدة عائدة اسكندر.,2020,286,287,,2284,,,,,,digests/txt/2020-073.txt,,,
2020-074,digest,24228/2020,,2020-09-30,2020,09,محكمة التعقيب,تونس,دائرة,4,منصف الكشو,,نجوى الغربي؛محمد معز العروسي,2,3,حسن بالحاج عبد الله,عائدة اسكندر,,,مدني,,,3-10 التخلي عن الشرط التحكيمي للطبيعة الارادية للتحكيم,قرار تعقيبي عدد 24228 / 2020 بتاريخ 30 سبتمبر 2020 صادر عن الدائرة المدنية الرابعة برئاسة السيد السيد منصف الكشو وعضوية المستشارين السيدة نجوى الغربي والسيد محمد معز العروسي وبمحضر المدعي العام السيد حسن بالحاج عبد الله وبمساعدة كاتبة الجلسة السيدة عائدة اسكندر.,2020,287,288,,1109,,,,,,digests/txt/2020-074.txt,,2020-055,repeat_of:2020-055
2020-087,digest,13777,,2020-09-30,2020,09,محكمة التعقيب,تونس,دائرة,9,عبد المجيد بوريقة,,منذر الهذيلي؛توفيق السويدي,2,3,رياض الغربي,منيرة المانعي,,,جزائي,,,3-12-1-11 الضرب والجرح الواقع عمدا بدون قصد القتل والذي نتج عنه الموت-أركان قانونية,قرار تعقيبي عدد 13777 بتاريخ 30 سبتمبر 2020 صادر عن الدائرة التاسعة برئاسة السيد عبد المجيد بوريقة وعضوية المستشارين السيدين منذر الهذيلي وتوفيق السويدي بمحضر المدعي العام السيد رياض الغربي وبمساعدة كاتبة الجلسة منيرة المانعي.,2020,307,309,,3063,,,,,,digests/txt/2020-087.txt,,,
2020-001,digest,457,,2020-10-01,2020,10,محكمة التعقيب,تونس,الدوائر المجتمعة,,,,,0,0,,,,,مدني,,,نشاط محكمة التعقيب I فقه القضاء -أقرارات الدوائر المجتمعة ❍ خطأ بيّن: أجل تقديم مطلب تصحيح الخطأ البين,- قرار صادر عن الدّوائر المجتمعة عدد 457 بتاريخ 1 أكتوبر 2020 «مـن حيث الشكـل:,2020,81,83,,2756,,,,,,digests/txt/2020-001.txt,,,
2020-002,digest,458,,2020-10-01,2020,10,محكمة التعقيب,تونس,الدوائر المجتمعة,,,,,0,0,,,,,جزائي,,,,- قرار صادر عن الدّوائر المجتمعة عدد 458 بتاريخ 1 أكتوبر 2020 «مـن حيـث الشكـل:,2020,83,84,,2336,,,,,,digests/txt/2020-002.txt,,,
68182,full_text,68182,2019,2020-10-03,2020,10,محكمة التعقيب,تونس,دائرة,28,المنصف الحاج علي,,,0,1,,,محكمة الاستئناف بصفاقس,صفاقس,جزائي,نقض؛إحالة؛قبول,قرار تعقيبي عدد 68182 بتاريخ 13 أكتوبر 2020 التمييز بين المعطيات الشخصية المحميّة والمعلومات المتصلة بالحياة العامة,,,,,,5,4376,ocr,0.089,http://www.cassation.tn/fileadmin/user_upload/68182.pdf,550787177539c2139005a48eb5ec06ad5c24aa634ab0e85e445fc561e63932f4,decisions/pdf/68182.pdf,decisions/txt/68182.txt,,,date_mismatch:title=2020-10-13
2020-153,digest,12056,,2020-10-05,2020,10,محكمة التعقيب,تونس,دائرة,22,رضا العرعوري,,منيرة حبيب؛كمال بوكثير,2,3,محمد القمودي,,,,جزائي,,,2-25-2-11 معارضة النائب الثاني للمتهم طلب النائب الأول الرجوع في التعقيب,قرار تعقيبي عدد 12056 وعدد 12057 بتاريخ 5 أكتوبر 2020 صادرين عن الدائرة الثانية والعشرون برئاسة السيد رضا العرعوري وعضوية المستشارين السيدين منيرة حبيب وكمال بوكثير وبمحضر المدعي العام السيد محمد القمودي وبمساعدة كاتبة المحكمة السيدة سنية العبداوي.,2020,389,389,,760,,,,,,digests/txt/2020-153.txt,,,
2020-056,digest,70655,2018,2020-10-06,2020,10,محكمة التعقيب,تونس,دائرة,32,لمياء الحمامي,,راضية المنتصر؛نفيسة العلاني,2,3,توفيق السبعي,عائدة الحلواني,,,مدني,,,3-7 إلتماس إعادة النظر-شروط الطعن بالتماس إعادة النظر,قرار تعقيبي مدني عدد 70655.2018 بتاريخ 6 أكتوبر 2020 صادر عن الدائرة المدنية الثانية والثلاثين برئاسة السيدة لمياء الحمامي وعضوية المستشارتين السيدتين راضية المنتصر ونفيسة العلاني وبحضور المدعي العام السيد توفيق السبعي وبمساعدة كاتبة الجلسة السيدة عائدة الحلواني.,2020,248,250,,4781,,,,,,digests/txt/2020-056.txt,,,
2020-066,digest,22744,2020,2020-10-06,2020,10,محكمة التعقيب,تونس,دائرة,,نجوى الملولي,,مكرم الخذري؛مشكاة سلامة,2,3,فيروز العباسي,عائدة الهمامي,,,مدني,,,12-7 إجراءات التنفيذ 1-12-7 صعوبة تنفيذية تنفيذ على الورثة-الخلف ليس غيرا على معنى قانون اجراءات الصعوبة التنفيذية ولا يجوز له إثارة الصعوبة التنفيذية,قرار تعقيبي عدد 22744.2020 بتاريخ 6 أكتوبر 2020 صادر عن الدائرة المدنية برئاسة السيدة نجوى الملولي وعضوية المستشارين السيدين مكرم الخذري ومشكاة سلامة وبمحضر المدعي العام السيدة فيروز العباسي وبمساعدة كاتبة الجلسة السيدة عائدة الهمامي.,2020,266,270,,5972,,,,,,digests/txt/2020-066.txt,,,
2020-129,digest,2335,,2020-10-06,2020,10,محكمة التعقيب,تونس,دائرة,26,منجي شلغوم,,عبد القادر غزال؛حمادي الرحماني,2,3,عبد الرحمان بن الحاج جلول,هاجر السلطاني,,,جزائي,,,2-11-2-11 عدم استئناف النيابة للحكم الإبتدائي لا يخول لها بعد ذلك الطعن بالتعقيب لانتفاء الصفة,قرار تعقيبي عدد 2335 بتاريخ 6 أكتوبر 2020 صادر عن الدائرة السادسة والعشرين برئاسة السيد منجي شلغوم وعضوية مستشاريها السيدين عبد القادر غزال وحمادي الرحماني بمحضر المدعي العام السيد عبد الرحمان بن الحاج جلول وبمساعدة كاتبة الجلسة السيدة هاجر السلطاني.,2020,365,366,,2197,,,,,,digests/txt/2020-129.txt,2335,2335,
2335,full_text,2335,,2020-10-06,2020,10,محكمة التعقيب,تونس,دائرة,26,منجي شلغوم,,عبد القادر غزال؛حمادي الرحماني,2,3,عبد الرحمان بن الحاج جلول,هاجر السلطاني,المحكمة الابتدائية بتونس,تونس,جزائي,رفض,قرار تعقيبي عدد 2335 بتاريخ 06-10-2020 لا يحق للنيابة العمومية الطعن بالتعقيب طالما لم تكن طرفا في الحكم الإستئنافي,,,,,,2,2897,ocr,0.777,http://www.cassation.tn/fileadmin/user_upload/2335.pdf,9beb2cc15a0d83f168876be80b921b5c8d7a70fb133a16b19b8928b872a15e2a,decisions/pdf/2335.pdf,decisions/txt/2335.txt,,,
54385,full_text,54385,,2020-10-06,2020,10,محكمة التعقيب,تونس,دائرة,26,المنجي شلغوم,,عبد القادر غزال؛حمادي الرحماني,2,3,عبد الرحمان بن الحاج جلول,هاجر السلطاني,محكمة الاستئناف بصفاقس,صفاقس,جزائي,رفض؛قبول,قرار تعقيبي عدد 54385 بتاريخ 06-10-2020جريمة التوريد بدون إعلام الناتج عن التنقيص في بضاعة تحت القيد الديواني هي جريمة حينية,,,,,,3,5128,ocr,0.486,http://www.cassation.tn/fileadmin/user_upload/54385.pdf,7b3839465b4c15873ced0d15330354d9285c0fc856360b46209e901e90952486,decisions/pdf/54385.pdf,decisions/txt/54385.txt,,,
2020-023,digest,24195/2020,,2020-10-07,2020,10,محكمة التعقيب,تونس,دائرة,4,منصف الكشو,,نجوى الغربي؛محمد معز العروسي,2,3,حسن بالحاج عبد الله,عائدة اسكندر,,,مدني,,,8 - 3 المسؤولية 1-8-3 المسؤولية التقصيرية 1-1-8-3 تعريف المسؤولية التقصيرية المبنية على الخطأ,قرار تعقيبي عدد 24195 / 2020 بتاريخ 7 أكتوبر 2020 صادر عن الدائرة المدنية الرابعة برئاسة السيد السيد منصف الكشو وعضوية المستشارين السيدة نجوى الغربي والسيد محمد معز العروسي وبمحضر المدعي العام السيد حسن بالحاج عبد الله وبمساعدة كاتبة الجلسة السيدة عائدة اسكندر.,2020,143,144,,2646,,,,,,digests/txt/2020-023.txt,,,
2020-088,digest,12542,,2020-10-07,2020,10,محكمة التعقيب,تونس,,,عبد المجيد بوريقة,,ماهر كنوو توفيق السويدي,1,2,رياض الغربي,جلال الدين العنتير,,,جزائي,,,4-12-1-11 الضرب الواقع عمدا دون قصد القتل والناجم عنه موت تنفيذا ألوامر رئيس العمل,قرار تعقيبي عدد 12542 بتاريخ 7 أكتوبر 2020 صادر عن الذائرة التاسعة برئاسة السيد عبد المجيد بوريقة وعضوية المستشارين السيدين ماهر كنوو توفيق السويدي بحضور المدعي العام السيد رياض الغربي ومساعدة كاتب الجلسة السيد جلال الدين العنتير.,2020,309,311,,3590,,,,,,digests/txt/2020-088.txt,,,
2020-148,digest,96419,,2020-10-09,2020,10,محكمة التعقيب,تونس,دائرة,29,رياض الامام,,شكري كمون؛سامية العابد,2,3,كريم المهدي,جلال الدين العنتير,,,,,,2-22-2-11 اختلاف في اسم ممثل الإدعاء بين محضر الجلسة ولائحة الحكم - خطأ مادي,قرار تعقيبي عدد 96419 بتاريخ 9 أكتوبر 2020 صادر عن الدائرة التاسعة والعشرون برئاسة السـيد رياض الإمام وعضوية المستشارين السيد شكري كمون والسيدة سامية العابد وبحضور المدعي العمومي السيد كريم المهدي ومساعدة كاتب الجلسة السيد جلال الدين العنتير.,2020,384,384,,754,,,,,,digests/txt/2020-148.txt,,,
2020-075,digest,82567,,2020-10-12,2020,10,محكمة التعقيب,تونس,دائرة,22,رضا العرعوري,,كمال بوكثير,1,2,محمد القمودي,,,,جزائي,,,جديد بما يتعين معه رد المطاعن لعدم وجاهتها.» - 11 قانون جزائي وإجراءات جزائية 1-11 قانون جزائي 1-1-11 كتب الاسقاط لا ثأثير له على وجه الفصل في أصل القضية -استئناس المحكمة بكتب الاسقاط في تقدير العقاب,قرار تعقيبي عدد 82567 بتاريخ 12 أكتوبر2020 صادر عن الدائرة الثانية والعشرون برئاسة السيد رضا العرعوري وعضوية المستشارين السيدين منير وردليتو وكمال بوكثير وبمحضر المدعي العام السيد محمد القمودي وبمساعدة كاتبة المحكمة السيدة سنية العبداوي.,2020,288,290,,3309,,,,,,digests/txt/2020-075.txt,,,
2020-095,digest,89793,,2020-10-12,2020,10,محكمة التعقيب,تونس,دائرة,22,رضا العرعوري,,كمال بوكثير,1,2,محمد القمودي,,,,جزائي,,,2-17-1-11 تعزيز قرينة الحجز,قرار تعقيبي عدد 89793 بتاريخ 12 اكتوبر2020 صادر عن الدائرة الجزائية الثانية والعشرون برئاسة السيد رضا العرعوري وعضوية المستشارين السيدين منير وردليتو وكمال بوكثير وبمحضر المدعي العام السيد محمد القمودي وبمساعدة كاتبة المحكمة السيدة سنية العبداوي.,2020,317,318,,1350,,,,,,digests/txt/2020-095.txt,,,
2020-106,digest,81575,,2020-10-12,2020,10,محكمة التعقيب,تونس,دائرة,22,رضا العرعوري,,كمال بوكثير,1,2,محمد القمودي,,,,جزائي,,,26-1-11 محاولة التنقيب والحفر عن الآثار دون رخصة,قرار تعقيبي عدد 81575 بتاريخ 12 أكتوبر 2020 صادر عن الدائرة الثانية والعشرون برئاسة السيد رضا العرعوري وعضوية المستشارين السيدين منير وردليتو وكمال بوكثير بمحضر المدعي العام السيد محمد القمودي وبمساعدة كاتبة المحكمةالسيدة سنية العبداوي .,2020,330,331,,1885,,,,,,digests/txt/2020-106.txt,,,
2020-016,digest,76651,,2020-10-14,2020,10,محكمة التعقيب,تونس,دائرة,4,منصف الكشو,,نجلاء المصمودي؛نجوى الغربي,2,3,حسن بالحاج عبد الله,عائدة اسكندر,,,مدني,,,2-3-3 التفويت في ذات المبيع عن سوء النية يفتح التعويض على أساس الفصل 631 من م. إ. ع.,قرار تعقيبي عدد 76651 بتاريخ 14 أكتوبر 2020 صادر عن الدائرة المدنية الرابعة برئاسة السيد السيد منصف الكشو وعضوية المستشارين السيدة نجلاء المصمودي والسيدة نجوى الغربي وبمحضر المدعي العام السيد حسن بالحاج عبد الله وبمساعدة كاتبة الجلسة السيدة عائدة اسكندر.,2020,131,133,,2493,,,,,,digests/txt/2020-016.txt,,,
2020-083,digest,14641,,2020-10-16,2020,10,محكمة التعقيب,تونس,دائرة,29,رياض الامام,,شكري كمون؛سامية العابد,2,3,جلال الزواوي,جلال الدين العنتير,,,جزائي,,,9-1-11 إدخال عملة أجنبية صحيحة فقدت قيمتها الإبرائية,قرار تعقيبي عدد14641 بتاريخ 16 اكتوبر2020 صادر عن الدائرة التاسعة والعشرون برئاسة السـيد رياض الإمام وعضوية المستشارين السيد شكري كمون والسيدة سامية العابد بحضور المدعي العمومي السيد جلال الزواوي ومساعدة كاتب الجلسة السيد جلال الدين العنتير.,2020,300,302,,3572,,,,,,digests/txt/2020-083.txt,,,
2020-080,digest,77212,,2020-10-19,2020,10,محكمة التعقيب,تونس,دائرة,22,رضا العرعوري,,كمال بوكثير,1,2,محمد القمودي,,,,جزائي,,,3-7-1-11 الإعتداء على الأخلاق الحميدة بلفت النظر علنا إلى وجود فرصة لرتكاب فجور بتسجيلات سمعية بصرية-امقطع الفيديو المخل بالحياء لم يخرج إلى العلن,قرار تعقيبي عدد 77212 بتاريخ 19 أكتوبر 2020 صادر عن عن الدائرة الجزائية الثانية والعشرون برئاسة السيد رضا العرعوري وعضوية المستشارين السيدين منير وردليتو وكمال بوكثير بمحضر المدعي العام السيد محمد القمودي وبمساعدةكاتبة المحكمة السيدة سنية العبداوي.,2020,297,298,,1713,,,,,,digests/txt/2020-080.txt,,,
2020-052,digest,73389,2019,2020-10-20,2020,10,محكمة التعقيب,تونس,دائرة,32,لمياء الحمامي,,راضية المنتصر؛نفيسة العلاني,2,3,توفيق السبعي,عائدة الحلواني,,,تجاري,,,2-1-6 الصفة في المطالبة بالتعويض عن الضرر المادي في عقد الايجار المالي,قرار تعقيبي مدني عدد 73389.2019 بتاريخ 20 أكتوبر 2020 صادر عن الدائرة المدنية الثانية والثلاثين برئاسة السيدة لمياء الحمامي وعضوية المستشارتين السيدتين راضية المنتصر ونفيسة العلاني وبحضور المدعي العام السيد توفيق السبعي وبمساعدة كاتبة الجلسة السيدة عائدة الحلواني.,2020,242,243,,2030,,,,,,digests/txt/2020-052.txt,,,
2020-050,digest,20227,2020,2020-10-21,2020,10,محكمة التعقيب,تونس,دائرة,4,منصف الكشو,,نجوى الغربي؛محمد معز العروسي,2,3,حسن بالحاج عبد الله,عائدة اسكندر,,,مدني,,,8-5 أوراق تجارية 1-8-5 ال يقوم الانذار بالدفع مقام الاحتجاج ولا يمكن الاستعاضة عنه بالانذار-النفاذ العاجل في الكمبيالات-317 و320 م ت-سوء النية لدى حامل الكمبيالة-279 و280 من م. ت.,قرار تعقيبي عدد 20227.2020 بتاريخ 21 أكتوبر 2020 صادر عن الدائرة المدنية الرابعة برئاسة السيد السيد منصف الكشو وعضوية المستشارين السيدة نجوى الغربي والسيد محمد معز العروسي وبمحضر المدعي العام السيد حسن بالحاج عبد الله وبمساعدة كاتبة الجلسة السيدة عائدة اسكندر.,2020,238,241,,6054,,,,,,digests/txt/2020-050.txt,,,
2020-105,digest,90139,,2020-10-21,2020,10,محكمة التعقيب,تونس,,,,,,0,0,,,,,,,,25-1-11 توصيف الأفعال بالصبغة الإرهابية,قرار تعقيبي عدد 90139 بتاريخ 21 أكتوبر 2020,2020,330,330,,903,,,,,,digests/txt/2020-105.txt,,,
2020-126,digest,96942,,2020-10-26,2020,10,محكمة التعقيب,تونس,دائرة,22,رضا العرعوري,,كمال بوكثير,1,2,محمد القمودي,,,,جزائي,,,10-2-11 جريمة الشهادة زورا من اختصاص المحكمة الابتدائية,قرار تعقيبي عدد 96942 بتاريخ 26 أكتوبر 2020 صادر عن عن الدائرة الجزائية الثانية والعشرون برئاسة السيد رضا العرعوري وعضوية المستشارين السيدين منير وردليتو وكمال بوكثير وبمحضر المدعي العام السيد محمد القمودي وبمساعدة كاتبة المحكمة السيدة سنية العبداوي.,2020,360,361,,1659,,,,,,digests/txt/2020-126.txt,,,
2020-063,digest,75784,2020,2020-10-27,2020,10,محكمة التعقيب,تونس,دائرة,,نجوى الملولي,,مكرم الخذري؛مشكاة سلامة,2,3,فيروز العباسي,عائدة الهمامي,,,مدني,,,9-7 الاختتصاص الحكمي-الاختصاص الحكمي في نزاعات الكتائب التكميلية يرتبط بقيمة الكتب الأصلي,قرار تعقيبي عدد 75784.2020 بتاريخ 27 أكتوبر 2020 صادر عن الدائرة المدنية برئاسة السيدة نجوى الملولي وعضوية المستشارين السيدين مكرم الخذري ومشكاة سلامة وبمحضر المدعي العام السيدة فيروز العباسي وبمساعدة كاتبة الجلسة السيدة عائدة الهمامي.,2020,262,263,,2138,,,,,,digests/txt/2020-063.txt,,,
2020-030,digest,81189,,2020-10-28,2020,10,محكمة التعقيب,تونس,دائرة,4,منصف الكشو,,نجلاء المصمودي؛نجوى الغربي,2,3,حسن بالحاج عبد الله,عائدة اسكندر,,,عقاري,,,3 - 4 الترسيم بالسجل العقاري يكرس حماية قانونية للمالكين من كل عمل يمس بحقوقهم,قرار تعقيبي عدد 81189 بتاريخ 28 أكتوبر 2020 صادر عن الدائرة المدنية الرابعة برئاسة السيد السيد منصف الكشو وعضوية المستشارين السيدة نجلاء المصمودي والسيدة نجوى الغربي وبمحضر المدعي العام السيد حسن بالحاج عبد الله وبمساعدة كاتبة الجلسة السيدة عائدة اسكندر.,2020,157,160,,4043,,,,,,digests/txt/2020-030.txt,,,
2020-008,digest,22037,,2020-10-31,2020,10,محكمة التعقيب,تونس,دائرة,3,نعيمة رحيم,,عبير الخليفي؛نورة نوري,2,3,,سنية عبداوي,,,شغل,,,3-2-2 سقوط المطالبة بمساهمات الصندوق بعد مضي أجل عام من انهاء عقد الشغل على معنى الفصل 111 مكرر من القانون عدد 38 لسنة 1988 المتعلق بتنظيم انظمة الضمان الاجتماعي-أجل تقادم.,قرار تعقيبي عدد 22037 بتاريخ 31 أكتوبر2020 صادر عن الدائرة المدنية الثالثة برئاسة السيدة نعيمة رحيم وعضوية المستشارتين السيدة عبير الخليفي والسيدة نورة نوري وبمحضر ممثل الادعاء العمومي السيد كريم المهدي وبمساعدة كاتبة الجلسة السيدة سنية عبداوي.,2020,116,117,,2209,,,,,,digests/txt/2020-008.txt,,,
2020-103,digest,86197,,2020-11-04,2020,11,محكمة التعقيب,تونس,دائرة,9,عبد المجيد بوريقة,,منذر الهذيلي؛توفيق السويدي,2,3,رياض الغربي,منيرة المانعي,,,جزائي,,,2-23-1-11 التزوج بثانية يقتضي زواج أول صحيح وزواج ثان إحترم شكلية العقد أو لم يحترمها,قرار تعقيبي عدد 86197 بتاريخ 4 نوفمبر 2020 صادر عن الدائرة التاسعة برئاسة السيد عبد المجيد بوريقة وعضوية المستشارين السيدين منذر الهذيلي وتوفيق السويدي بمحضر المدعي العام السيد رياض الغربي وبمساعدة كاتبة الجلسة السيدة منيرة المانعي.,2020,327,328,,2281,,,,,,digests/txt/2020-103.txt,,,
2020-138,digest,90034,,2020-11-04,2020,11,محكمة التعقيب,تونس,دائرة,9,عبد المجيد بوريقة,,منذر الهذيلي؛توفيق السويدي,2,3,رياض الغربي,منيرة المانعي,,,جزائي,,,16-2-11 الحكم بعدم سماع الدعوى لإتصال القضاء هو منطوق مغلوط للحكم,قرار تعقيبي عدد 90034 بتاريخ 4 نوفمبر 2020 صادر عن عن الدائرة التاسعة برئاسة السيد عبد المجيد بوريقة وعضوية المستشارين السيدين منذر الهذيلي وتوفيق السويدي بمحضر المدعي العام السيد رياض الغربي وبمساعدة كاتبة الجلسة السيدة منيرة المانعي.,2020,376,377,,986,,,,,,digests/txt/2020-138.txt,,,
2020-093,digest,16960,,2020-11-06,2020,11,محكمة التعقيب,تونس,دائرة,29,رياض الامام,,شكري كمون؛سامية العابد,2,3,جلال الزواوي,جلال العنتير,,,جزائي,,,والثلاثين برئاسة السيدة زكية الماجري وعضوية مستشاريها السيدين عادل الأخضر وسامي الهاني بمحضر المدعي العام السيدة لطيفة العرفاوي وبمساعدة كاتب الجلسة السيد علي العمراوي. 16-1-11 التّخفيف من العقوبة دون النّزول بها درجة أو درجتين في سلم العقوبات لا يوجب بالتبرير,قرار تعقيبي عدد 16960 بتاريخ 6 نوفمبر 2020 صادر عن الدائرة التاسعة والعشرين برئاسة السيد رياض الامام وعضوية المستشارين السيد شكري كمون والسيدة سامية العابد بحضور المدعي العام السيد جلال الزواوي وبمساعدة كاتب الجلسة السيد جلال العنتير.,2020,315,316,,2078,,,,,,digests/txt/2020-093.txt,,,
2020-082,digest,86882,,2020-11-09,2020,11,محكمة التعقيب,تونس,دائرة,13,رجاء الفخفاخ,,زهير الحسني؛شفيقة الحجلاوي,2,3,,هاجر السلطاني,,,جزائي,,,8-1-11 وسائل تعطيل حرية العمل محددة حصرا لا وجود فيها لوسيلة التهديد المعنوي,قرار تعقيبي عدد 86882 بتاريخ 09 نوفمبر 2020 صادر عن الدائرة الثالثة عشرة برئاسة السيدة رجاء الفخفاخ وعضوية المستشارين السيد زهير الحسني والسيدة شفيقة الحجلاوي وبحضور ممثلة النيابة العمومية السيدة ليلى الشابي وبمساعدة كاتبة الجلسة السيدة هاجر السلطاني.,2020,299,300,,2012,,,,,,digests/txt/2020-082.txt,,,
2020-041,digest,20750,2020,2020-11-10,2020,11,محكمة التعقيب,تونس,دائرة,,نجوى الملولي,,مكرم الخذري؛مشكاة سلامة,2,3,فيروز العباسي,عائدة الهمامي,,,تجاري,,,5-5 ملكية صناعية 1-5-5 جواز استعمال التسمية الجغرافية كصفة تمييزية لعلامة تجارية أو علامة صناعية أو علامة خدمة,قرار تعقيبي عدد20750.2020بتاريخ10نوفمبر2020صادر عن الدائرة المدنية برئاسة السيدة نجوى الملولي وعضوية المستشارين السيدين مكرم الخذري ومشكاة سلامة وبمحضر المدعي العام السيدة فيروز العباسي وبمساعدة كاتبة الجلسة السيدة عائدة الهمامي .,2020,191,204,,22770,,,,,,digests/txt/2020-041.txt,,,
2020-163,digest,99233,,2020-11-13,2020,11,محكمة التعقيب,تونس,دائرة,29,رياض الامام,,شكري كمون؛سامية العابد,2,3,كريم المهدي,جلال الدين العنتير,,,جزائي,,,31-2-11 أطفال 1-31-2-11 العبرة في اعتبار المتهم طفلا هو سنه زمن ارتكاب الجريمة وتطبق عليه الأحكام الخاصة بالطفولة الجانحة ولو بلغ سن الرشد أثناء نشر القضية,قرار تعقيبي عدد 99233 بتاريخ 13 نوفمبر 2020 صادر عن عن الدائرة التاسعة والعشرون برئاسة السـيد رياض الإمام وعضوية المستشارين السيد شكري كمون والسيدة سامية العابد وبحضور المدعي العمومي السيد كريم المهدي ومساعدة كاتب الجلسة السيد جلال الدين العنتير.,2020,400,401,,1275,,,,,,digests/txt/2020-163.txt,,,
2020-104,digest,40250,,2020-11-18,2020,11,محكمة التعقيب,تونس,دائرة,9,عبد المجيد بوريقة,,منذر الهذيلي؛توفيق السويدي,2,3,رياض الغربي,منيرة المانعي,,,جزائي,,,24-1-11 القتل على وجه الخطأ نتيجة حادث مرور والفرار إثره للتفصي من المسؤولية الجزائية والمدنية,قرار تعقيبي عدد 40250 بتاريخ 18 نوفمبر 2020 صادر عن الدائرة التاسعة برئاسة السيد عبد المجيد بوريقة وعضوية المستشارين السيدين منذر الهذيلي وتوفيق السويدي بمحضر المدعي العام السيد رياض الغربي وبمساعدة كاتبة الجلسة السيدة منيرة المانعي.,2020,328,329,,2008,,,,,,digests/txt/2020-104.txt,,,
2020-173,digest,91943,,2020-11-25,2020,11,محكمة التعقيب,تونس,دائرة,9,عبد المجيد بوريقة,,منذر الهذيلي؛توفيق السويدي,2,3,رياض الغربي,منيرة المانعي,محكمة الاستئناف بتونس,تونس,جزائي,,,36--2-11 المكلف العام ينوب المؤسسات التي لم يسند لها القانون حق تمثيل نفسها,قرار تعقيبي عدد 91943 بتاريخ 25 نوفمبر 2020 صادر عن الدائرة التاسعة برئاسة السيد عبد المجيد بوريقة وعضوية المستشارين السيدين منذر الهذيلي وتوفيق السويدي بمحضر المدعي العام السيد رياض الغربي وبمساعدة كاتبة الجلسة السيدة منيرة المانعي.,2020,413,448,,47043,,,,,,digests/txt/2020-173.txt,,,
2019-108,digest,23,,,,,محكمة التعقيب,تونس,دائرة,4,المنصف الكشو,,نجوى الغربي؛معز العروسي,2,3,حسن بالحاج عبد االله,عائدة اسكندر,,,تجاري,,,المطعون فيه وبات بالتالي الطعن غير وجيه ويتعين رده.» -5-3-5تطبيق القانون التجاري على المؤسسات التي تملك الدولة جزءا من رأسمالها,قرار تعقيبي عدد 23 62132.2018 بتاريخ أكتوبر 2019 صادر عن الدائرة المدنية الرابعة برئاسة السيد المنصف الكشو وعضوية المستشارين السيدة نجوى الغربي والسيد معز العروسي بمحضر المدعي العام السيد حسن بالحاج عبد االله وبمساعدة كاتبة الجلسة السيدة عائدة اسكندر.,2019,330,331,,2337,,,,,,digests/txt/2019-108.txt,,,
